-- MySQL dump 10.13  Distrib 8.0.32, for Win64 (x86_64)
--
-- Host: localhost    Database: iu_db
-- ------------------------------------------------------
-- Server version	8.0.32

/*!40101 SET @OLD_CHARACTER_SET_CLIENT=@@CHARACTER_SET_CLIENT */;
/*!40101 SET @OLD_CHARACTER_SET_RESULTS=@@CHARACTER_SET_RESULTS */;
/*!40101 SET @OLD_COLLATION_CONNECTION=@@COLLATION_CONNECTION */;
/*!50503 SET NAMES utf8 */;
/*!40103 SET @OLD_TIME_ZONE=@@TIME_ZONE */;
/*!40103 SET TIME_ZONE='+00:00' */;
/*!40014 SET @OLD_UNIQUE_CHECKS=@@UNIQUE_CHECKS, UNIQUE_CHECKS=0 */;
/*!40014 SET @OLD_FOREIGN_KEY_CHECKS=@@FOREIGN_KEY_CHECKS, FOREIGN_KEY_CHECKS=0 */;
/*!40101 SET @OLD_SQL_MODE=@@SQL_MODE, SQL_MODE='NO_AUTO_VALUE_ON_ZERO' */;
/*!40111 SET @OLD_SQL_NOTES=@@SQL_NOTES, SQL_NOTES=0 */;

--
-- Table structure for table `address`
--

DROP TABLE IF EXISTS `address`;
/*!40101 SET @saved_cs_client     = @@character_set_client */;
/*!50503 SET character_set_client = utf8mb4 */;
CREATE TABLE `address` (
  `address_ID` int NOT NULL,
  `region_ID` int DEFAULT NULL,
  `country_ID` int DEFAULT NULL,
  `city_ID` int DEFAULT NULL,
  `street` varchar(100) DEFAULT NULL,
  `unit` varchar(100) DEFAULT NULL,
  `address_description` varchar(255) DEFAULT NULL,
  PRIMARY KEY (`address_ID`),
  KEY `region_ID` (`region_ID`),
  KEY `country_ID` (`country_ID`),
  KEY `city_ID` (`city_ID`),
  CONSTRAINT `address_ibfk_1` FOREIGN KEY (`region_ID`) REFERENCES `region` (`region_ID`),
  CONSTRAINT `address_ibfk_2` FOREIGN KEY (`country_ID`) REFERENCES `country` (`country_ID`),
  CONSTRAINT `address_ibfk_3` FOREIGN KEY (`city_ID`) REFERENCES `city` (`city_ID`)
) ENGINE=InnoDB DEFAULT CHARSET=utf8mb4 COLLATE=utf8mb4_0900_ai_ci;
/*!40101 SET character_set_client = @saved_cs_client */;

--
-- Dumping data for table `address`
--

LOCK TABLES `address` WRITE;
/*!40000 ALTER TABLE `address` DISABLE KEYS */;
INSERT INTO `address` VALUES (1,NULL,NULL,30,NULL,NULL,'8966 International Way'),(2,NULL,NULL,78,NULL,NULL,'3532 Fairview Avenue'),(3,NULL,NULL,139,NULL,NULL,'34 Pankratz Terrace'),(4,NULL,NULL,21,NULL,NULL,'876 Merchant Center'),(5,NULL,NULL,119,NULL,NULL,'24 Lindbergh Circle'),(6,NULL,NULL,112,NULL,NULL,'8064 Morning Street'),(7,NULL,NULL,188,NULL,NULL,'82 Novick Center'),(8,NULL,NULL,20,NULL,NULL,'166 Daystar Way'),(9,NULL,NULL,110,NULL,NULL,'807 Dunning Parkway'),(10,NULL,NULL,133,NULL,NULL,'905 Continental Way'),(11,NULL,NULL,150,NULL,NULL,'862 Hoepker Street'),(12,NULL,NULL,194,NULL,NULL,'92284 Park Meadow Way'),(13,NULL,NULL,57,NULL,NULL,'70545 Bunting Place'),(14,NULL,NULL,94,NULL,NULL,'4214 Farragut Way'),(15,NULL,NULL,198,NULL,NULL,'98 Forster Drive'),(16,NULL,NULL,105,NULL,NULL,'5 Randy Drive'),(17,NULL,NULL,87,NULL,NULL,'9299 Kropf Terrace'),(18,NULL,NULL,90,NULL,NULL,'9 Hudson Street'),(19,NULL,NULL,119,NULL,NULL,'2 Dovetail Crossing'),(20,NULL,NULL,176,NULL,NULL,'0 Holmberg Drive'),(21,NULL,NULL,59,NULL,NULL,'6 Scoville Center'),(22,NULL,NULL,145,NULL,NULL,'9 Cody Park'),(23,NULL,NULL,189,NULL,NULL,'308 Carioca Street'),(24,NULL,NULL,80,NULL,NULL,'06215 Upham Crossing'),(25,NULL,NULL,79,NULL,NULL,'991 Pond Place'),(26,NULL,NULL,180,NULL,NULL,'5149 Weeping Birch Junction'),(27,NULL,NULL,177,NULL,NULL,'09 3rd Plaza'),(28,NULL,NULL,25,NULL,NULL,'532 Welch Avenue'),(29,NULL,NULL,180,NULL,NULL,'512 Sugar Drive'),(30,NULL,NULL,11,NULL,NULL,'59 Center Lane'),(31,NULL,NULL,191,NULL,NULL,'4139 Talmadge Trail'),(32,NULL,NULL,94,NULL,NULL,'57 Fair Oaks Place'),(33,NULL,NULL,2,NULL,NULL,'343 Brentwood Road'),(34,NULL,NULL,159,NULL,NULL,'02107 Dakota Park'),(35,NULL,NULL,163,NULL,NULL,'4 Grim Plaza'),(36,NULL,NULL,13,NULL,NULL,'318 Maryland Trail'),(37,NULL,NULL,167,NULL,NULL,'2 Birchwood Terrace'),(38,NULL,NULL,190,NULL,NULL,'31300 Delladonna Avenue'),(39,NULL,NULL,8,NULL,NULL,'03 Coleman Terrace'),(40,NULL,NULL,185,NULL,NULL,'68791 Monument Trail'),(41,NULL,NULL,35,NULL,NULL,'95 Green Ridge Pass'),(42,NULL,NULL,166,NULL,NULL,'0 Bartillon Terrace'),(43,NULL,NULL,114,NULL,NULL,'0264 Sycamore Circle'),(44,NULL,NULL,69,NULL,NULL,'27 Rigney Center'),(45,NULL,NULL,100,NULL,NULL,'69 Sullivan Pass'),(46,NULL,NULL,18,NULL,NULL,'1 Dovetail Terrace'),(47,NULL,NULL,179,NULL,NULL,'8 Del Sol Lane'),(48,NULL,NULL,123,NULL,NULL,'0 Amoth Point'),(49,NULL,NULL,69,NULL,NULL,'74944 Forster Hill'),(50,NULL,NULL,88,NULL,NULL,'9 Summer Ridge Drive'),(51,NULL,NULL,103,NULL,NULL,'471 Valley Edge Lane'),(52,NULL,NULL,41,NULL,NULL,'24460 Banding Place'),(53,NULL,NULL,50,NULL,NULL,'3350 Sugar Hill'),(54,NULL,NULL,177,NULL,NULL,'1001 Bartillon Center'),(55,NULL,NULL,137,NULL,NULL,'32134 3rd Place'),(56,NULL,NULL,54,NULL,NULL,'80811 Corscot Court'),(57,NULL,NULL,130,NULL,NULL,'435 Mccormick Avenue'),(58,NULL,NULL,15,NULL,NULL,'834 Prairie Rose Road'),(59,NULL,NULL,8,NULL,NULL,'88 Jenna Center'),(60,NULL,NULL,89,NULL,NULL,'984 Bobwhite Avenue'),(61,NULL,NULL,142,NULL,NULL,'9477 Rutledge Parkway'),(62,NULL,NULL,167,NULL,NULL,'91030 Pine View Alley'),(63,NULL,NULL,75,NULL,NULL,'20 Jay Pass'),(64,NULL,NULL,38,NULL,NULL,'2253 Harper Avenue'),(65,NULL,NULL,155,NULL,NULL,'09 Kings Lane'),(66,NULL,NULL,120,NULL,NULL,'3205 Michigan Terrace'),(67,NULL,NULL,179,NULL,NULL,'19 Stone Corner Road'),(68,NULL,NULL,47,NULL,NULL,'5214 Vernon Hill'),(69,NULL,NULL,70,NULL,NULL,'9 David Trail'),(70,NULL,NULL,78,NULL,NULL,'5 Center Court'),(71,NULL,NULL,119,NULL,NULL,'471 Ohio Parkway'),(72,NULL,NULL,4,NULL,NULL,'601 Valley Edge Alley'),(73,NULL,NULL,177,NULL,NULL,'654 Service Place'),(74,NULL,NULL,130,NULL,NULL,'926 Pleasure Drive'),(75,NULL,NULL,93,NULL,NULL,'043 Victoria Center'),(76,NULL,NULL,50,NULL,NULL,'0927 Grayhawk Parkway'),(77,NULL,NULL,105,NULL,NULL,'28232 Melvin Road'),(78,NULL,NULL,20,NULL,NULL,'965 Tennessee Drive'),(79,NULL,NULL,72,NULL,NULL,'481 Vidon Junction'),(80,NULL,NULL,75,NULL,NULL,'520 Hollow Ridge Point'),(81,NULL,NULL,116,NULL,NULL,'428 Kipling Circle'),(82,NULL,NULL,30,NULL,NULL,'0 Twin Pines Terrace'),(83,NULL,NULL,44,NULL,NULL,'00413 Canary Pass'),(84,NULL,NULL,18,NULL,NULL,'5 Sunbrook Terrace'),(85,NULL,NULL,161,NULL,NULL,'251 Holy Cross Place'),(86,NULL,NULL,15,NULL,NULL,'75 8th Lane'),(87,NULL,NULL,75,NULL,NULL,'2 Surrey Lane'),(88,NULL,NULL,17,NULL,NULL,'371 Bayside Pass'),(89,NULL,NULL,153,NULL,NULL,'727 Northview Place'),(90,NULL,NULL,56,NULL,NULL,'901 Longview Court'),(91,NULL,NULL,134,NULL,NULL,'1 Shelley Way'),(92,NULL,NULL,182,NULL,NULL,'4267 Lawn Place'),(93,NULL,NULL,91,NULL,NULL,'74352 Dexter Park'),(94,NULL,NULL,162,NULL,NULL,'0667 Old Gate Avenue'),(95,NULL,NULL,86,NULL,NULL,'9509 Glacier Hill Point'),(96,NULL,NULL,114,NULL,NULL,'96 Arizona Court'),(97,NULL,NULL,151,NULL,NULL,'96 Waywood Avenue'),(98,NULL,NULL,85,NULL,NULL,'64 3rd Pass'),(99,NULL,NULL,178,NULL,NULL,'616 Ramsey Park'),(100,NULL,NULL,26,NULL,NULL,'6396 Barnett Crossing'),(101,NULL,NULL,155,NULL,NULL,'426 Aberg Way'),(102,NULL,NULL,149,NULL,NULL,'0 Mandrake Trail'),(103,NULL,NULL,111,NULL,NULL,'6778 Atwood Park'),(104,NULL,NULL,187,NULL,NULL,'86828 Summit Trail'),(105,NULL,NULL,73,NULL,NULL,'7391 Gerald Street'),(106,NULL,NULL,37,NULL,NULL,'51447 Elmside Drive'),(107,NULL,NULL,33,NULL,NULL,'4459 Sachs Way'),(108,NULL,NULL,53,NULL,NULL,'8198 Sunfield Trail'),(109,NULL,NULL,130,NULL,NULL,'34 Utah Avenue'),(110,NULL,NULL,56,NULL,NULL,'5 Butterfield Trail'),(111,NULL,NULL,151,NULL,NULL,'32377 Carioca Alley'),(112,NULL,NULL,25,NULL,NULL,'602 Village Point'),(113,NULL,NULL,149,NULL,NULL,'14 Reinke Crossing'),(114,NULL,NULL,168,NULL,NULL,'4 Crest Line Center'),(115,NULL,NULL,23,NULL,NULL,'22 Burning Wood Terrace'),(116,NULL,NULL,168,NULL,NULL,'44 Marquette Terrace'),(117,NULL,NULL,106,NULL,NULL,'5987 Brentwood Alley'),(118,NULL,NULL,20,NULL,NULL,'80653 Old Shore Parkway'),(119,NULL,NULL,88,NULL,NULL,'5 Maywood Pass'),(120,NULL,NULL,42,NULL,NULL,'4488 Kensington Place'),(121,NULL,NULL,50,NULL,NULL,'9219 Starling Pass'),(122,NULL,NULL,91,NULL,NULL,'0001 Redwing Parkway'),(123,NULL,NULL,70,NULL,NULL,'466 Bunting Drive'),(124,NULL,NULL,167,NULL,NULL,'4 Transport Court'),(125,NULL,NULL,76,NULL,NULL,'125 Tony Road'),(126,NULL,NULL,70,NULL,NULL,'39306 Morrow Crossing'),(127,NULL,NULL,82,NULL,NULL,'13 Dovetail Street'),(128,NULL,NULL,127,NULL,NULL,'772 Talmadge Plaza'),(129,NULL,NULL,51,NULL,NULL,'97221 Forest Dale Place'),(130,NULL,NULL,183,NULL,NULL,'20902 Bonner Avenue'),(131,NULL,NULL,4,NULL,NULL,'087 Elgar Parkway'),(132,NULL,NULL,106,NULL,NULL,'607 Melrose Plaza'),(133,NULL,NULL,124,NULL,NULL,'1 Annamark Hill'),(134,NULL,NULL,80,NULL,NULL,'1 Graceland Drive'),(135,NULL,NULL,151,NULL,NULL,'0 Lakeland Road'),(136,NULL,NULL,164,NULL,NULL,'08024 Harper Trail'),(137,NULL,NULL,81,NULL,NULL,'114 Cherokee Way'),(138,NULL,NULL,190,NULL,NULL,'9481 Eastwood Drive'),(139,NULL,NULL,169,NULL,NULL,'0414 Aberg Pass'),(140,NULL,NULL,37,NULL,NULL,'8243 Bobwhite Terrace'),(141,NULL,NULL,36,NULL,NULL,'91 Doe Crossing Crossing'),(142,NULL,NULL,40,NULL,NULL,'09006 Sachs Terrace'),(143,NULL,NULL,146,NULL,NULL,'79 Mccormick Plaza'),(144,NULL,NULL,60,NULL,NULL,'3271 Westport Crossing'),(145,NULL,NULL,127,NULL,NULL,'51923 Fuller Hill'),(146,NULL,NULL,58,NULL,NULL,'5437 Waxwing Crossing'),(147,NULL,NULL,129,NULL,NULL,'7184 Haas Way'),(148,NULL,NULL,4,NULL,NULL,'79 Hayes Alley'),(149,NULL,NULL,110,NULL,NULL,'2933 Garrison Park'),(150,NULL,NULL,103,NULL,NULL,'009 Lerdahl Drive'),(151,NULL,NULL,76,NULL,NULL,'36031 Warrior Place'),(152,NULL,NULL,103,NULL,NULL,'9 Dawn Hill'),(153,NULL,NULL,176,NULL,NULL,'458 Hintze Avenue'),(154,NULL,NULL,66,NULL,NULL,'72 Eliot Plaza'),(155,NULL,NULL,1,NULL,NULL,'12689 Browning Alley'),(156,NULL,NULL,11,NULL,NULL,'670 Dapin Center'),(157,NULL,NULL,184,NULL,NULL,'4992 Springview Alley'),(158,NULL,NULL,77,NULL,NULL,'2907 Maywood Road'),(159,NULL,NULL,90,NULL,NULL,'72 Kropf Alley'),(160,NULL,NULL,160,NULL,NULL,'9 Loomis Plaza'),(161,NULL,NULL,135,NULL,NULL,'79 Commercial Park'),(162,NULL,NULL,143,NULL,NULL,'07266 Scofield Point'),(163,NULL,NULL,173,NULL,NULL,'44 Stoughton Road'),(164,NULL,NULL,10,NULL,NULL,'67 Jana Terrace'),(165,NULL,NULL,120,NULL,NULL,'7801 Elgar Road'),(166,NULL,NULL,50,NULL,NULL,'7622 Becker Center'),(167,NULL,NULL,108,NULL,NULL,'1 North Parkway'),(168,NULL,NULL,128,NULL,NULL,'3827 Bonner Hill'),(169,NULL,NULL,40,NULL,NULL,'28 Bay Street'),(170,NULL,NULL,35,NULL,NULL,'658 Gale Way'),(171,NULL,NULL,101,NULL,NULL,'601 Hintze Place'),(172,NULL,NULL,25,NULL,NULL,'1 Drewry Center'),(173,NULL,NULL,193,NULL,NULL,'94983 Clyde Gallagher Crossing'),(174,NULL,NULL,173,NULL,NULL,'54035 Service Drive'),(175,NULL,NULL,188,NULL,NULL,'530 Sommers Pass'),(176,NULL,NULL,59,NULL,NULL,'8170 Express Center'),(177,NULL,NULL,82,NULL,NULL,'6683 Dorton Circle'),(178,NULL,NULL,65,NULL,NULL,'39956 Redwing Plaza'),(179,NULL,NULL,2,NULL,NULL,'878 Mayer Alley'),(180,NULL,NULL,57,NULL,NULL,'4676 Judy Trail'),(181,NULL,NULL,114,NULL,NULL,'10 Fairview Terrace'),(182,NULL,NULL,194,NULL,NULL,'040 Shoshone Parkway'),(183,NULL,NULL,19,NULL,NULL,'2 Calypso Park'),(184,NULL,NULL,133,NULL,NULL,'00861 Sugar Court'),(185,NULL,NULL,48,NULL,NULL,'263 Pepper Wood Circle'),(186,NULL,NULL,62,NULL,NULL,'4 8th Court'),(187,NULL,NULL,114,NULL,NULL,'96 Montana Trail'),(188,NULL,NULL,118,NULL,NULL,'55 Duke Road'),(189,NULL,NULL,103,NULL,NULL,'01514 Memorial Drive'),(190,NULL,NULL,55,NULL,NULL,'311 Grover Circle'),(191,NULL,NULL,19,NULL,NULL,'6 Ridge Oak Court'),(192,NULL,NULL,188,NULL,NULL,'1727 Grasskamp Point'),(193,NULL,NULL,160,NULL,NULL,'04 School Street'),(194,NULL,NULL,54,NULL,NULL,'6 Spaight Lane'),(195,NULL,NULL,4,NULL,NULL,'6917 Buell Way'),(196,NULL,NULL,7,NULL,NULL,'941 Mifflin Lane'),(197,NULL,NULL,46,NULL,NULL,'67 Bluejay Junction'),(198,NULL,NULL,128,NULL,NULL,'45066 Pine View Junction'),(199,NULL,NULL,129,NULL,NULL,'1 Dryden Way'),(200,NULL,NULL,140,NULL,NULL,'7 Walton Parkway');
/*!40000 ALTER TABLE `address` ENABLE KEYS */;
UNLOCK TABLES;

--
-- Table structure for table `amenity`
--

DROP TABLE IF EXISTS `amenity`;
/*!40101 SET @saved_cs_client     = @@character_set_client */;
/*!50503 SET character_set_client = utf8mb4 */;
CREATE TABLE `amenity` (
  `amenity_ID` int NOT NULL,
  `amenity_type` int DEFAULT NULL,
  `amenity_name` varchar(100) DEFAULT NULL,
  `amenity_description` varchar(255) DEFAULT NULL,
  `amenity_media` varchar(255) DEFAULT NULL,
  `property_ID` int DEFAULT NULL,
  PRIMARY KEY (`amenity_ID`),
  KEY `property_ID` (`property_ID`),
  CONSTRAINT `amenity_ibfk_1` FOREIGN KEY (`property_ID`) REFERENCES `property` (`property_ID`)
) ENGINE=InnoDB DEFAULT CHARSET=utf8mb4 COLLATE=utf8mb4_0900_ai_ci;
/*!40101 SET character_set_client = @saved_cs_client */;

--
-- Dumping data for table `amenity`
--

LOCK TABLES `amenity` WRITE;
/*!40000 ALTER TABLE `amenity` DISABLE KEYS */;
INSERT INTO `amenity` VALUES (1,12,'Iron','Brand New','.../amenity/picture_library',63),(2,8,'Wifi','Does the job','.../amenity/picture_library',115),(3,2,'Dedicated Workspace','Excellent','.../amenity/picture_library',75),(4,6,'Hair Dryer','Newly Installed','.../amenity/picture_library',79),(5,6,'Dedicated Workspace','Brand New','.../amenity/picture_library',122),(6,9,'Kitchen','Very good working condition','.../amenity/picture_library',181),(7,8,'Kitchen','Does the job','.../amenity/picture_library',140),(8,1,'Hair Dryer','Newly Installed','.../amenity/picture_library',105),(9,10,'Heating','Newly Installed','.../amenity/picture_library',158),(10,10,'Kitchen','Very good working condition','.../amenity/picture_library',92),(11,7,'Kitchen','Very good working condition','.../amenity/picture_library',19),(12,12,'Iron','Does the job','.../amenity/picture_library',60),(13,7,'Kitchen','Brand New','.../amenity/picture_library',158),(14,8,'Iron','Excellent','.../amenity/picture_library',85),(15,8,'Iron','Brand New','.../amenity/picture_library',105),(16,9,'TV','Does the job','.../amenity/picture_library',57),(17,9,'Wifi','Does the job','.../amenity/picture_library',136),(18,4,'Iron','Very good working condition','.../amenity/picture_library',43),(19,7,'Heating','Newly Installed','.../amenity/picture_library',11),(20,12,'AC','Does the job','.../amenity/picture_library',21),(21,14,'Dryer','Does the job','.../amenity/picture_library',29),(22,6,'AC','Newly Installed','.../amenity/picture_library',79),(23,7,'Kitchen','Brand New','.../amenity/picture_library',57),(24,4,'Hair Dryer','Does the job','.../amenity/picture_library',182),(25,5,'Iron','Does the job','.../amenity/picture_library',179),(26,11,'Heating','Brand New','.../amenity/picture_library',156),(27,7,'Wifi','Newly Installed','.../amenity/picture_library',196),(28,14,'Wifi','Excellent','.../amenity/picture_library',40),(29,4,'Kitchen','Brand New','.../amenity/picture_library',153),(30,3,'Kitchen','Very good working condition','.../amenity/picture_library',196),(31,1,'Dryer','Very good working condition','.../amenity/picture_library',111),(32,3,'Dedicated Workspace','Newly Installed','.../amenity/picture_library',81),(33,1,'Iron','Excellent','.../amenity/picture_library',141),(34,9,'Washer','Brand New','.../amenity/picture_library',129),(35,3,'Dedicated Workspace','Does the job','.../amenity/picture_library',61),(36,15,'Iron','Brand New','.../amenity/picture_library',122),(37,13,'Dryer','Excellent','.../amenity/picture_library',96),(38,12,'TV','Very good working condition','.../amenity/picture_library',89),(39,2,'AC','Excellent','.../amenity/picture_library',153),(40,7,'Washer','Newly Installed','.../amenity/picture_library',147),(41,3,'Wifi','Very good working condition','.../amenity/picture_library',71),(42,12,'Dedicated Workspace','Very good working condition','.../amenity/picture_library',177),(43,15,'Dryer','Very good working condition','.../amenity/picture_library',60),(44,7,'Iron','Does the job','.../amenity/picture_library',106),(45,5,'Kitchen','Excellent','.../amenity/picture_library',164),(46,4,'Iron','Does the job','.../amenity/picture_library',72),(47,10,'TV','Newly Installed','.../amenity/picture_library',86),(48,11,'Heating','Very good working condition','.../amenity/picture_library',12),(49,13,'TV','Newly Installed','.../amenity/picture_library',78),(50,9,'TV','Very good working condition','.../amenity/picture_library',68),(51,13,'Dryer','Brand New','.../amenity/picture_library',60),(52,10,'Washer','Excellent','.../amenity/picture_library',114),(53,3,'Wifi','Very good working condition','.../amenity/picture_library',44),(54,15,'Heating','Excellent','.../amenity/picture_library',45),(55,13,'Wifi','Excellent','.../amenity/picture_library',37),(56,3,'Dryer','Does the job','.../amenity/picture_library',178),(57,15,'Dryer','Very good working condition','.../amenity/picture_library',145),(58,4,'AC','Newly Installed','.../amenity/picture_library',17),(59,2,'Wifi','Brand New','.../amenity/picture_library',57),(60,5,'Heating','Excellent','.../amenity/picture_library',116),(61,13,'AC','Excellent','.../amenity/picture_library',117),(62,1,'Washer','Brand New','.../amenity/picture_library',132),(63,10,'Heating','Newly Installed','.../amenity/picture_library',107),(64,7,'Kitchen','Brand New','.../amenity/picture_library',9),(65,11,'Kitchen','Does the job','.../amenity/picture_library',64),(66,2,'Hair Dryer','Brand New','.../amenity/picture_library',176),(67,3,'Dedicated Workspace','Newly Installed','.../amenity/picture_library',85),(68,11,'Wifi','Brand New','.../amenity/picture_library',71),(69,3,'Wifi','Newly Installed','.../amenity/picture_library',66),(70,8,'AC','Excellent','.../amenity/picture_library',145),(71,2,'Dedicated Workspace','Newly Installed','.../amenity/picture_library',68),(72,9,'Dedicated Workspace','Excellent','.../amenity/picture_library',102),(73,11,'AC','Brand New','.../amenity/picture_library',128),(74,8,'Washer','Brand New','.../amenity/picture_library',133),(75,10,'Wifi','Excellent','.../amenity/picture_library',72),(76,2,'Iron','Does the job','.../amenity/picture_library',199),(77,9,'Washer','Brand New','.../amenity/picture_library',139),(78,10,'Washer','Newly Installed','.../amenity/picture_library',40),(79,3,'Heating','Brand New','.../amenity/picture_library',165),(80,2,'Iron','Excellent','.../amenity/picture_library',6),(81,5,'Wifi','Brand New','.../amenity/picture_library',101),(82,2,'Dryer','Very good working condition','.../amenity/picture_library',69),(83,9,'Iron','Very good working condition','.../amenity/picture_library',170),(84,5,'Wifi','Excellent','.../amenity/picture_library',29),(85,7,'Kitchen','Excellent','.../amenity/picture_library',94),(86,8,'Wifi','Newly Installed','.../amenity/picture_library',52),(87,2,'Dedicated Workspace','Does the job','.../amenity/picture_library',72),(88,5,'Hair Dryer','Brand New','.../amenity/picture_library',51),(89,13,'Hair Dryer','Very good working condition','.../amenity/picture_library',100),(90,13,'AC','Newly Installed','.../amenity/picture_library',119),(91,2,'Kitchen','Very good working condition','.../amenity/picture_library',183),(92,2,'Iron','Excellent','.../amenity/picture_library',17),(93,13,'TV','Brand New','.../amenity/picture_library',10),(94,11,'Kitchen','Very good working condition','.../amenity/picture_library',25),(95,6,'Dedicated Workspace','Very good working condition','.../amenity/picture_library',68),(96,5,'TV','Excellent','.../amenity/picture_library',73),(97,9,'TV','Newly Installed','.../amenity/picture_library',31),(98,7,'Hair Dryer','Excellent','.../amenity/picture_library',35),(99,5,'Dedicated Workspace','Does the job','.../amenity/picture_library',47),(100,11,'Washer','Newly Installed','.../amenity/picture_library',10),(101,5,'Hair Dryer','Does the job','.../amenity/picture_library',11),(102,7,'Dryer','Newly Installed','.../amenity/picture_library',82),(103,1,'Hair Dryer','Brand New','.../amenity/picture_library',144),(104,14,'Iron','Newly Installed','.../amenity/picture_library',185),(105,12,'Washer','Excellent','.../amenity/picture_library',72),(106,11,'Washer','Does the job','.../amenity/picture_library',77),(107,13,'Washer','Very good working condition','.../amenity/picture_library',96),(108,7,'Washer','Excellent','.../amenity/picture_library',106),(109,1,'Kitchen','Does the job','.../amenity/picture_library',191),(110,8,'TV','Newly Installed','.../amenity/picture_library',39),(111,2,'Dedicated Workspace','Newly Installed','.../amenity/picture_library',147),(112,2,'Kitchen','Brand New','.../amenity/picture_library',106),(113,10,'Iron','Very good working condition','.../amenity/picture_library',94),(114,14,'TV','Brand New','.../amenity/picture_library',62),(115,10,'Hair Dryer','Excellent','.../amenity/picture_library',199),(116,5,'Heating','Very good working condition','.../amenity/picture_library',195),(117,11,'Wifi','Excellent','.../amenity/picture_library',58),(118,1,'Iron','Brand New','.../amenity/picture_library',14),(119,8,'AC','Newly Installed','.../amenity/picture_library',193),(120,4,'Hair Dryer','Does the job','.../amenity/picture_library',97),(121,2,'Washer','Excellent','.../amenity/picture_library',20),(122,13,'Washer','Newly Installed','.../amenity/picture_library',117),(123,11,'Hair Dryer','Excellent','.../amenity/picture_library',44),(124,12,'Hair Dryer','Very good working condition','.../amenity/picture_library',186),(125,14,'Dryer','Excellent','.../amenity/picture_library',26),(126,1,'Dryer','Brand New','.../amenity/picture_library',29),(127,12,'Dryer','Excellent','.../amenity/picture_library',77),(128,1,'AC','Does the job','.../amenity/picture_library',185),(129,12,'Heating','Newly Installed','.../amenity/picture_library',115),(130,1,'TV','Very good working condition','.../amenity/picture_library',15),(131,15,'Washer','Excellent','.../amenity/picture_library',154),(132,13,'TV','Brand New','.../amenity/picture_library',173),(133,3,'Iron','Excellent','.../amenity/picture_library',48),(134,11,'Washer','Brand New','.../amenity/picture_library',113),(135,1,'Wifi','Newly Installed','.../amenity/picture_library',6),(136,3,'Dryer','Brand New','.../amenity/picture_library',7),(137,15,'TV','Does the job','.../amenity/picture_library',14),(138,6,'TV','Very good working condition','.../amenity/picture_library',119),(139,4,'Dedicated Workspace','Very good working condition','.../amenity/picture_library',95),(140,11,'Hair Dryer','Does the job','.../amenity/picture_library',125),(141,4,'Dedicated Workspace','Excellent','.../amenity/picture_library',120),(142,1,'Dryer','Very good working condition','.../amenity/picture_library',186),(143,15,'Washer','Brand New','.../amenity/picture_library',188),(144,4,'TV','Very good working condition','.../amenity/picture_library',32),(145,8,'Wifi','Brand New','.../amenity/picture_library',192),(146,6,'Dedicated Workspace','Does the job','.../amenity/picture_library',95),(147,4,'Dedicated Workspace','Very good working condition','.../amenity/picture_library',106),(148,12,'Kitchen','Brand New','.../amenity/picture_library',180),(149,13,'Iron','Excellent','.../amenity/picture_library',18),(150,8,'Hair Dryer','Brand New','.../amenity/picture_library',74),(151,7,'Dedicated Workspace','Brand New','.../amenity/picture_library',36),(152,7,'Heating','Excellent','.../amenity/picture_library',113),(153,10,'Dryer','Newly Installed','.../amenity/picture_library',25),(154,8,'Dryer','Brand New','.../amenity/picture_library',168),(155,8,'Dedicated Workspace','Newly Installed','.../amenity/picture_library',121),(156,1,'Hair Dryer','Brand New','.../amenity/picture_library',192),(157,12,'Wifi','Brand New','.../amenity/picture_library',169),(158,1,'Heating','Excellent','.../amenity/picture_library',178),(159,14,'Heating','Newly Installed','.../amenity/picture_library',89),(160,13,'Iron','Brand New','.../amenity/picture_library',81),(161,9,'TV','Does the job','.../amenity/picture_library',106),(162,4,'AC','Very good working condition','.../amenity/picture_library',97),(163,10,'Washer','Very good working condition','.../amenity/picture_library',75),(164,7,'AC','Does the job','.../amenity/picture_library',87),(165,12,'Dedicated Workspace','Does the job','.../amenity/picture_library',183),(166,9,'Heating','Does the job','.../amenity/picture_library',196),(167,12,'Kitchen','Brand New','.../amenity/picture_library',77),(168,15,'Hair Dryer','Does the job','.../amenity/picture_library',68),(169,13,'Iron','Does the job','.../amenity/picture_library',82),(170,2,'Dedicated Workspace','Excellent','.../amenity/picture_library',21),(171,8,'AC','Excellent','.../amenity/picture_library',87),(172,1,'Washer','Does the job','.../amenity/picture_library',177),(173,7,'Iron','Newly Installed','.../amenity/picture_library',168),(174,6,'Heating','Does the job','.../amenity/picture_library',177),(175,8,'Washer','Very good working condition','.../amenity/picture_library',4),(176,14,'Dedicated Workspace','Excellent','.../amenity/picture_library',141),(177,3,'Kitchen','Very good working condition','.../amenity/picture_library',57),(178,8,'Washer','Very good working condition','.../amenity/picture_library',149),(179,13,'AC','Very good working condition','.../amenity/picture_library',77),(180,2,'Wifi','Brand New','.../amenity/picture_library',168),(181,2,'Dryer','Excellent','.../amenity/picture_library',126),(182,9,'Kitchen','Excellent','.../amenity/picture_library',110),(183,2,'TV','Does the job','.../amenity/picture_library',156),(184,9,'Wifi','Brand New','.../amenity/picture_library',61),(185,6,'AC','Does the job','.../amenity/picture_library',35),(186,1,'Dryer','Excellent','.../amenity/picture_library',123),(187,2,'Dedicated Workspace','Excellent','.../amenity/picture_library',86),(188,4,'Washer','Does the job','.../amenity/picture_library',143),(189,4,'Iron','Does the job','.../amenity/picture_library',98),(190,13,'AC','Does the job','.../amenity/picture_library',180),(191,5,'Wifi','Does the job','.../amenity/picture_library',59),(192,11,'Dedicated Workspace','Brand New','.../amenity/picture_library',154),(193,9,'Wifi','Does the job','.../amenity/picture_library',185),(194,3,'Kitchen','Excellent','.../amenity/picture_library',166),(195,10,'Heating','Newly Installed','.../amenity/picture_library',54),(196,6,'Dryer','Brand New','.../amenity/picture_library',133),(197,14,'Dryer','Does the job','.../amenity/picture_library',123),(198,13,'Heating','Excellent','.../amenity/picture_library',126),(199,7,'Dryer','Brand New','.../amenity/picture_library',143),(200,12,'Iron','Very good working condition','.../amenity/picture_library',142),(201,6,'Wifi','Newly Installed','.../amenity/picture_library',18),(202,2,'Kitchen','Newly Installed','.../amenity/picture_library',199),(203,13,'Wifi','Excellent','.../amenity/picture_library',10),(204,2,'Kitchen','Brand New','.../amenity/picture_library',126),(205,1,'Iron','Very good working condition','.../amenity/picture_library',135),(206,6,'Hair Dryer','Excellent','.../amenity/picture_library',70),(207,15,'AC','Does the job','.../amenity/picture_library',14),(208,9,'Heating','Very good working condition','.../amenity/picture_library',124),(209,5,'Dedicated Workspace','Excellent','.../amenity/picture_library',110),(210,10,'Hair Dryer','Very good working condition','.../amenity/picture_library',95),(211,4,'Dedicated Workspace','Excellent','.../amenity/picture_library',80),(212,1,'TV','Very good working condition','.../amenity/picture_library',106),(213,9,'Kitchen','Excellent','.../amenity/picture_library',156),(214,5,'TV','Very good working condition','.../amenity/picture_library',187),(215,10,'Wifi','Very good working condition','.../amenity/picture_library',67),(216,9,'Heating','Excellent','.../amenity/picture_library',62),(217,1,'Wifi','Excellent','.../amenity/picture_library',49),(218,4,'Heating','Does the job','.../amenity/picture_library',104),(219,9,'TV','Newly Installed','.../amenity/picture_library',14),(220,15,'Iron','Brand New','.../amenity/picture_library',198),(221,14,'Wifi','Very good working condition','.../amenity/picture_library',10),(222,15,'Wifi','Excellent','.../amenity/picture_library',191),(223,1,'TV','Newly Installed','.../amenity/picture_library',14),(224,6,'Iron','Very good working condition','.../amenity/picture_library',130),(225,5,'Wifi','Excellent','.../amenity/picture_library',105),(226,12,'Dryer','Brand New','.../amenity/picture_library',145),(227,8,'Heating','Newly Installed','.../amenity/picture_library',67),(228,1,'Heating','Newly Installed','.../amenity/picture_library',24),(229,2,'AC','Brand New','.../amenity/picture_library',159),(230,4,'Heating','Excellent','.../amenity/picture_library',97),(231,4,'Dryer','Excellent','.../amenity/picture_library',39),(232,6,'Heating','Very good working condition','.../amenity/picture_library',167),(233,1,'Iron','Does the job','.../amenity/picture_library',14),(234,6,'Washer','Does the job','.../amenity/picture_library',195),(235,6,'Heating','Newly Installed','.../amenity/picture_library',97),(236,7,'TV','Excellent','.../amenity/picture_library',169),(237,8,'TV','Very good working condition','.../amenity/picture_library',121),(238,12,'Dryer','Brand New','.../amenity/picture_library',183),(239,13,'Hair Dryer','Very good working condition','.../amenity/picture_library',118),(240,4,'AC','Does the job','.../amenity/picture_library',83),(241,8,'Hair Dryer','Brand New','.../amenity/picture_library',58),(242,6,'Kitchen','Very good working condition','.../amenity/picture_library',35),(243,1,'Iron','Excellent','.../amenity/picture_library',140),(244,7,'Iron','Very good working condition','.../amenity/picture_library',146),(245,14,'Wifi','Excellent','.../amenity/picture_library',118),(246,4,'Washer','Newly Installed','.../amenity/picture_library',5),(247,15,'Heating','Excellent','.../amenity/picture_library',22),(248,2,'Dedicated Workspace','Very good working condition','.../amenity/picture_library',150),(249,15,'Dedicated Workspace','Very good working condition','.../amenity/picture_library',79),(250,7,'Iron','Brand New','.../amenity/picture_library',178),(251,2,'Heating','Does the job','.../amenity/picture_library',78),(252,6,'Iron','Excellent','.../amenity/picture_library',36),(253,1,'Wifi','Brand New','.../amenity/picture_library',28),(254,15,'Wifi','Does the job','.../amenity/picture_library',192),(255,2,'Kitchen','Excellent','.../amenity/picture_library',140),(256,3,'Dryer','Newly Installed','.../amenity/picture_library',38),(257,4,'Dryer','Very good working condition','.../amenity/picture_library',93),(258,4,'Kitchen','Brand New','.../amenity/picture_library',196),(259,15,'Dedicated Workspace','Newly Installed','.../amenity/picture_library',17),(260,14,'Hair Dryer','Does the job','.../amenity/picture_library',74),(261,6,'Kitchen','Very good working condition','.../amenity/picture_library',141),(262,1,'TV','Does the job','.../amenity/picture_library',198),(263,4,'Wifi','Brand New','.../amenity/picture_library',178),(264,13,'Iron','Brand New','.../amenity/picture_library',81),(265,11,'Hair Dryer','Does the job','.../amenity/picture_library',117),(266,12,'Dryer','Brand New','.../amenity/picture_library',164),(267,1,'TV','Excellent','.../amenity/picture_library',32),(268,3,'Heating','Does the job','.../amenity/picture_library',76),(269,12,'TV','Excellent','.../amenity/picture_library',67),(270,14,'Washer','Very good working condition','.../amenity/picture_library',31),(271,1,'AC','Very good working condition','.../amenity/picture_library',116),(272,1,'Iron','Excellent','.../amenity/picture_library',183),(273,3,'Heating','Does the job','.../amenity/picture_library',171),(274,8,'Dedicated Workspace','Brand New','.../amenity/picture_library',9),(275,9,'Kitchen','Very good working condition','.../amenity/picture_library',132),(276,11,'Iron','Brand New','.../amenity/picture_library',110),(277,14,'Washer','Brand New','.../amenity/picture_library',51),(278,13,'AC','Excellent','.../amenity/picture_library',148),(279,14,'Wifi','Excellent','.../amenity/picture_library',184),(280,15,'Wifi','Excellent','.../amenity/picture_library',89),(281,9,'Washer','Very good working condition','.../amenity/picture_library',77),(282,5,'AC','Excellent','.../amenity/picture_library',2),(283,1,'Dedicated Workspace','Newly Installed','.../amenity/picture_library',196),(284,9,'TV','Excellent','.../amenity/picture_library',16),(285,13,'Dedicated Workspace','Newly Installed','.../amenity/picture_library',160),(286,1,'TV','Brand New','.../amenity/picture_library',74),(287,6,'Wifi','Does the job','.../amenity/picture_library',186),(288,2,'Kitchen','Very good working condition','.../amenity/picture_library',1),(289,7,'Wifi','Very good working condition','.../amenity/picture_library',97),(290,9,'Dedicated Workspace','Newly Installed','.../amenity/picture_library',18),(291,2,'Iron','Excellent','.../amenity/picture_library',56),(292,13,'Hair Dryer','Brand New','.../amenity/picture_library',12),(293,7,'Iron','Excellent','.../amenity/picture_library',33),(294,9,'AC','Brand New','.../amenity/picture_library',32),(295,14,'AC','Very good working condition','.../amenity/picture_library',83),(296,12,'Iron','Does the job','.../amenity/picture_library',40),(297,6,'Washer','Excellent','.../amenity/picture_library',144),(298,13,'Washer','Newly Installed','.../amenity/picture_library',83),(299,4,'Heating','Very good working condition','.../amenity/picture_library',156),(300,7,'Kitchen','Brand New','.../amenity/picture_library',138),(301,6,'Dedicated Workspace','Brand New','.../amenity/picture_library',109),(302,7,'Kitchen','Does the job','.../amenity/picture_library',126),(303,10,'Kitchen','Brand New','.../amenity/picture_library',42),(304,14,'Hair Dryer','Brand New','.../amenity/picture_library',1),(305,3,'Wifi','Very good working condition','.../amenity/picture_library',171),(306,6,'Dedicated Workspace','Does the job','.../amenity/picture_library',108),(307,12,'AC','Newly Installed','.../amenity/picture_library',197),(308,15,'Heating','Does the job','.../amenity/picture_library',29),(309,6,'Heating','Newly Installed','.../amenity/picture_library',8),(310,7,'Heating','Newly Installed','.../amenity/picture_library',149),(311,5,'Washer','Brand New','.../amenity/picture_library',171),(312,5,'Dedicated Workspace','Does the job','.../amenity/picture_library',157),(313,10,'Kitchen','Does the job','.../amenity/picture_library',74),(314,11,'Dryer','Excellent','.../amenity/picture_library',10),(315,11,'Wifi','Does the job','.../amenity/picture_library',83),(316,10,'Dryer','Brand New','.../amenity/picture_library',58),(317,9,'AC','Brand New','.../amenity/picture_library',145),(318,1,'TV','Brand New','.../amenity/picture_library',32),(319,5,'Dedicated Workspace','Does the job','.../amenity/picture_library',20),(320,8,'Wifi','Very good working condition','.../amenity/picture_library',90),(321,11,'Dryer','Excellent','.../amenity/picture_library',37),(322,10,'TV','Does the job','.../amenity/picture_library',193),(323,13,'Hair Dryer','Excellent','.../amenity/picture_library',184),(324,13,'Dryer','Brand New','.../amenity/picture_library',94),(325,10,'TV','Newly Installed','.../amenity/picture_library',103),(326,13,'AC','Newly Installed','.../amenity/picture_library',71),(327,14,'Wifi','Brand New','.../amenity/picture_library',33),(328,8,'Dedicated Workspace','Excellent','.../amenity/picture_library',75),(329,2,'Dryer','Brand New','.../amenity/picture_library',195),(330,6,'Kitchen','Newly Installed','.../amenity/picture_library',191),(331,6,'Iron','Newly Installed','.../amenity/picture_library',38),(332,9,'AC','Very good working condition','.../amenity/picture_library',82),(333,12,'Washer','Does the job','.../amenity/picture_library',98),(334,10,'Dryer','Newly Installed','.../amenity/picture_library',173),(335,7,'Dedicated Workspace','Newly Installed','.../amenity/picture_library',29),(336,3,'Iron','Very good working condition','.../amenity/picture_library',7),(337,8,'TV','Very good working condition','.../amenity/picture_library',149),(338,8,'Dedicated Workspace','Excellent','.../amenity/picture_library',139),(339,7,'Washer','Does the job','.../amenity/picture_library',176),(340,12,'Washer','Very good working condition','.../amenity/picture_library',47),(341,13,'Wifi','Does the job','.../amenity/picture_library',31),(342,5,'Wifi','Newly Installed','.../amenity/picture_library',81),(343,4,'Wifi','Brand New','.../amenity/picture_library',176),(344,9,'Kitchen','Newly Installed','.../amenity/picture_library',139),(345,11,'Hair Dryer','Newly Installed','.../amenity/picture_library',165),(346,9,'Heating','Excellent','.../amenity/picture_library',180),(347,11,'Iron','Does the job','.../amenity/picture_library',38),(348,7,'Washer','Newly Installed','.../amenity/picture_library',104),(349,10,'Dedicated Workspace','Excellent','.../amenity/picture_library',167),(350,7,'Dryer','Does the job','.../amenity/picture_library',146),(351,9,'AC','Very good working condition','.../amenity/picture_library',65),(352,8,'Hair Dryer','Newly Installed','.../amenity/picture_library',120),(353,7,'TV','Brand New','.../amenity/picture_library',129),(354,6,'Dedicated Workspace','Very good working condition','.../amenity/picture_library',98),(355,2,'Hair Dryer','Does the job','.../amenity/picture_library',184),(356,12,'Wifi','Excellent','.../amenity/picture_library',137),(357,14,'Kitchen','Very good working condition','.../amenity/picture_library',181),(358,12,'Iron','Excellent','.../amenity/picture_library',10),(359,4,'Hair Dryer','Very good working condition','.../amenity/picture_library',63),(360,1,'Wifi','Excellent','.../amenity/picture_library',132),(361,7,'Hair Dryer','Excellent','.../amenity/picture_library',75),(362,4,'Heating','Newly Installed','.../amenity/picture_library',89),(363,9,'Hair Dryer','Newly Installed','.../amenity/picture_library',19),(364,1,'Hair Dryer','Newly Installed','.../amenity/picture_library',28),(365,14,'AC','Does the job','.../amenity/picture_library',190),(366,1,'Heating','Brand New','.../amenity/picture_library',98),(367,4,'AC','Very good working condition','.../amenity/picture_library',48),(368,6,'Iron','Excellent','.../amenity/picture_library',28),(369,11,'Washer','Does the job','.../amenity/picture_library',31),(370,11,'Kitchen','Does the job','.../amenity/picture_library',92),(371,12,'Washer','Does the job','.../amenity/picture_library',48),(372,3,'Dryer','Excellent','.../amenity/picture_library',70),(373,8,'AC','Brand New','.../amenity/picture_library',164),(374,10,'Hair Dryer','Brand New','.../amenity/picture_library',25),(375,2,'AC','Newly Installed','.../amenity/picture_library',50),(376,9,'Wifi','Brand New','.../amenity/picture_library',156),(377,12,'Wifi','Excellent','.../amenity/picture_library',19),(378,5,'Hair Dryer','Newly Installed','.../amenity/picture_library',162),(379,14,'Hair Dryer','Excellent','.../amenity/picture_library',28),(380,9,'Dryer','Very good working condition','.../amenity/picture_library',73),(381,3,'Hair Dryer','Excellent','.../amenity/picture_library',175),(382,12,'Wifi','Very good working condition','.../amenity/picture_library',189),(383,13,'Kitchen','Very good working condition','.../amenity/picture_library',133),(384,3,'Heating','Newly Installed','.../amenity/picture_library',183),(385,2,'Heating','Brand New','.../amenity/picture_library',142),(386,8,'Dedicated Workspace','Brand New','.../amenity/picture_library',174),(387,1,'Wifi','Brand New','.../amenity/picture_library',11),(388,8,'Dryer','Newly Installed','.../amenity/picture_library',138),(389,7,'Dryer','Does the job','.../amenity/picture_library',52),(390,5,'Dryer','Brand New','.../amenity/picture_library',67),(391,3,'Dryer','Newly Installed','.../amenity/picture_library',189),(392,2,'TV','Very good working condition','.../amenity/picture_library',122),(393,8,'Heating','Excellent','.../amenity/picture_library',104),(394,5,'AC','Does the job','.../amenity/picture_library',116),(395,2,'Dedicated Workspace','Very good working condition','.../amenity/picture_library',185),(396,6,'Dedicated Workspace','Excellent','.../amenity/picture_library',119),(397,11,'AC','Brand New','.../amenity/picture_library',89),(398,14,'Dedicated Workspace','Does the job','.../amenity/picture_library',123),(399,4,'Hair Dryer','Excellent','.../amenity/picture_library',76),(400,6,'Iron','Very good working condition','.../amenity/picture_library',168),(401,15,'Washer','Newly Installed','.../amenity/picture_library',181),(402,15,'Iron','Does the job','.../amenity/picture_library',128),(403,9,'Wifi','Excellent','.../amenity/picture_library',50),(404,4,'AC','Newly Installed','.../amenity/picture_library',127),(405,14,'TV','Very good working condition','.../amenity/picture_library',120),(406,7,'Washer','Excellent','.../amenity/picture_library',79),(407,10,'Kitchen','Very good working condition','.../amenity/picture_library',52),(408,7,'Washer','Excellent','.../amenity/picture_library',19),(409,4,'Wifi','Does the job','.../amenity/picture_library',38),(410,15,'Heating','Does the job','.../amenity/picture_library',136),(411,12,'Wifi','Brand New','.../amenity/picture_library',74),(412,8,'Kitchen','Brand New','.../amenity/picture_library',191),(413,11,'Iron','Newly Installed','.../amenity/picture_library',131),(414,6,'AC','Brand New','.../amenity/picture_library',155),(415,9,'AC','Very good working condition','.../amenity/picture_library',96),(416,14,'Hair Dryer','Very good working condition','.../amenity/picture_library',121),(417,11,'Iron','Newly Installed','.../amenity/picture_library',150),(418,12,'Dedicated Workspace','Excellent','.../amenity/picture_library',166),(419,9,'Kitchen','Newly Installed','.../amenity/picture_library',151),(420,8,'Dryer','Brand New','.../amenity/picture_library',184),(421,11,'Washer','Excellent','.../amenity/picture_library',121),(422,4,'Iron','Brand New','.../amenity/picture_library',115),(423,14,'TV','Very good working condition','.../amenity/picture_library',1),(424,5,'Dedicated Workspace','Newly Installed','.../amenity/picture_library',47),(425,1,'TV','Excellent','.../amenity/picture_library',47),(426,3,'Kitchen','Does the job','.../amenity/picture_library',76),(427,9,'Wifi','Does the job','.../amenity/picture_library',175),(428,8,'TV','Newly Installed','.../amenity/picture_library',117),(429,5,'AC','Brand New','.../amenity/picture_library',58),(430,5,'Dryer','Very good working condition','.../amenity/picture_library',102),(431,10,'Heating','Brand New','.../amenity/picture_library',11),(432,8,'Dryer','Brand New','.../amenity/picture_library',65),(433,9,'TV','Excellent','.../amenity/picture_library',83),(434,3,'Washer','Newly Installed','.../amenity/picture_library',92),(435,5,'AC','Very good working condition','.../amenity/picture_library',197),(436,4,'Hair Dryer','Does the job','.../amenity/picture_library',152),(437,10,'Iron','Very good working condition','.../amenity/picture_library',44),(438,8,'Kitchen','Does the job','.../amenity/picture_library',169),(439,6,'Heating','Newly Installed','.../amenity/picture_library',45),(440,2,'Kitchen','Brand New','.../amenity/picture_library',23),(441,4,'Kitchen','Newly Installed','.../amenity/picture_library',49),(442,12,'Washer','Newly Installed','.../amenity/picture_library',19),(443,7,'Wifi','Excellent','.../amenity/picture_library',102),(444,5,'Washer','Does the job','.../amenity/picture_library',83),(445,15,'Hair Dryer','Does the job','.../amenity/picture_library',15),(446,9,'AC','Excellent','.../amenity/picture_library',113),(447,9,'Kitchen','Newly Installed','.../amenity/picture_library',73),(448,6,'Kitchen','Very good working condition','.../amenity/picture_library',142),(449,1,'Washer','Brand New','.../amenity/picture_library',75),(450,4,'TV','Excellent','.../amenity/picture_library',126),(451,15,'Heating','Excellent','.../amenity/picture_library',127),(452,7,'Dryer','Brand New','.../amenity/picture_library',63),(453,9,'Heating','Excellent','.../amenity/picture_library',28),(454,8,'AC','Does the job','.../amenity/picture_library',90),(455,12,'Washer','Brand New','.../amenity/picture_library',96),(456,11,'Dedicated Workspace','Excellent','.../amenity/picture_library',157),(457,4,'Kitchen','Excellent','.../amenity/picture_library',36),(458,5,'Dryer','Does the job','.../amenity/picture_library',138),(459,1,'AC','Brand New','.../amenity/picture_library',32),(460,5,'Washer','Brand New','.../amenity/picture_library',32),(461,10,'Dryer','Does the job','.../amenity/picture_library',179),(462,12,'AC','Does the job','.../amenity/picture_library',163),(463,11,'Wifi','Brand New','.../amenity/picture_library',156),(464,13,'Heating','Newly Installed','.../amenity/picture_library',142),(465,4,'Washer','Newly Installed','.../amenity/picture_library',94),(466,8,'TV','Brand New','.../amenity/picture_library',33),(467,5,'Kitchen','Newly Installed','.../amenity/picture_library',188),(468,1,'Wifi','Excellent','.../amenity/picture_library',130),(469,14,'Dedicated Workspace','Excellent','.../amenity/picture_library',80),(470,1,'Dedicated Workspace','Brand New','.../amenity/picture_library',131),(471,10,'AC','Does the job','.../amenity/picture_library',97),(472,7,'Wifi','Brand New','.../amenity/picture_library',171),(473,7,'AC','Newly Installed','.../amenity/picture_library',73),(474,15,'Iron','Does the job','.../amenity/picture_library',12),(475,15,'Iron','Does the job','.../amenity/picture_library',23),(476,9,'Iron','Does the job','.../amenity/picture_library',28),(477,2,'Dryer','Does the job','.../amenity/picture_library',79),(478,3,'Heating','Does the job','.../amenity/picture_library',57),(479,1,'Iron','Does the job','.../amenity/picture_library',120),(480,3,'TV','Newly Installed','.../amenity/picture_library',31),(481,4,'AC','Very good working condition','.../amenity/picture_library',59),(482,12,'Iron','Very good working condition','.../amenity/picture_library',12),(483,7,'Kitchen','Excellent','.../amenity/picture_library',105),(484,15,'Heating','Does the job','.../amenity/picture_library',49),(485,7,'Kitchen','Does the job','.../amenity/picture_library',57),(486,14,'Iron','Very good working condition','.../amenity/picture_library',168),(487,8,'Dryer','Brand New','.../amenity/picture_library',137),(488,14,'Wifi','Excellent','.../amenity/picture_library',159),(489,14,'Iron','Brand New','.../amenity/picture_library',159),(490,9,'Washer','Excellent','.../amenity/picture_library',100),(491,2,'Hair Dryer','Very good working condition','.../amenity/picture_library',179),(492,6,'Kitchen','Newly Installed','.../amenity/picture_library',102),(493,8,'Heating','Very good working condition','.../amenity/picture_library',133),(494,14,'AC','Brand New','.../amenity/picture_library',12),(495,8,'Dedicated Workspace','Newly Installed','.../amenity/picture_library',157),(496,2,'Kitchen','Very good working condition','.../amenity/picture_library',79),(497,4,'TV','Brand New','.../amenity/picture_library',154),(498,7,'Dryer','Brand New','.../amenity/picture_library',50),(499,7,'Iron','Excellent','.../amenity/picture_library',81),(500,5,'AC','Does the job','.../amenity/picture_library',50),(501,9,'Iron','Excellent','.../amenity/picture_library',73),(502,6,'Kitchen','Does the job','.../amenity/picture_library',143),(503,10,'Heating','Excellent','.../amenity/picture_library',31),(504,13,'Iron','Very good working condition','.../amenity/picture_library',127),(505,1,'Washer','Very good working condition','.../amenity/picture_library',56),(506,14,'Heating','Newly Installed','.../amenity/picture_library',127),(507,10,'Iron','Does the job','.../amenity/picture_library',128),(508,3,'Dryer','Brand New','.../amenity/picture_library',18),(509,14,'Dedicated Workspace','Newly Installed','.../amenity/picture_library',164),(510,13,'Dedicated Workspace','Brand New','.../amenity/picture_library',179),(511,4,'Iron','Excellent','.../amenity/picture_library',14),(512,15,'Heating','Does the job','.../amenity/picture_library',155),(513,1,'Washer','Very good working condition','.../amenity/picture_library',89),(514,13,'Dedicated Workspace','Very good working condition','.../amenity/picture_library',26),(515,14,'Wifi','Newly Installed','.../amenity/picture_library',1),(516,14,'Heating','Does the job','.../amenity/picture_library',16),(517,11,'Hair Dryer','Excellent','.../amenity/picture_library',88),(518,7,'AC','Newly Installed','.../amenity/picture_library',79),(519,11,'Kitchen','Very good working condition','.../amenity/picture_library',194),(520,8,'Iron','Brand New','.../amenity/picture_library',96),(521,1,'Dryer','Brand New','.../amenity/picture_library',43),(522,13,'Dryer','Newly Installed','.../amenity/picture_library',119),(523,8,'Kitchen','Very good working condition','.../amenity/picture_library',153),(524,13,'Heating','Excellent','.../amenity/picture_library',153),(525,13,'Washer','Excellent','.../amenity/picture_library',151),(526,12,'AC','Brand New','.../amenity/picture_library',14),(527,4,'Dryer','Excellent','.../amenity/picture_library',71),(528,5,'Hair Dryer','Brand New','.../amenity/picture_library',64),(529,8,'Dedicated Workspace','Does the job','.../amenity/picture_library',40),(530,10,'Wifi','Very good working condition','.../amenity/picture_library',117),(531,15,'Washer','Brand New','.../amenity/picture_library',132),(532,13,'AC','Does the job','.../amenity/picture_library',138),(533,6,'Kitchen','Newly Installed','.../amenity/picture_library',18),(534,6,'Kitchen','Brand New','.../amenity/picture_library',109),(535,13,'Dedicated Workspace','Brand New','.../amenity/picture_library',5),(536,5,'Washer','Does the job','.../amenity/picture_library',136),(537,4,'Dedicated Workspace','Brand New','.../amenity/picture_library',171),(538,14,'Wifi','Very good working condition','.../amenity/picture_library',11),(539,11,'Wifi','Very good working condition','.../amenity/picture_library',147),(540,4,'Dryer','Brand New','.../amenity/picture_library',71),(541,4,'Iron','Very good working condition','.../amenity/picture_library',120),(542,5,'Dryer','Very good working condition','.../amenity/picture_library',165),(543,15,'Washer','Very good working condition','.../amenity/picture_library',72),(544,15,'Wifi','Does the job','.../amenity/picture_library',103),(545,7,'Kitchen','Brand New','.../amenity/picture_library',107),(546,13,'Washer','Very good working condition','.../amenity/picture_library',173),(547,2,'Wifi','Excellent','.../amenity/picture_library',101),(548,2,'Heating','Very good working condition','.../amenity/picture_library',193),(549,13,'AC','Excellent','.../amenity/picture_library',127),(550,13,'Heating','Newly Installed','.../amenity/picture_library',193),(551,5,'Wifi','Excellent','.../amenity/picture_library',47),(552,1,'Kitchen','Very good working condition','.../amenity/picture_library',42),(553,5,'AC','Does the job','.../amenity/picture_library',137),(554,12,'Hair Dryer','Excellent','.../amenity/picture_library',44),(555,11,'Wifi','Brand New','.../amenity/picture_library',123),(556,7,'Wifi','Excellent','.../amenity/picture_library',181),(557,9,'AC','Excellent','.../amenity/picture_library',153),(558,10,'Hair Dryer','Brand New','.../amenity/picture_library',62),(559,2,'Dryer','Newly Installed','.../amenity/picture_library',173),(560,7,'Washer','Newly Installed','.../amenity/picture_library',71),(561,3,'TV','Newly Installed','.../amenity/picture_library',8),(562,9,'Kitchen','Does the job','.../amenity/picture_library',68),(563,6,'Heating','Excellent','.../amenity/picture_library',35),(564,4,'Wifi','Brand New','.../amenity/picture_library',195),(565,7,'Dedicated Workspace','Excellent','.../amenity/picture_library',165),(566,15,'Washer','Very good working condition','.../amenity/picture_library',85),(567,12,'Iron','Newly Installed','.../amenity/picture_library',111),(568,2,'Hair Dryer','Newly Installed','.../amenity/picture_library',196),(569,7,'Wifi','Does the job','.../amenity/picture_library',84),(570,6,'Washer','Excellent','.../amenity/picture_library',33),(571,8,'Hair Dryer','Brand New','.../amenity/picture_library',154),(572,1,'Wifi','Excellent','.../amenity/picture_library',176),(573,6,'AC','Brand New','.../amenity/picture_library',37),(574,7,'Wifi','Brand New','.../amenity/picture_library',161),(575,10,'Dryer','Very good working condition','.../amenity/picture_library',137),(576,9,'Dedicated Workspace','Does the job','.../amenity/picture_library',18),(577,7,'Wifi','Does the job','.../amenity/picture_library',109),(578,5,'Wifi','Newly Installed','.../amenity/picture_library',15),(579,2,'Kitchen','Excellent','.../amenity/picture_library',148),(580,11,'Washer','Newly Installed','.../amenity/picture_library',180),(581,15,'Kitchen','Excellent','.../amenity/picture_library',52),(582,5,'TV','Does the job','.../amenity/picture_library',165),(583,5,'Kitchen','Very good working condition','.../amenity/picture_library',170),(584,6,'Washer','Newly Installed','.../amenity/picture_library',45),(585,6,'Iron','Newly Installed','.../amenity/picture_library',190),(586,8,'Wifi','Does the job','.../amenity/picture_library',161),(587,13,'Dedicated Workspace','Brand New','.../amenity/picture_library',31),(588,4,'Dedicated Workspace','Brand New','.../amenity/picture_library',87),(589,14,'Heating','Brand New','.../amenity/picture_library',118),(590,1,'Iron','Very good working condition','.../amenity/picture_library',60),(591,11,'Kitchen','Excellent','.../amenity/picture_library',190),(592,15,'Dedicated Workspace','Does the job','.../amenity/picture_library',178),(593,11,'Washer','Does the job','.../amenity/picture_library',145),(594,14,'Iron','Does the job','.../amenity/picture_library',87),(595,14,'Hair Dryer','Newly Installed','.../amenity/picture_library',200),(596,7,'Dedicated Workspace','Excellent','.../amenity/picture_library',51),(597,9,'Wifi','Newly Installed','.../amenity/picture_library',24),(598,1,'Iron','Very good working condition','.../amenity/picture_library',199),(599,5,'Iron','Does the job','.../amenity/picture_library',54),(600,13,'Dedicated Workspace','Newly Installed','.../amenity/picture_library',121),(601,11,'Kitchen','Newly Installed','.../amenity/picture_library',32),(602,2,'Wifi','Newly Installed','.../amenity/picture_library',185),(603,3,'Washer','Brand New','.../amenity/picture_library',177),(604,14,'Kitchen','Excellent','.../amenity/picture_library',62),(605,14,'Wifi','Excellent','.../amenity/picture_library',35),(606,14,'Wifi','Very good working condition','.../amenity/picture_library',121),(607,8,'Hair Dryer','Excellent','.../amenity/picture_library',185),(608,10,'Washer','Very good working condition','.../amenity/picture_library',55),(609,13,'TV','Does the job','.../amenity/picture_library',16),(610,3,'Heating','Very good working condition','.../amenity/picture_library',149),(611,9,'Wifi','Brand New','.../amenity/picture_library',8),(612,5,'Heating','Does the job','.../amenity/picture_library',126),(613,1,'Wifi','Excellent','.../amenity/picture_library',90),(614,12,'Wifi','Does the job','.../amenity/picture_library',165),(615,3,'Washer','Newly Installed','.../amenity/picture_library',127),(616,8,'TV','Does the job','.../amenity/picture_library',40),(617,10,'Kitchen','Very good working condition','.../amenity/picture_library',30),(618,7,'Dryer','Does the job','.../amenity/picture_library',114),(619,14,'Washer','Brand New','.../amenity/picture_library',97),(620,3,'Wifi','Does the job','.../amenity/picture_library',198),(621,7,'AC','Does the job','.../amenity/picture_library',133),(622,7,'Kitchen','Does the job','.../amenity/picture_library',105),(623,7,'Kitchen','Excellent','.../amenity/picture_library',196),(624,1,'TV','Excellent','.../amenity/picture_library',8),(625,1,'TV','Very good working condition','.../amenity/picture_library',4),(626,8,'Dryer','Does the job','.../amenity/picture_library',98),(627,5,'Kitchen','Excellent','.../amenity/picture_library',88),(628,13,'AC','Brand New','.../amenity/picture_library',111),(629,5,'Heating','Excellent','.../amenity/picture_library',144),(630,10,'Hair Dryer','Newly Installed','.../amenity/picture_library',66),(631,9,'Wifi','Does the job','.../amenity/picture_library',92),(632,1,'Hair Dryer','Newly Installed','.../amenity/picture_library',5),(633,7,'Wifi','Does the job','.../amenity/picture_library',6),(634,4,'Dryer','Newly Installed','.../amenity/picture_library',84),(635,3,'Dryer','Newly Installed','.../amenity/picture_library',122),(636,11,'Iron','Excellent','.../amenity/picture_library',174),(637,8,'Iron','Brand New','.../amenity/picture_library',3),(638,6,'Kitchen','Brand New','.../amenity/picture_library',118),(639,10,'Washer','Brand New','.../amenity/picture_library',46),(640,1,'Dedicated Workspace','Excellent','.../amenity/picture_library',189),(641,5,'Iron','Very good working condition','.../amenity/picture_library',37),(642,4,'Dryer','Newly Installed','.../amenity/picture_library',75),(643,10,'Wifi','Excellent','.../amenity/picture_library',157),(644,4,'Washer','Newly Installed','.../amenity/picture_library',87),(645,3,'Kitchen','Very good working condition','.../amenity/picture_library',1),(646,1,'Washer','Very good working condition','.../amenity/picture_library',37),(647,12,'TV','Excellent','.../amenity/picture_library',141),(648,4,'Wifi','Excellent','.../amenity/picture_library',143),(649,4,'AC','Newly Installed','.../amenity/picture_library',137),(650,8,'Hair Dryer','Newly Installed','.../amenity/picture_library',183),(651,3,'Hair Dryer','Brand New','.../amenity/picture_library',64),(652,8,'Kitchen','Does the job','.../amenity/picture_library',150),(653,15,'Kitchen','Brand New','.../amenity/picture_library',79),(654,3,'Washer','Very good working condition','.../amenity/picture_library',138),(655,6,'Wifi','Excellent','.../amenity/picture_library',120),(656,11,'Hair Dryer','Brand New','.../amenity/picture_library',91),(657,13,'Heating','Does the job','.../amenity/picture_library',144),(658,15,'Wifi','Brand New','.../amenity/picture_library',152),(659,8,'TV','Excellent','.../amenity/picture_library',45),(660,12,'Hair Dryer','Brand New','.../amenity/picture_library',60),(661,11,'Washer','Excellent','.../amenity/picture_library',42),(662,2,'AC','Does the job','.../amenity/picture_library',89),(663,11,'Kitchen','Brand New','.../amenity/picture_library',49),(664,4,'Iron','Very good working condition','.../amenity/picture_library',171),(665,13,'TV','Excellent','.../amenity/picture_library',101),(666,10,'Dryer','Very good working condition','.../amenity/picture_library',85),(667,7,'Iron','Excellent','.../amenity/picture_library',67),(668,15,'Wifi','Newly Installed','.../amenity/picture_library',190),(669,8,'Iron','Very good working condition','.../amenity/picture_library',47),(670,15,'AC','Brand New','.../amenity/picture_library',109),(671,5,'Iron','Very good working condition','.../amenity/picture_library',178),(672,12,'Washer','Excellent','.../amenity/picture_library',5),(673,8,'Dedicated Workspace','Does the job','.../amenity/picture_library',88),(674,5,'TV','Excellent','.../amenity/picture_library',67),(675,10,'Iron','Newly Installed','.../amenity/picture_library',15),(676,14,'Wifi','Newly Installed','.../amenity/picture_library',102),(677,15,'Wifi','Excellent','.../amenity/picture_library',178),(678,13,'TV','Brand New','.../amenity/picture_library',64),(679,1,'AC','Newly Installed','.../amenity/picture_library',105),(680,3,'Dedicated Workspace','Does the job','.../amenity/picture_library',77),(681,13,'Dryer','Very good working condition','.../amenity/picture_library',63),(682,8,'Wifi','Brand New','.../amenity/picture_library',7),(683,2,'Wifi','Does the job','.../amenity/picture_library',179),(684,11,'AC','Brand New','.../amenity/picture_library',10),(685,5,'Iron','Very good working condition','.../amenity/picture_library',185),(686,8,'Dryer','Very good working condition','.../amenity/picture_library',63),(687,4,'Iron','Does the job','.../amenity/picture_library',53),(688,1,'Washer','Brand New','.../amenity/picture_library',17),(689,9,'Dryer','Newly Installed','.../amenity/picture_library',172),(690,11,'Iron','Very good working condition','.../amenity/picture_library',28),(691,3,'Hair Dryer','Brand New','.../amenity/picture_library',127),(692,7,'Washer','Excellent','.../amenity/picture_library',124),(693,4,'AC','Does the job','.../amenity/picture_library',27),(694,11,'AC','Excellent','.../amenity/picture_library',67),(695,6,'Hair Dryer','Newly Installed','.../amenity/picture_library',43),(696,1,'Wifi','Does the job','.../amenity/picture_library',187),(697,8,'Dedicated Workspace','Excellent','.../amenity/picture_library',191),(698,3,'Dryer','Newly Installed','.../amenity/picture_library',33),(699,14,'Dedicated Workspace','Does the job','.../amenity/picture_library',134),(700,11,'Heating','Does the job','.../amenity/picture_library',128),(701,1,'TV','Brand New','.../amenity/picture_library',181),(702,14,'TV','Very good working condition','.../amenity/picture_library',150),(703,2,'Iron','Excellent','.../amenity/picture_library',111),(704,12,'Heating','Newly Installed','.../amenity/picture_library',100),(705,13,'Dedicated Workspace','Does the job','.../amenity/picture_library',195),(706,1,'Wifi','Excellent','.../amenity/picture_library',119),(707,3,'TV','Does the job','.../amenity/picture_library',199),(708,2,'Hair Dryer','Excellent','.../amenity/picture_library',108),(709,7,'Hair Dryer','Very good working condition','.../amenity/picture_library',101),(710,2,'AC','Brand New','.../amenity/picture_library',160),(711,15,'Washer','Does the job','.../amenity/picture_library',138),(712,2,'AC','Excellent','.../amenity/picture_library',153),(713,14,'Iron','Brand New','.../amenity/picture_library',40),(714,1,'TV','Newly Installed','.../amenity/picture_library',180),(715,8,'TV','Does the job','.../amenity/picture_library',160),(716,11,'Iron','Very good working condition','.../amenity/picture_library',30),(717,14,'Wifi','Brand New','.../amenity/picture_library',163),(718,2,'TV','Excellent','.../amenity/picture_library',58),(719,10,'Heating','Newly Installed','.../amenity/picture_library',142),(720,3,'TV','Does the job','.../amenity/picture_library',74),(721,10,'Dedicated Workspace','Newly Installed','.../amenity/picture_library',23),(722,6,'Dedicated Workspace','Does the job','.../amenity/picture_library',73),(723,8,'Wifi','Brand New','.../amenity/picture_library',178),(724,15,'Dryer','Very good working condition','.../amenity/picture_library',24),(725,14,'Heating','Newly Installed','.../amenity/picture_library',117),(726,9,'Wifi','Does the job','.../amenity/picture_library',62),(727,14,'Hair Dryer','Excellent','.../amenity/picture_library',172),(728,8,'TV','Excellent','.../amenity/picture_library',162),(729,5,'TV','Brand New','.../amenity/picture_library',9),(730,11,'Dryer','Brand New','.../amenity/picture_library',29),(731,6,'TV','Brand New','.../amenity/picture_library',18),(732,1,'Kitchen','Newly Installed','.../amenity/picture_library',42),(733,2,'Iron','Newly Installed','.../amenity/picture_library',127),(734,9,'TV','Very good working condition','.../amenity/picture_library',43),(735,12,'Iron','Newly Installed','.../amenity/picture_library',133),(736,11,'TV','Brand New','.../amenity/picture_library',160),(737,8,'Kitchen','Newly Installed','.../amenity/picture_library',153),(738,5,'Hair Dryer','Does the job','.../amenity/picture_library',160),(739,10,'Wifi','Newly Installed','.../amenity/picture_library',74),(740,14,'Hair Dryer','Excellent','.../amenity/picture_library',56),(741,13,'Dryer','Very good working condition','.../amenity/picture_library',140),(742,15,'Dryer','Newly Installed','.../amenity/picture_library',80),(743,10,'Heating','Very good working condition','.../amenity/picture_library',21),(744,1,'Iron','Brand New','.../amenity/picture_library',155),(745,1,'Hair Dryer','Excellent','.../amenity/picture_library',152),(746,12,'Washer','Does the job','.../amenity/picture_library',29),(747,6,'Heating','Very good working condition','.../amenity/picture_library',159),(748,11,'Wifi','Does the job','.../amenity/picture_library',198),(749,4,'Iron','Newly Installed','.../amenity/picture_library',10),(750,7,'Kitchen','Newly Installed','.../amenity/picture_library',103),(751,14,'TV','Brand New','.../amenity/picture_library',23),(752,8,'AC','Very good working condition','.../amenity/picture_library',164),(753,15,'Kitchen','Excellent','.../amenity/picture_library',9),(754,1,'Dryer','Newly Installed','.../amenity/picture_library',150),(755,11,'Washer','Brand New','.../amenity/picture_library',11),(756,1,'Wifi','Brand New','.../amenity/picture_library',176),(757,6,'AC','Newly Installed','.../amenity/picture_library',44),(758,13,'Heating','Very good working condition','.../amenity/picture_library',125),(759,14,'Heating','Brand New','.../amenity/picture_library',8),(760,11,'Hair Dryer','Does the job','.../amenity/picture_library',200),(761,6,'Washer','Very good working condition','.../amenity/picture_library',31),(762,4,'Heating','Does the job','.../amenity/picture_library',137),(763,11,'Heating','Does the job','.../amenity/picture_library',97),(764,8,'TV','Very good working condition','.../amenity/picture_library',182),(765,14,'AC','Brand New','.../amenity/picture_library',12),(766,15,'Iron','Very good working condition','.../amenity/picture_library',59),(767,7,'Wifi','Brand New','.../amenity/picture_library',2),(768,2,'Dryer','Newly Installed','.../amenity/picture_library',5),(769,9,'Iron','Excellent','.../amenity/picture_library',142),(770,10,'Wifi','Does the job','.../amenity/picture_library',149),(771,14,'Dedicated Workspace','Very good working condition','.../amenity/picture_library',196),(772,12,'Dedicated Workspace','Does the job','.../amenity/picture_library',181),(773,1,'Washer','Very good working condition','.../amenity/picture_library',117),(774,7,'Iron','Newly Installed','.../amenity/picture_library',132),(775,2,'Wifi','Excellent','.../amenity/picture_library',149),(776,8,'Iron','Does the job','.../amenity/picture_library',154),(777,8,'Hair Dryer','Excellent','.../amenity/picture_library',89),(778,4,'Dryer','Very good working condition','.../amenity/picture_library',120),(779,3,'Kitchen','Does the job','.../amenity/picture_library',160),(780,13,'AC','Newly Installed','.../amenity/picture_library',97),(781,15,'TV','Newly Installed','.../amenity/picture_library',156),(782,1,'Heating','Very good working condition','.../amenity/picture_library',45),(783,12,'Washer','Brand New','.../amenity/picture_library',45),(784,9,'Dedicated Workspace','Excellent','.../amenity/picture_library',173),(785,12,'Dryer','Excellent','.../amenity/picture_library',98),(786,11,'Heating','Excellent','.../amenity/picture_library',170),(787,1,'Wifi','Newly Installed','.../amenity/picture_library',43),(788,2,'TV','Very good working condition','.../amenity/picture_library',148),(789,12,'Wifi','Newly Installed','.../amenity/picture_library',51),(790,11,'Washer','Does the job','.../amenity/picture_library',56),(791,2,'Dryer','Brand New','.../amenity/picture_library',6),(792,7,'Iron','Excellent','.../amenity/picture_library',171),(793,14,'Dryer','Very good working condition','.../amenity/picture_library',81),(794,14,'Heating','Newly Installed','.../amenity/picture_library',85),(795,9,'Iron','Brand New','.../amenity/picture_library',19),(796,1,'Dedicated Workspace','Newly Installed','.../amenity/picture_library',70),(797,7,'Kitchen','Brand New','.../amenity/picture_library',38),(798,9,'Dryer','Newly Installed','.../amenity/picture_library',23),(799,1,'Dryer','Excellent','.../amenity/picture_library',123),(800,13,'Washer','Does the job','.../amenity/picture_library',101),(801,8,'Dryer','Very good working condition','.../amenity/picture_library',13),(802,8,'Washer','Very good working condition','.../amenity/picture_library',129),(803,15,'Iron','Brand New','.../amenity/picture_library',198),(804,13,'Hair Dryer','Excellent','.../amenity/picture_library',17),(805,6,'Hair Dryer','Does the job','.../amenity/picture_library',19),(806,6,'TV','Very good working condition','.../amenity/picture_library',68),(807,9,'Hair Dryer','Does the job','.../amenity/picture_library',75),(808,14,'Iron','Newly Installed','.../amenity/picture_library',46),(809,14,'TV','Excellent','.../amenity/picture_library',98),(810,9,'Wifi','Very good working condition','.../amenity/picture_library',143),(811,14,'AC','Very good working condition','.../amenity/picture_library',104),(812,10,'AC','Newly Installed','.../amenity/picture_library',34),(813,7,'Hair Dryer','Very good working condition','.../amenity/picture_library',76),(814,14,'TV','Very good working condition','.../amenity/picture_library',13),(815,11,'Heating','Excellent','.../amenity/picture_library',7),(816,1,'Dryer','Does the job','.../amenity/picture_library',136),(817,12,'Wifi','Newly Installed','.../amenity/picture_library',76),(818,7,'Hair Dryer','Does the job','.../amenity/picture_library',180),(819,13,'Dedicated Workspace','Excellent','.../amenity/picture_library',153),(820,15,'AC','Very good working condition','.../amenity/picture_library',15),(821,4,'Washer','Very good working condition','.../amenity/picture_library',37),(822,3,'Dedicated Workspace','Very good working condition','.../amenity/picture_library',71),(823,14,'AC','Excellent','.../amenity/picture_library',6),(824,2,'Iron','Newly Installed','.../amenity/picture_library',36),(825,6,'Wifi','Does the job','.../amenity/picture_library',146),(826,12,'Heating','Brand New','.../amenity/picture_library',51),(827,12,'Washer','Newly Installed','.../amenity/picture_library',61),(828,12,'Dryer','Newly Installed','.../amenity/picture_library',20),(829,12,'Iron','Brand New','.../amenity/picture_library',66),(830,8,'Heating','Excellent','.../amenity/picture_library',94),(831,3,'Washer','Brand New','.../amenity/picture_library',34),(832,4,'AC','Newly Installed','.../amenity/picture_library',71),(833,6,'Heating','Does the job','.../amenity/picture_library',7),(834,13,'AC','Brand New','.../amenity/picture_library',183),(835,8,'TV','Excellent','.../amenity/picture_library',116),(836,10,'Wifi','Excellent','.../amenity/picture_library',101),(837,9,'Heating','Excellent','.../amenity/picture_library',43),(838,4,'Hair Dryer','Does the job','.../amenity/picture_library',47),(839,3,'AC','Newly Installed','.../amenity/picture_library',60),(840,11,'Iron','Excellent','.../amenity/picture_library',148),(841,6,'Kitchen','Does the job','.../amenity/picture_library',39),(842,4,'TV','Very good working condition','.../amenity/picture_library',130),(843,5,'Washer','Very good working condition','.../amenity/picture_library',65),(844,6,'AC','Excellent','.../amenity/picture_library',151),(845,6,'Hair Dryer','Does the job','.../amenity/picture_library',64),(846,9,'TV','Does the job','.../amenity/picture_library',46),(847,7,'Wifi','Very good working condition','.../amenity/picture_library',60),(848,8,'Dryer','Excellent','.../amenity/picture_library',55),(849,13,'Hair Dryer','Excellent','.../amenity/picture_library',50),(850,9,'Iron','Newly Installed','.../amenity/picture_library',129),(851,1,'Heating','Brand New','.../amenity/picture_library',8),(852,11,'Kitchen','Excellent','.../amenity/picture_library',163),(853,13,'TV','Does the job','.../amenity/picture_library',111),(854,10,'Washer','Newly Installed','.../amenity/picture_library',148),(855,3,'AC','Very good working condition','.../amenity/picture_library',84),(856,5,'Wifi','Excellent','.../amenity/picture_library',75),(857,15,'Dryer','Newly Installed','.../amenity/picture_library',121),(858,8,'Washer','Does the job','.../amenity/picture_library',120),(859,11,'Washer','Excellent','.../amenity/picture_library',44),(860,3,'Dryer','Excellent','.../amenity/picture_library',34),(861,1,'Heating','Very good working condition','.../amenity/picture_library',165),(862,8,'TV','Excellent','.../amenity/picture_library',158),(863,9,'Dedicated Workspace','Does the job','.../amenity/picture_library',155),(864,13,'AC','Very good working condition','.../amenity/picture_library',120),(865,9,'Kitchen','Does the job','.../amenity/picture_library',91),(866,3,'Hair Dryer','Very good working condition','.../amenity/picture_library',52),(867,6,'Dedicated Workspace','Brand New','.../amenity/picture_library',67),(868,2,'Hair Dryer','Very good working condition','.../amenity/picture_library',28),(869,3,'TV','Does the job','.../amenity/picture_library',158),(870,1,'Hair Dryer','Brand New','.../amenity/picture_library',75),(871,12,'Dedicated Workspace','Newly Installed','.../amenity/picture_library',54),(872,9,'Heating','Brand New','.../amenity/picture_library',50),(873,7,'AC','Very good working condition','.../amenity/picture_library',8),(874,9,'Hair Dryer','Brand New','.../amenity/picture_library',189),(875,10,'Washer','Brand New','.../amenity/picture_library',89),(876,1,'Washer','Excellent','.../amenity/picture_library',31),(877,3,'TV','Brand New','.../amenity/picture_library',119),(878,4,'Hair Dryer','Newly Installed','.../amenity/picture_library',159),(879,13,'Dedicated Workspace','Brand New','.../amenity/picture_library',113),(880,11,'Washer','Excellent','.../amenity/picture_library',67),(881,8,'Hair Dryer','Brand New','.../amenity/picture_library',46),(882,5,'Dedicated Workspace','Excellent','.../amenity/picture_library',27),(883,8,'Wifi','Excellent','.../amenity/picture_library',21),(884,11,'Dedicated Workspace','Very good working condition','.../amenity/picture_library',107),(885,7,'Dryer','Very good working condition','.../amenity/picture_library',65),(886,15,'TV','Very good working condition','.../amenity/picture_library',35),(887,11,'Dedicated Workspace','Brand New','.../amenity/picture_library',118),(888,7,'Heating','Very good working condition','.../amenity/picture_library',115),(889,10,'Iron','Brand New','.../amenity/picture_library',43),(890,3,'Dryer','Excellent','.../amenity/picture_library',157),(891,5,'Washer','Brand New','.../amenity/picture_library',96),(892,15,'Hair Dryer','Newly Installed','.../amenity/picture_library',188),(893,6,'Hair Dryer','Does the job','.../amenity/picture_library',171),(894,13,'Iron','Brand New','.../amenity/picture_library',179),(895,12,'Iron','Excellent','.../amenity/picture_library',74),(896,8,'AC','Excellent','.../amenity/picture_library',156),(897,8,'Dryer','Newly Installed','.../amenity/picture_library',77),(898,14,'Hair Dryer','Brand New','.../amenity/picture_library',3),(899,9,'Dryer','Brand New','.../amenity/picture_library',191),(900,15,'Kitchen','Does the job','.../amenity/picture_library',91),(901,14,'Dryer','Very good working condition','.../amenity/picture_library',129),(902,8,'TV','Brand New','.../amenity/picture_library',91),(903,15,'Wifi','Brand New','.../amenity/picture_library',53),(904,4,'TV','Newly Installed','.../amenity/picture_library',191),(905,11,'Kitchen','Newly Installed','.../amenity/picture_library',64),(906,11,'Wifi','Excellent','.../amenity/picture_library',138),(907,3,'TV','Does the job','.../amenity/picture_library',82),(908,7,'Wifi','Does the job','.../amenity/picture_library',76),(909,11,'Heating','Brand New','.../amenity/picture_library',71),(910,13,'Heating','Excellent','.../amenity/picture_library',200),(911,2,'AC','Newly Installed','.../amenity/picture_library',77),(912,6,'Hair Dryer','Excellent','.../amenity/picture_library',1),(913,14,'Dedicated Workspace','Does the job','.../amenity/picture_library',132),(914,1,'TV','Does the job','.../amenity/picture_library',188),(915,14,'Dryer','Very good working condition','.../amenity/picture_library',109),(916,13,'Heating','Excellent','.../amenity/picture_library',92),(917,3,'Heating','Brand New','.../amenity/picture_library',103),(918,2,'Kitchen','Does the job','.../amenity/picture_library',168),(919,7,'Washer','Brand New','.../amenity/picture_library',57),(920,8,'Hair Dryer','Very good working condition','.../amenity/picture_library',28),(921,6,'Hair Dryer','Brand New','.../amenity/picture_library',66),(922,10,'Dryer','Excellent','.../amenity/picture_library',195),(923,13,'Dedicated Workspace','Does the job','.../amenity/picture_library',137),(924,3,'TV','Does the job','.../amenity/picture_library',9),(925,14,'Dryer','Does the job','.../amenity/picture_library',192),(926,8,'Washer','Brand New','.../amenity/picture_library',95),(927,6,'Dedicated Workspace','Newly Installed','.../amenity/picture_library',113),(928,8,'Washer','Brand New','.../amenity/picture_library',118),(929,11,'Kitchen','Very good working condition','.../amenity/picture_library',84),(930,14,'Dedicated Workspace','Very good working condition','.../amenity/picture_library',14),(931,12,'Heating','Newly Installed','.../amenity/picture_library',31),(932,5,'Wifi','Does the job','.../amenity/picture_library',164),(933,7,'Heating','Brand New','.../amenity/picture_library',89),(934,14,'Wifi','Very good working condition','.../amenity/picture_library',133),(935,7,'TV','Does the job','.../amenity/picture_library',74),(936,12,'Wifi','Brand New','.../amenity/picture_library',19),(937,1,'Dedicated Workspace','Does the job','.../amenity/picture_library',162),(938,2,'Iron','Very good working condition','.../amenity/picture_library',12),(939,4,'Iron','Does the job','.../amenity/picture_library',80),(940,8,'Heating','Excellent','.../amenity/picture_library',111),(941,11,'Washer','Brand New','.../amenity/picture_library',129),(942,9,'TV','Does the job','.../amenity/picture_library',18),(943,14,'Heating','Newly Installed','.../amenity/picture_library',75),(944,9,'Dryer','Does the job','.../amenity/picture_library',145),(945,14,'Kitchen','Does the job','.../amenity/picture_library',42),(946,5,'Iron','Very good working condition','.../amenity/picture_library',165),(947,7,'Iron','Does the job','.../amenity/picture_library',26),(948,5,'Iron','Does the job','.../amenity/picture_library',31),(949,1,'Iron','Excellent','.../amenity/picture_library',141),(950,8,'Iron','Very good working condition','.../amenity/picture_library',194),(951,1,'AC','Does the job','.../amenity/picture_library',123),(952,9,'Washer','Very good working condition','.../amenity/picture_library',80),(953,4,'Iron','Brand New','.../amenity/picture_library',136),(954,1,'Hair Dryer','Excellent','.../amenity/picture_library',144),(955,14,'Washer','Newly Installed','.../amenity/picture_library',176),(956,9,'Hair Dryer','Does the job','.../amenity/picture_library',162),(957,11,'Iron','Does the job','.../amenity/picture_library',182),(958,9,'Dedicated Workspace','Does the job','.../amenity/picture_library',149),(959,10,'Iron','Very good working condition','.../amenity/picture_library',156),(960,1,'Dryer','Brand New','.../amenity/picture_library',58),(961,13,'Kitchen','Does the job','.../amenity/picture_library',152),(962,14,'Hair Dryer','Excellent','.../amenity/picture_library',194),(963,12,'Hair Dryer','Brand New','.../amenity/picture_library',137),(964,1,'Dryer','Does the job','.../amenity/picture_library',148),(965,10,'AC','Very good working condition','.../amenity/picture_library',119),(966,1,'Washer','Newly Installed','.../amenity/picture_library',177),(967,12,'Washer','Brand New','.../amenity/picture_library',151),(968,11,'Iron','Does the job','.../amenity/picture_library',43),(969,4,'Heating','Does the job','.../amenity/picture_library',131),(970,14,'Kitchen','Brand New','.../amenity/picture_library',91),(971,6,'Wifi','Brand New','.../amenity/picture_library',186),(972,13,'Wifi','Very good working condition','.../amenity/picture_library',94),(973,7,'AC','Does the job','.../amenity/picture_library',118),(974,12,'Kitchen','Newly Installed','.../amenity/picture_library',119),(975,1,'AC','Excellent','.../amenity/picture_library',60),(976,8,'AC','Very good working condition','.../amenity/picture_library',26),(977,13,'Heating','Newly Installed','.../amenity/picture_library',5),(978,15,'Washer','Very good working condition','.../amenity/picture_library',57),(979,10,'Wifi','Brand New','.../amenity/picture_library',155),(980,2,'Hair Dryer','Does the job','.../amenity/picture_library',76),(981,13,'Iron','Very good working condition','.../amenity/picture_library',123),(982,11,'Hair Dryer','Newly Installed','.../amenity/picture_library',168),(983,2,'AC','Very good working condition','.../amenity/picture_library',24),(984,8,'Heating','Does the job','.../amenity/picture_library',49),(985,9,'TV','Newly Installed','.../amenity/picture_library',21),(986,1,'AC','Newly Installed','.../amenity/picture_library',18),(987,10,'TV','Excellent','.../amenity/picture_library',8),(988,4,'TV','Very good working condition','.../amenity/picture_library',27),(989,12,'Kitchen','Excellent','.../amenity/picture_library',174),(990,13,'Wifi','Excellent','.../amenity/picture_library',149),(991,5,'TV','Excellent','.../amenity/picture_library',183),(992,9,'Dedicated Workspace','Does the job','.../amenity/picture_library',14),(993,14,'TV','Brand New','.../amenity/picture_library',107),(994,12,'Wifi','Newly Installed','.../amenity/picture_library',19),(995,10,'Iron','Brand New','.../amenity/picture_library',102),(996,3,'Wifi','Excellent','.../amenity/picture_library',105),(997,5,'AC','Does the job','.../amenity/picture_library',58),(998,7,'Kitchen','Excellent','.../amenity/picture_library',101),(999,1,'Kitchen','Brand New','.../amenity/picture_library',170),(1000,2,'Heating','Brand New','.../amenity/picture_library',11);
/*!40000 ALTER TABLE `amenity` ENABLE KEYS */;
UNLOCK TABLES;

--
-- Table structure for table `app_page_content`
--

DROP TABLE IF EXISTS `app_page_content`;
/*!40101 SET @saved_cs_client     = @@character_set_client */;
/*!50503 SET character_set_client = utf8mb4 */;
CREATE TABLE `app_page_content` (
  `page_ID` int NOT NULL,
  `language_ID` int DEFAULT NULL,
  `content_file` varchar(255) DEFAULT NULL,
  `URL` varchar(255) DEFAULT NULL,
  PRIMARY KEY (`page_ID`),
  KEY `language_ID` (`language_ID`),
  CONSTRAINT `app_page_content_ibfk_1` FOREIGN KEY (`language_ID`) REFERENCES `display_language` (`language_ID`)
) ENGINE=InnoDB DEFAULT CHARSET=utf8mb4 COLLATE=utf8mb4_0900_ai_ci;
/*!40101 SET character_set_client = @saved_cs_client */;

--
-- Dumping data for table `app_page_content`
--

LOCK TABLES `app_page_content` WRITE;
/*!40000 ALTER TABLE `app_page_content` DISABLE KEYS */;
INSERT INTO `app_page_content` VALUES (1,3,'EgetTempusVel.xls','http://ucla.edu/justo/pellentesque/viverra/pede/ac.jpg'),(2,4,'VelAugue.pdf','https://illinois.edu/accumsan/felis.js'),(3,1,'LiberoNon.doc','https://zdnet.com/leo/rhoncus/sed/vestibulum/sit/amet.jpg'),(4,5,'HacHabitassePlatea.mp3','https://dyndns.org/diam/erat/fermentum/justo/nec/condimentum.json'),(5,4,'HacHabitasse.avi','http://techcrunch.com/id/lobortis/convallis/tortor/risus/dapibus.png'),(6,7,'AugueA.avi','http://usatoday.com/vestibulum/ante.html'),(7,2,'BlanditNam.mov','http://stanford.edu/suspendisse/potenti/in/eleifend/quam/a/odio.jsp'),(8,2,'Pede.ppt','http://bloglovin.com/integer/a/nibh/in/quis/justo/maecenas.xml'),(9,7,'Ipsum.mp3','http://mail.ru/vehicula/condimentum/curabitur/in.xml'),(10,2,'DuiVel.mov','https://guardian.co.uk/nam/dui/proin.aspx'),(11,6,'EstQuamPharetra.mp3','http://pen.io/neque/duis.jpg'),(12,6,'DuiNecNisi.png','https://topsy.com/nulla/pede/ullamcorper/augue.html'),(13,4,'Dui.ppt','https://ask.com/vestibulum.js'),(14,1,'SuspendissePotenti.ppt','http://amazonaws.com/dignissim.html'),(15,4,'VelNullaEget.xls','http://ezinearticles.com/ut.jpg'),(16,4,'EgetCongue.xls','http://godaddy.com/tortor/duis.json'),(17,5,'LaciniaSapien.mp3','http://typepad.com/fusce/posuere/felis/sed/lacus.json'),(18,5,'VelSemSed.jpeg','http://devhub.com/sit/amet/consectetuer/adipiscing.jsp'),(19,3,'Amet.tiff','https://bbc.co.uk/mauris/ullamcorper/purus/sit.js'),(20,5,'ViverraPedeAc.pdf','https://homestead.com/cursus/urna/ut.aspx'),(21,5,'Amet.ppt','https://apache.org/proin/at/turpis/a/pede.aspx'),(22,4,'ConvallisTortorRisus.txt','https://sciencedirect.com/ut/nunc/vestibulum/ante/ipsum/primis/in.xml'),(23,5,'JustoInBlandit.avi','http://i2i.jp/vulputate/luctus.aspx'),(24,2,'SitAmetSem.mp3','https://businessinsider.com/volutpat/quam/pede/lobortis/ligula/sit.xml'),(25,3,'Aliquam.xls','https://joomla.org/ut/mauris/eget/massa/tempor/convallis/nulla.html'),(26,6,'Nullam.tiff','http://businesswire.com/porta/volutpat/quam/pede/lobortis/ligula/sit.json'),(27,4,'VenenatisTristique.mpeg','http://hexun.com/turpis.js'),(28,3,'UrnaPretium.png','http://addthis.com/volutpat/dui/maecenas/tristique/est.aspx'),(29,7,'Interdum.xls','http://oracle.com/massa/id/lobortis.json'),(30,1,'EratQuisqueErat.ppt','http://youtube.com/rutrum/ac.js'),(31,6,'Commodo.tiff','https://ucoz.com/faucibus/accumsan/odio/curabitur/convallis.aspx'),(32,2,'RhoncusMaurisEnim.tiff','https://upenn.edu/pulvinar.aspx'),(33,2,'SuspendissePotentiNullam.xls','https://youku.com/at/nunc/commodo/placerat.xml'),(34,3,'SagittisNamCongue.xls','https://cisco.com/platea.jpg'),(35,2,'GravidaNisi.gif','https://qq.com/lobortis.jpg'),(36,2,'TortorQuis.txt','https://indiegogo.com/convallis.html'),(37,2,'Posuere.mov','http://youtu.be/ut/at/dolor.png'),(38,4,'SedMagna.jpeg','http://reddit.com/ipsum/dolor/sit/amet.jsp'),(39,1,'VitaeIpsum.mp3','http://scribd.com/nisl.png'),(40,1,'Est.ppt','http://auda.org.au/turpis/eget/elit.jpg'),(41,3,'Odio.jpeg','https://wp.com/aliquam/convallis/nunc.jpg'),(42,6,'Morbi.pdf','http://domainmarket.com/vestibulum.html'),(43,1,'PedePosuere.gif','http://ucsd.edu/cubilia/curae/mauris/viverra/diam.html'),(44,1,'ElitProinRisus.gif','http://nyu.edu/suspendisse/accumsan/tortor.jpg'),(45,3,'PedeVenenatisNon.txt','http://wordpress.com/orci/vehicula/condimentum/curabitur/in/libero.jpg'),(46,4,'SemperPortaVolutpat.xls','http://amazon.co.jp/nisi.json'),(47,2,'In.avi','https://com.com/pellentesque/volutpat/dui/maecenas/tristique/est.html'),(48,5,'Condimentum.mpeg','http://miitbeian.gov.cn/libero/ut.jsp'),(49,7,'Neque.ppt','http://skyrock.com/pellentesque/volutpat/dui/maecenas.html'),(50,2,'LeoOdio.ppt','http://jimdo.com/feugiat/non/pretium/quis/lectus/suspendisse.jpg'),(51,6,'UltricesErat.xls','http://marriott.com/tortor.js'),(52,2,'Sem.mov','https://histats.com/id/nisl/venenatis/lacinia/aenean/sit.png'),(53,2,'LectusSuspendissePotenti.jpeg','http://linkedin.com/est/donec/odio/justo/sollicitudin/ut.aspx'),(54,7,'Turpis.avi','https://nationalgeographic.com/lacus/at/turpis.jpg'),(55,3,'Proin.jpeg','http://comsenz.com/ipsum/ac/tellus.jsp'),(56,7,'SuspendissePotentiNullam.mp3','http://reuters.com/ante/nulla/justo.js'),(57,4,'Morbi.mpeg','https://amazon.co.uk/donec/dapibus/duis/at/velit/eu.jpg'),(58,5,'QuisqueEratEros.mpeg','http://yolasite.com/at/turpis/donec/posuere/metus/vitae/ipsum.xml'),(59,2,'SedMagnaAt.png','https://lycos.com/pellentesque/quisque/porta/volutpat/erat/quisque.aspx'),(60,5,'MorbiNonLectus.mpeg','http://gravatar.com/ipsum/dolor/sit/amet/consectetuer/adipiscing.json'),(61,2,'Penatibus.gif','http://twitpic.com/sagittis.jpg'),(62,3,'Accumsan.pdf','http://about.me/ultrices.js'),(63,3,'InImperdietEt.mp3','https://soundcloud.com/ac/lobortis/vel/dapibus/at/diam/nam.json'),(64,3,'AugueASuscipit.ppt','https://amazon.de/interdum/mauris.js'),(65,5,'JustoLaciniaEget.mp3','http://columbia.edu/dui/maecenas/tristique/est/et/tempus.js'),(66,7,'In.mpeg','https://tamu.edu/vivamus/in/felis/eu/sapien.xml'),(67,6,'SedInterdumVenenatis.tiff','http://senate.gov/amet/consectetuer/adipiscing/elit/proin/risus.js'),(68,2,'SapienArcuSed.ppt','https://chicagotribune.com/mi/integer/ac/neque/duis/bibendum.js'),(69,5,'Laoreet.ppt','http://odnoklassniki.ru/lectus/pellentesque/eget/nunc/donec/quis/orci.js'),(70,5,'Est.avi','http://amazon.de/nisi/volutpat/eleifend/donec/ut/dolor.png'),(71,4,'MaecenasTristiqueEst.ppt','https://virginia.edu/tristique/in/tempus.js'),(72,3,'AnteNulla.doc','http://wordpress.com/nec/dui.js'),(73,2,'MaurisLacinia.tiff','http://networksolutions.com/congue/elementum.js'),(74,2,'InFaucibus.xls','https://domainmarket.com/nec/sem/duis/aliquam.json'),(75,3,'Sed.ppt','http://godaddy.com/nec/molestie/sed.html'),(76,3,'NequeLiberoConvallis.gif','https://tripadvisor.com/nisl/nunc/nisl/duis.jpg'),(77,6,'NamNullaInteger.jpeg','http://latimes.com/ornare/imperdiet/sapien.aspx'),(78,3,'FaucibusOrci.jpeg','https://answers.com/suscipit/ligula/in.jsp'),(79,7,'PurusPhasellusIn.xls','https://virginia.edu/eu/felis.jpg'),(80,1,'InFaucibus.avi','http://a8.net/elementum/pellentesque/quisque/porta/volutpat/erat/quisque.js'),(81,6,'NullaUltrices.tiff','https://wikipedia.org/congue/vivamus/metus.html'),(82,1,'LectusAliquam.pdf','http://over-blog.com/aenean/auctor.html'),(83,4,'Lacus.mov','http://china.com.cn/lorem/quisque/ut/erat/curabitur/gravida/nisi.jsp'),(84,4,'SedTincidunt.pdf','https://cam.ac.uk/vestibulum.jpg'),(85,2,'AeneanAuctor.mov','http://privacy.gov.au/enim/leo/rhoncus.json'),(86,1,'AcNibhFusce.xls','http://blog.com/in/congue/etiam/justo.jpg'),(87,1,'In.jpeg','https://dion.ne.jp/mauris/eget/massa/tempor/convallis.png'),(88,6,'LigulaSitAmet.gif','http://utexas.edu/morbi/ut/odio.html'),(89,7,'Eleifend.jpeg','http://cafepress.com/dui/nec.aspx'),(90,2,'Praesent.mp3','https://squarespace.com/eu.aspx'),(91,4,'QuisOrciEget.xls','http://sfgate.com/maecenas/tincidunt/lacus/at/velit.json'),(92,6,'UltricesPosuere.pdf','http://canalblog.com/faucibus/orci.js'),(93,5,'NuncNisl.ppt','https://wiley.com/faucibus/cursus/urna/ut.jsp'),(94,7,'NullamPorttitorLacus.gif','http://so-net.ne.jp/praesent/blandit/nam/nulla.jpg'),(95,4,'EuFelisFusce.avi','http://amazon.com/mauris/enim.js'),(96,2,'Sapien.xls','http://abc.net.au/consequat/in/consequat/ut/nulla/sed/accumsan.jpg'),(97,4,'Elementum.png','https://archive.org/mauris/eget/massa/tempor.aspx'),(98,5,'MattisPulvinarNulla.mpeg','http://nymag.com/hac/habitasse/platea/dictumst/aliquam/augue.png'),(99,6,'InTemporTurpis.gif','https://ebay.com/nulla/pede/ullamcorper.html'),(100,6,'Sagittis.xls','https://admin.ch/viverra/eget/congue.aspx'),(101,5,'EstDonec.jpeg','http://ifeng.com/semper/rutrum/nulla/nunc.xml'),(102,5,'SapienCursus.xls','http://latimes.com/odio/elementum/eu/interdum/eu.png'),(103,4,'TurpisNecEuismod.ppt','http://google.co.uk/phasellus/in/felis/donec.json'),(104,7,'Turpis.avi','https://sina.com.cn/proin/eu/mi/nulla.xml'),(105,7,'VulputateNonummyMaecenas.jpeg','http://last.fm/tortor/quis.jpg'),(106,1,'QuamSuspendisse.xls','https://cbslocal.com/quis/justo.jsp'),(107,2,'EtiamPretium.mp3','https://printfriendly.com/tempor.jpg'),(108,5,'QuisOrciNullam.ppt','http://com.com/odio/curabitur/convallis/duis.js'),(109,7,'VestibulumRutrumRutrum.ppt','https://arizona.edu/quis/augue/luctus/tincidunt/nulla.jsp'),(110,6,'VitaeNislAenean.pdf','http://unblog.fr/tortor/id/nulla/ultrices.jsp'),(111,3,'Dui.xls','http://drupal.org/nisl/duis/bibendum/felis/sed/interdum/venenatis.aspx'),(112,4,'Quis.jpeg','https://jugem.jp/aenean/auctor/gravida/sem/praesent.html'),(113,7,'Habitasse.tiff','http://cnet.com/nec.html'),(114,6,'Quisque.tiff','https://europa.eu/cras/mi/pede/malesuada.json'),(115,7,'SitAmetConsectetuer.ppt','https://ucla.edu/est/donec/odio/justo/sollicitudin/ut/suscipit.aspx'),(116,3,'Varius.tiff','http://ycombinator.com/lorem/integer/tincidunt.js'),(117,3,'Urna.mov','https://nhs.uk/imperdiet/et/commodo/vulputate.png'),(118,6,'NonVelitNec.tiff','https://indiatimes.com/imperdiet.json'),(119,4,'SuscipitAFeugiat.tiff','https://nymag.com/at.xml'),(120,5,'QuamSollicitudinVitae.mp3','http://jugem.jp/maecenas/tristique/est/et/tempus/semper.xml'),(121,5,'PlateaDictumst.txt','https://huffingtonpost.com/at.jpg'),(122,3,'DisParturient.doc','http://aol.com/habitasse/platea/dictumst/morbi.html'),(123,6,'NuncCommodoPlacerat.gif','https://biblegateway.com/quis/orci/nullam.xml'),(124,7,'Accumsan.doc','http://economist.com/libero/convallis/eget/eleifend.html'),(125,7,'Lacinia.mp3','http://vkontakte.ru/odio/condimentum/id/luctus/nec.jsp'),(126,4,'RhoncusMauris.jpeg','http://virginia.edu/feugiat/et/eros/vestibulum/ac.jsp'),(127,1,'MetusArcuAdipiscing.ppt','http://biglobe.ne.jp/felis/sed/interdum.jsp'),(128,7,'SapienCum.ppt','https://goo.gl/eu/mi/nulla/ac/enim.jsp'),(129,5,'AeneanFermentumDonec.ppt','http://omniture.com/id/pretium/iaculis/diam.jpg'),(130,2,'PedeMorbiPorttitor.tiff','https://google.com.au/iaculis/justo/in/hac/habitasse/platea.html'),(131,7,'Auctor.avi','https://nature.com/sapien/dignissim.png'),(132,7,'Vel.mov','http://ucla.edu/dis/parturient/montes/nascetur.jpg'),(133,3,'SapienSapienNon.avi','https://shareasale.com/mauris/viverra/diam/vitae/quam/suspendisse/potenti.json'),(134,6,'VestibulumAnte.avi','https://twitter.com/ridiculus/mus/vivamus/vestibulum/sagittis/sapien.json'),(135,2,'InterdumEu.xls','http://bluehost.com/est/quam.json'),(136,3,'DuisFaucibus.mpeg','https://merriam-webster.com/mattis/nibh/ligula/nec/sem.jpg'),(137,7,'VelEstDonec.gif','http://facebook.com/platea/dictumst/aliquam/augue.json'),(138,7,'InFaucibus.png','https://tripod.com/risus/auctor/sed.jsp'),(139,2,'Ipsum.xls','https://harvard.edu/nulla/sed/vel/enim/sit/amet.html'),(140,3,'MagnaAcConsequat.gif','https://ocn.ne.jp/lobortis/sapien/sapien.html'),(141,2,'Magna.ppt','https://skype.com/sit/amet.html'),(142,6,'EgetNunc.xls','http://usda.gov/mi/pede/malesuada.json'),(143,7,'APedePosuere.mp3','https://indiatimes.com/morbi/a/ipsum/integer/a.jpg'),(144,3,'PedeVenenatisNon.ppt','https://walmart.com/aliquam/quis/turpis/eget/elit.jsp'),(145,6,'Rutrum.gif','http://ucla.edu/aliquam/quis.json'),(146,4,'Sit.ppt','https://soundcloud.com/convallis/nunc/proin.xml'),(147,3,'Sed.ppt','http://mapy.cz/ultricies/eu/nibh/quisque/id/justo.png'),(148,4,'Eros.xls','https://canalblog.com/mi.png'),(149,7,'NullamOrciPede.xls','https://acquirethisname.com/quam/fringilla/rhoncus/mauris.jsp'),(150,5,'NislDuisBibendum.tiff','http://weather.com/tincidunt/in/leo.png'),(151,3,'Arcu.avi','http://nps.gov/augue/a/suscipit/nulla/elit.jpg'),(152,4,'SitAmetDiam.mp3','https://gravatar.com/sed/tincidunt/eu.xml'),(153,6,'DisParturientMontes.mp3','http://army.mil/curae.html'),(154,6,'DiamCrasPellentesque.gif','https://twitter.com/eget/massa/tempor/convallis/nulla/neque.png'),(155,1,'Morbi.xls','https://cornell.edu/commodo/vulputate/justo.png'),(156,4,'Luctus.gif','http://mac.com/donec/vitae/nisi/nam.html'),(157,1,'DuiVel.png','https://discuz.net/ullamcorper/augue/a/suscipit/nulla.html'),(158,4,'Nunc.tiff','http://dailymotion.com/vestibulum.js'),(159,4,'Vel.mp3','http://un.org/ut/blandit.png'),(160,4,'Mollis.ppt','http://unblog.fr/consequat.js'),(161,5,'NisiEuOrci.avi','http://nhs.uk/ac/est/lacinia/nisi/venenatis/tristique/fusce.jsp'),(162,2,'Blandit.avi','http://newyorker.com/lectus/in/est.jpg'),(163,3,'RisusPraesentLectus.doc','http://biglobe.ne.jp/duis/bibendum/felis/sed/interdum.js'),(164,3,'InterdumMaurisNon.png','http://apache.org/dignissim.html'),(165,6,'Augue.txt','https://wunderground.com/lacinia.aspx'),(166,3,'VelAccumsanTellus.jpeg','https://shop-pro.jp/nibh/in/lectus/pellentesque/at.aspx'),(167,7,'AtVelit.xls','https://csmonitor.com/dui.js'),(168,1,'DonecSemperSapien.doc','https://livejournal.com/consectetuer/adipiscing/elit/proin.png'),(169,1,'QuisOrciEget.gif','http://1und1.de/neque/aenean/auctor/gravida/sem.png'),(170,4,'EuTincidunt.xls','https://noaa.gov/aliquam/lacus/morbi/quis/tortor/id.js'),(171,5,'AdipiscingElit.mp3','http://diigo.com/justo/eu/massa/donec/dapibus/duis/at.jpg'),(172,2,'IdLigulaSuspendisse.jpeg','https://baidu.com/nulla/neque/libero/convallis/eget/eleifend/luctus.png'),(173,1,'Pede.ppt','http://g.co/rutrum/neque/aenean.jpg'),(174,5,'Quam.ppt','https://utexas.edu/donec/odio/justo/sollicitudin/ut.jpg'),(175,4,'Id.txt','http://goo.gl/urna/pretium.js'),(176,1,'Rhoncus.tiff','https://washingtonpost.com/dictumst/morbi/vestibulum/velit/id/pretium/iaculis.jsp'),(177,1,'NonPretiumQuis.ppt','https://huffingtonpost.com/hac.jsp'),(178,7,'SedAugue.mov','http://google.com.br/libero.js'),(179,7,'InEleifendQuam.xls','https://myspace.com/nisl/ut/volutpat.aspx'),(180,5,'Consequat.doc','https://goo.ne.jp/nam/congue/risus/semper/porta.html'),(181,3,'Vestibulum.xls','http://discovery.com/congue/risus/semper/porta/volutpat.jsp'),(182,5,'Felis.mp3','https://ameblo.jp/nulla/nunc/purus/phasellus/in/felis.js'),(183,2,'JustoLaciniaEget.avi','http://hostgator.com/ut/erat/curabitur/gravida/nisi.html'),(184,4,'NullamMolestieNibh.ppt','http://booking.com/id/nisl/venenatis.png'),(185,3,'Adipiscing.doc','http://bloglovin.com/turpis/adipiscing/lorem/vitae/mattis.jpg'),(186,3,'Porttitor.avi','http://blog.com/posuere/felis.html'),(187,4,'MorbiSemMauris.png','https://ebay.com/sed/interdum/venenatis/turpis.xml'),(188,2,'NequeSapienPlacerat.avi','https://prweb.com/rutrum/ac/lobortis/vel/dapibus.json'),(189,6,'Lacus.tiff','https://google.ca/porta.js'),(190,7,'DuisAliquamConvallis.ppt','http://elegantthemes.com/massa/id/nisl/venenatis/lacinia.aspx'),(191,3,'NullaAcEnim.ppt','http://google.ca/pellentesque/eget/nunc.json'),(192,3,'ConsequatIn.tiff','http://php.net/adipiscing/lorem/vitae.jpg'),(193,4,'ElementumLigula.ppt','https://photobucket.com/sed/nisl/nunc.html'),(194,3,'BibendumMorbiNon.xls','https://e-recht24.de/eget/congue/eget.xml'),(195,3,'At.ppt','http://ucoz.com/lacus/at/velit/vivamus/vel.html'),(196,4,'MalesuadaIn.xls','http://instagram.com/mauris/morbi/non/lectus.json'),(197,5,'InFelis.mp3','https://yandex.ru/imperdiet/nullam/orci/pede/venenatis/non.jsp'),(198,3,'MagnisDisParturient.tiff','http://house.gov/velit/eu/est/congue/elementum.jsp'),(199,6,'AcNequeDuis.mp3','http://dropbox.com/at.html'),(200,7,'VivamusIn.mp3','https://google.co.uk/morbi/vestibulum.png'),(201,7,'LectusAliquamSit.tiff','https://stumbleupon.com/interdum/in.png'),(202,5,'UtAt.pdf','https://istockphoto.com/luctus.js'),(203,1,'Venenatis.avi','http://ed.gov/quisque/erat/eros/viverra/eget.xml'),(204,5,'Consequat.jpeg','http://ehow.com/varius/ut/blandit/non/interdum/in/ante.aspx'),(205,1,'InHacHabitasse.avi','https://upenn.edu/montes/nascetur.html'),(206,3,'Sit.mp3','https://reference.com/nulla/nisl.png'),(207,4,'Blandit.tiff','http://slideshare.net/a/pede/posuere/nonummy/integer/non.html'),(208,5,'LuctusEt.avi','http://arstechnica.com/pede/libero/quis.json'),(209,2,'DonecQuis.mov','https://amazon.com/diam.jpg'),(210,7,'PortaVolutpat.avi','https://nbcnews.com/luctus/ultricies/eu.js'),(211,1,'FaucibusOrciLuctus.avi','http://aol.com/in/quis.html'),(212,6,'Nec.mp3','https://wufoo.com/et.xml'),(213,1,'IntegerNon.gif','http://flavors.me/sapien/iaculis.js'),(214,7,'NonSodalesSed.avi','http://drupal.org/donec/quis/orci/eget/orci/vehicula/condimentum.png'),(215,1,'VelNullaEget.mp3','https://e-recht24.de/pulvinar/lobortis.png'),(216,7,'Curabitur.mpeg','http://msu.edu/in/blandit/ultrices/enim/lorem/ipsum/dolor.jpg'),(217,4,'QuamSapien.xls','https://nbcnews.com/sed/nisl/nunc/rhoncus.aspx'),(218,2,'Ligula.ppt','http://liveinternet.ru/blandit/nam/nulla/integer/pede/justo.png'),(219,3,'Velit.png','http://hubpages.com/consequat/ut/nulla/sed/accumsan/felis/ut.html'),(220,6,'Et.txt','http://behance.net/in/tempor/turpis.xml'),(221,5,'CubiliaCuraeNulla.avi','http://google.ca/orci/vehicula/condimentum.png'),(222,5,'InFelis.ppt','http://google.co.uk/leo.aspx'),(223,1,'VelNullaEget.ppt','http://sakura.ne.jp/consequat.aspx'),(224,7,'MorbiAIpsum.tiff','https://chron.com/sapien/quis/libero/nullam/sit/amet.aspx'),(225,6,'SodalesScelerisque.png','https://weebly.com/id/turpis/integer/aliquet.jpg'),(226,5,'Nunc.gif','https://java.com/magna/ac/consequat/metus/sapien.aspx'),(227,2,'CommodoPlacerat.txt','http://a8.net/diam/in/magna/bibendum.jpg'),(228,7,'DictumstAliquamAugue.ppt','https://home.pl/vel/sem/sed/sagittis/nam.jpg'),(229,1,'UltricesPosuereCubilia.mp3','https://smugmug.com/nascetur/ridiculus/mus/vivamus/vestibulum/sagittis/sapien.jpg'),(230,4,'SitAmet.txt','http://live.com/bibendum/felis/sed/interdum/venenatis.aspx'),(231,6,'Sagittis.txt','https://ask.com/sapien/arcu/sed/augue/aliquam/erat.jpg'),(232,3,'Nam.ppt','http://merriam-webster.com/vitae/consectetuer/eget/rutrum/at/lorem.js'),(233,7,'CongueEgetSemper.ppt','https://msn.com/eu/orci/mauris/lacinia/sapien.aspx'),(234,2,'EtiamVelAugue.gif','http://infoseek.co.jp/consequat/nulla.jsp'),(235,3,'MaurisVulputate.txt','https://sbwire.com/hac/habitasse/platea/dictumst/morbi/vestibulum.png'),(236,2,'EgetCongue.jpeg','https://webeden.co.uk/duis/aliquam/convallis/nunc/proin/at.aspx'),(237,2,'OrciEget.xls','http://instagram.com/congue/diam/id/ornare/imperdiet/sapien.png'),(238,6,'Ut.xls','https://mlb.com/platea/dictumst.js'),(239,6,'TurpisAdipiscing.mp3','http://japanpost.jp/sapien/placerat/ante/nulla/justo.aspx'),(240,4,'AliquetUltrices.mp3','http://marriott.com/a/feugiat.jsp'),(241,7,'InQuis.avi','https://infoseek.co.jp/tellus/nisi/eu/orci/mauris/lacinia.html'),(242,3,'VariusUt.mp3','http://dot.gov/massa/id/lobortis.js'),(243,2,'CrasMi.tiff','http://jimdo.com/ut/at.jpg'),(244,1,'SollicitudinVitaeConsectetuer.pdf','http://trellian.com/laoreet/ut.json'),(245,1,'FelisEuSapien.ppt','http://g.co/nulla/ut/erat/id/mauris/vulputate.jsp'),(246,6,'LuctusEt.pdf','http://twitpic.com/augue/a/suscipit/nulla/elit.jpg'),(247,1,'Dui.doc','http://mediafire.com/condimentum/id/luctus/nec/molestie.aspx'),(248,5,'DonecPosuere.txt','https://wp.com/aliquam/lacus/morbi/quis/tortor.png'),(249,6,'FeugiatEtEros.gif','http://guardian.co.uk/eleifend/donec/ut/dolor/morbi/vel.aspx'),(250,2,'EuSapien.xls','http://blinklist.com/non/quam/nec/dui/luctus/rutrum/nulla.jpg'),(251,2,'UtBlandit.mp3','http://va.gov/luctus/tincidunt/nulla/mollis/molestie.aspx'),(252,1,'AccumsanTortorQuis.mov','https://privacy.gov.au/etiam/justo/etiam/pretium/iaculis.json'),(253,1,'Praesent.png','http://tiny.cc/pede.json'),(254,1,'ImperdietSapienUrna.avi','https://virginia.edu/tincidunt/nulla/mollis/molestie/lorem.js'),(255,3,'Donec.avi','http://wordpress.com/sed/nisl.html'),(256,4,'HabitassePlateaDictumst.jpeg','https://ibm.com/consectetuer/eget/rutrum.js'),(257,6,'CrasPellentesque.jpeg','http://deliciousdays.com/diam/in/magna/bibendum.jsp'),(258,1,'ConsequatMorbiA.tiff','http://hao123.com/justo.html'),(259,6,'MattisNibhLigula.png','https://cornell.edu/enim/in.jsp'),(260,6,'EgetCongue.mov','https://twitpic.com/at.png'),(261,5,'Semper.txt','http://whitehouse.gov/suspendisse/ornare/consequat/lectus/in.jsp'),(262,7,'IdPretiumIaculis.mov','http://qq.com/cum/sociis/natoque/penatibus/et/magnis.js'),(263,4,'NecNisi.ppt','http://china.com.cn/dictumst.jpg'),(264,6,'PellentesqueAtNulla.avi','http://boston.com/in.xml'),(265,4,'Etiam.mp3','http://technorati.com/mauris/vulputate/elementum/nullam/varius/nulla/facilisi.png'),(266,3,'Rhoncus.tiff','http://arizona.edu/sit/amet/nunc/viverra/dapibus/nulla.png'),(267,3,'NullaUtErat.avi','https://parallels.com/cursus/vestibulum/proin.jpg'),(268,7,'Erat.mp3','https://soup.io/mauris/laoreet/ut.html'),(269,5,'NamDui.doc','https://apple.com/auctor.xml'),(270,3,'Mauris.mpeg','http://acquirethisname.com/orci/eget/orci/vehicula/condimentum/curabitur.js'),(271,5,'CuraeMaurisViverra.mp3','http://flavors.me/dui/nec/nisi/volutpat/eleifend/donec/ut.png'),(272,7,'Mauris.mp3','http://cloudflare.com/ligula/suspendisse/ornare/consequat/lectus/in/est.xml'),(273,2,'Venenatis.mp3','http://wikimedia.org/ac/neque/duis/bibendum.xml'),(274,2,'SuscipitA.tiff','http://constantcontact.com/natoque.jsp'),(275,1,'Molestie.avi','https://wix.com/ridiculus.json'),(276,5,'AdipiscingElit.avi','https://gravatar.com/diam/cras/pellentesque/volutpat/dui.png'),(277,7,'Nec.tiff','https://yolasite.com/et/ultrices/posuere/cubilia/curae/donec.html'),(278,1,'CurabiturGravida.avi','https://hud.gov/in/quam/fringilla/rhoncus/mauris.png'),(279,7,'QuisLectusSuspendisse.gif','https://google.com.au/purus/eu/magna/vulputate/luctus/cum/sociis.aspx'),(280,4,'NullaSuspendissePotenti.ppt','http://cnbc.com/aliquet.aspx'),(281,3,'EuNibhQuisque.jpeg','https://vimeo.com/viverra/diam/vitae/quam/suspendisse/potenti.json'),(282,2,'Aenean.mp3','https://devhub.com/consequat/morbi.jpg'),(283,3,'NibhInLectus.jpeg','https://pinterest.com/nibh/in.png'),(284,4,'ALibero.avi','https://cam.ac.uk/ante.aspx'),(285,7,'PellentesqueQuisquePorta.ppt','http://wiley.com/libero.png'),(286,5,'Est.jpeg','http://epa.gov/proin/interdum/mauris/non/ligula.html'),(287,1,'Vivamus.xls','https://icq.com/justo/etiam/pretium.json'),(288,6,'OrciLuctusEt.avi','https://disqus.com/nunc/purus/phasellus/in/felis.html'),(289,6,'Augue.mp3','https://tamu.edu/nunc/commodo/placerat/praesent/blandit/nam.xml'),(290,4,'NullamPorttitor.doc','https://prlog.org/ut/tellus/nulla/ut.js'),(291,7,'Ipsum.gif','http://oakley.com/elementum/pellentesque/quisque/porta/volutpat/erat.html'),(292,2,'IntegerTincidunt.mp3','https://opera.com/accumsan/tortor/quis/turpis.jsp'),(293,4,'Eros.avi','http://miitbeian.gov.cn/sit/amet/diam/in/magna.xml'),(294,1,'LigulaNecSem.mpeg','http://bloomberg.com/suspendisse/potenti/in/eleifend/quam.js'),(295,5,'SemperPorta.xls','https://cnet.com/montes/nascetur/ridiculus/mus/etiam/vel/augue.jsp'),(296,2,'Dui.jpeg','https://prnewswire.com/penatibus.js'),(297,7,'IdNisl.avi','https://walmart.com/consectetuer/eget/rutrum/at.jsp'),(298,6,'RutrumNulla.avi','https://soundcloud.com/praesent/lectus.jsp'),(299,1,'IdLobortis.avi','http://networkadvertising.org/mauris/sit/amet/eros.json'),(300,5,'CubiliaCurae.txt','http://independent.co.uk/nascetur/ridiculus/mus.aspx'),(301,1,'NonPretiumQuis.mp3','https://marketwatch.com/amet/diam/in/magna/bibendum.jsp'),(302,6,'Vel.jpeg','https://wikimedia.org/nulla/suscipit/ligula/in/lacus.jsp'),(303,3,'Sapien.pdf','http://example.com/odio/curabitur/convallis/duis/consequat/dui.html'),(304,5,'LeoPellentesque.txt','https://mapy.cz/cursus/urna/ut/tellus/nulla/ut.js'),(305,3,'TellusNisi.ppt','http://friendfeed.com/in/hac/habitasse/platea/dictumst/morbi/vestibulum.jsp'),(306,3,'Turpis.mp3','https://mlb.com/proin/eu/mi/nulla/ac/enim.jpg'),(307,3,'AcNibh.doc','http://gravatar.com/quam.jsp'),(308,1,'Sapien.jpeg','https://miibeian.gov.cn/etiam/pretium.jsp'),(309,4,'AmetDiamIn.mp3','http://toplist.cz/consectetuer/adipiscing/elit/proin.png'),(310,5,'IntegerPede.avi','http://reverbnation.com/erat/id/mauris/vulputate/elementum/nullam.html'),(311,2,'InterdumVenenatisTurpis.jpeg','http://nhs.uk/at/velit/eu.json'),(312,3,'Convallis.mp3','http://hostgator.com/ac/est/lacinia/nisi.jpg'),(313,1,'MaurisEgetMassa.doc','https://shop-pro.jp/magnis/dis/parturient/montes/nascetur/ridiculus.jsp'),(314,2,'Nulla.xls','https://symantec.com/purus/sit/amet/nulla.aspx'),(315,5,'Erat.avi','https://angelfire.com/ut/erat/id.js'),(316,1,'Volutpat.ppt','http://indiatimes.com/lacus/morbi.aspx'),(317,4,'Sagittis.xls','http://hibu.com/lacinia/eget/tincidunt/eget/tempus/vel.png'),(318,5,'Elementum.tiff','http://dmoz.org/diam/erat/fermentum/justo/nec/condimentum/neque.js'),(319,5,'Et.png','https://linkedin.com/vestibulum/proin/eu/mi.jpg'),(320,4,'Lectus.xls','http://bloomberg.com/purus/sit/amet/nulla.xml'),(321,1,'VolutpatQuam.xls','https://princeton.edu/volutpat/quam/pede/lobortis/ligula.png'),(322,2,'Ante.mp3','https://mail.ru/aenean/sit/amet/justo/morbi.aspx'),(323,1,'ConvallisDuis.ppt','http://oaic.gov.au/id/justo/sit/amet/sapien/dignissim/vestibulum.js'),(324,1,'DiamEratFermentum.jpeg','https://google.ru/lectus/pellentesque/at/nulla.json'),(325,6,'Suspendisse.xls','https://hao123.com/nulla/sed/vel/enim.xml'),(326,7,'VolutpatConvallisMorbi.mov','https://microsoft.com/magna.jsp'),(327,1,'Justo.ppt','https://jiathis.com/condimentum/neque/sapien.html'),(328,1,'Faucibus.mov','http://bluehost.com/cras/in/purus/eu.html'),(329,4,'NasceturRidiculusMus.xls','https://unesco.org/tellus/in/sagittis/dui/vel.aspx'),(330,7,'Nunc.ppt','http://ycombinator.com/venenatis/turpis/enim/blandit/mi/in/porttitor.xml'),(331,5,'AnteIpsumPrimis.mp3','https://slashdot.org/neque/vestibulum/eget/vulputate.jpg'),(332,7,'LoremIpsumDolor.tiff','http://arstechnica.com/nulla.js'),(333,5,'AcLobortis.ppt','http://miitbeian.gov.cn/blandit/nam/nulla/integer.aspx'),(334,1,'Duis.png','http://nyu.edu/accumsan.jpg'),(335,2,'QuisquePorta.xls','https://youtube.com/sit/amet/turpis.jpg'),(336,6,'EratFermentum.mp3','http://hibu.com/donec.aspx'),(337,2,'Metus.jpeg','http://theglobeandmail.com/vivamus/vestibulum/sagittis/sapien/cum.aspx'),(338,5,'Ante.pdf','http://wired.com/duis/bibendum/felis/sed/interdum/venenatis.js'),(339,7,'Ac.mp3','http://myspace.com/vitae/mattis/nibh/ligula.jpg'),(340,7,'MagnaBibendum.tiff','https://umn.edu/volutpat/eleifend/donec/ut/dolor/morbi/vel.jsp'),(341,7,'AcEstLacinia.avi','http://wordpress.com/in.jpg'),(342,1,'SitAmet.mp3','http://loc.gov/est/congue/elementum/in.js'),(343,7,'CondimentumId.ppt','http://guardian.co.uk/urna/pretium/nisl.png'),(344,4,'LigulaNec.mp3','http://arstechnica.com/turpis/elementum/ligula/vehicula.json'),(345,2,'NibhFusceLacus.mp3','https://senate.gov/blandit/ultrices/enim/lorem/ipsum/dolor/sit.jsp'),(346,1,'MolestieHendrerit.txt','https://soup.io/tempus/semper.json'),(347,6,'LeoPellentesqueUltrices.png','http://lulu.com/neque.html'),(348,3,'MaurisViverraDiam.tiff','http://sciencedaily.com/ultrices/enim/lorem/ipsum/dolor/sit.html'),(349,1,'IdConsequat.png','https://drupal.org/suscipit/ligula/in/lacus/curabitur.png'),(350,7,'Sapien.mp3','http://opera.com/volutpat.aspx'),(351,4,'SedJusto.gif','https://cbsnews.com/nibh.png'),(352,2,'Tristique.xls','http://redcross.org/phasellus/id/sapien/in.png'),(353,3,'SapienArcuSed.jpeg','http://netvibes.com/metus/arcu/adipiscing/molestie.xml'),(354,7,'VenenatisNon.jpeg','http://msu.edu/semper/sapien/a/libero/nam.aspx'),(355,6,'InFaucibus.doc','http://plala.or.jp/at/nibh/in/hac.json'),(356,6,'In.png','https://sciencedirect.com/aliquam/augue/quam/sollicitudin/vitae/consectetuer.aspx'),(357,4,'DuiProinLeo.mov','http://dailymotion.com/erat/tortor/sollicitudin/mi.jpg'),(358,5,'Quisque.png','https://msu.edu/porta/volutpat/quam/pede/lobortis.js'),(359,5,'CrasNonVelit.mov','http://mediafire.com/sed/augue/aliquam/erat/volutpat/in.html'),(360,2,'DictumstMaecenas.xls','http://hao123.com/lorem.js'),(361,7,'Cras.pdf','http://slate.com/quis/orci.aspx'),(362,5,'NullaEgetEros.xls','https://skype.com/aenean/fermentum/donec/ut.aspx'),(363,1,'EratId.mp3','http://whitehouse.gov/dui.png'),(364,5,'EratFermentum.mov','https://sina.com.cn/integer/a/nibh/in/quis/justo/maecenas.js'),(365,1,'IntegerAc.png','http://qq.com/id/justo/sit.jpg'),(366,7,'LiberoUt.xls','http://51.la/integer/tincidunt/ante/vel.jsp'),(367,4,'ALiberoNam.doc','http://ox.ac.uk/praesent/blandit.json'),(368,5,'Natoque.txt','http://biblegateway.com/lobortis/sapien/sapien/non/mi/integer/ac.png'),(369,3,'MagnisDisParturient.mp3','https://phpbb.com/tortor/duis/mattis/egestas.html'),(370,4,'At.mp3','https://eventbrite.com/accumsan/tellus/nisi/eu/orci/mauris/lacinia.xml'),(371,7,'QuisLibero.xls','https://sakura.ne.jp/nunc/rhoncus.json'),(372,1,'Volutpat.xls','https://ebay.com/dis/parturient/montes/nascetur/ridiculus.jsp'),(373,2,'NullaSuscipitLigula.ppt','https://digg.com/justo/nec/condimentum.png'),(374,7,'RhoncusAliquet.mp3','http://biblegateway.com/ultrices/posuere/cubilia.xml'),(375,5,'LeoOdio.gif','https://shutterfly.com/convallis.xml'),(376,2,'Non.mp3','http://is.gd/lectus/vestibulum.html'),(377,5,'Vitae.png','http://twitpic.com/sapien/ut/nunc/vestibulum/ante.jsp'),(378,7,'DonecPosuere.xls','https://slideshare.net/molestie/nibh/in/lectus/pellentesque/at.html'),(379,2,'APede.pdf','http://pagesperso-orange.fr/blandit/ultrices/enim.js'),(380,5,'PosuereCubiliaCurae.xls','https://techcrunch.com/cubilia/curae/mauris/viverra/diam/vitae/quam.xml'),(381,6,'Nullam.pdf','http://wisc.edu/sit/amet/sem.xml'),(382,5,'OrciNullam.pdf','https://hao123.com/aliquam/lacus/morbi.html'),(383,6,'SollicitudinVitae.gif','http://walmart.com/lectus/in.jpg'),(384,5,'Est.ppt','https://comsenz.com/felis/ut/at/dolor/quis.png'),(385,7,'PotentiInEleifend.avi','https://list-manage.com/potenti/cras/in.xml'),(386,2,'LiberoConvallisEget.doc','http://deliciousdays.com/sociis/natoque.xml'),(387,1,'ScelerisqueQuamTurpis.xls','https://washingtonpost.com/vestibulum/quam/sapien.aspx'),(388,1,'ProinInterdumMauris.avi','http://state.tx.us/rhoncus/mauris/enim.aspx'),(389,4,'HacHabitassePlatea.ppt','https://disqus.com/ante/ipsum/primis/in/faucibus/orci.js'),(390,2,'Luctus.mp3','http://unblog.fr/ac/diam/cras/pellentesque/volutpat/dui.xml'),(391,1,'UltricesPosuere.ppt','http://soup.io/tortor/id/nulla/ultrices.json'),(392,2,'NisiAt.mp3','http://woothemes.com/scelerisque/quam/turpis/adipiscing/lorem/vitae.aspx'),(393,3,'InPurus.ppt','https://usatoday.com/ut/erat/curabitur/gravida.js'),(394,3,'NullaTempus.mpeg','https://vimeo.com/dui/luctus/rutrum/nulla/tellus/in/sagittis.jpg'),(395,3,'Vestibulum.mp3','http://merriam-webster.com/congue/vivamus/metus.jsp'),(396,2,'Ipsum.mp3','http://geocities.jp/iaculis/justo/in.png'),(397,3,'NatoquePenatibusEt.ppt','https://opera.com/eu/est.js'),(398,1,'LacusMorbi.ppt','https://nsw.gov.au/erat/vestibulum/sed/magna.js'),(399,1,'ElementumNullamVarius.mpeg','https://reverbnation.com/amet.jpg'),(400,6,'VenenatisTristiqueFusce.tiff','https://stumbleupon.com/maecenas.json'),(401,6,'Libero.pdf','https://51.la/nisi/vulputate/nonummy/maecenas/tincidunt/lacus.html'),(402,4,'Ut.avi','https://webs.com/mus/etiam/vel/augue/vestibulum.js'),(403,7,'UtErat.mp3','http://gravatar.com/et/magnis/dis/parturient/montes/nascetur.png'),(404,1,'MolestieLorem.doc','https://free.fr/consequat/varius/integer/ac/leo/pellentesque/ultrices.json'),(405,4,'CurabiturGravidaNisi.xls','http://ucoz.ru/integer/non/velit/donec/diam/neque.aspx'),(406,5,'Amet.ppt','http://shop-pro.jp/in/tempor/turpis/nec/euismod/scelerisque/quam.jsp'),(407,3,'Consequat.mp3','http://biglobe.ne.jp/mollis/molestie/lorem.html'),(408,7,'DiamVitaeQuam.doc','https://seesaa.net/nullam.png'),(409,1,'MassaTemporConvallis.mp3','http://globo.com/nulla/eget/eros/elementum/pellentesque/quisque/porta.json'),(410,7,'VolutpatErat.tiff','http://de.vu/semper/porta.png'),(411,4,'TortorDuis.xls','http://slashdot.org/sit/amet/diam/in.json'),(412,6,'AugueVelAccumsan.mpeg','http://weibo.com/sapien/varius/ut.json'),(413,2,'Porta.xls','https://linkedin.com/eu/felis/fusce/posuere/felis.aspx'),(414,4,'AliquamLacus.tiff','https://dailymotion.com/ante/ipsum/primis/in.jpg'),(415,6,'SitAmet.png','http://redcross.org/sed/sagittis/nam/congue.xml'),(416,6,'IntegerA.ppt','https://nbcnews.com/magna.png'),(417,2,'SapienQuis.ppt','https://princeton.edu/scelerisque/quam.js'),(418,3,'SitAmet.png','http://si.edu/est/congue/elementum/in/hac/habitasse/platea.png'),(419,5,'Ultricies.gif','https://ovh.net/convallis/duis/consequat.aspx'),(420,1,'Dolor.ppt','https://bloomberg.com/donec/vitae.xml'),(421,6,'TristiqueTortorEu.ppt','http://google.com.au/porttitor/id/consequat/in/consequat.html'),(422,7,'Neque.mp3','http://bloomberg.com/consequat/nulla/nisl/nunc/nisl.js'),(423,1,'NonMattis.ppt','http://liveinternet.ru/ut/nulla/sed/accumsan/felis/ut/at.xml'),(424,4,'EuFelis.mp3','http://wix.com/lacinia/eget/tincidunt/eget/tempus.jpg'),(425,5,'AFeugiatEt.ppt','https://toplist.cz/mi/sit/amet/lobortis/sapien.aspx'),(426,7,'Parturient.pdf','http://cbsnews.com/pede.jsp'),(427,6,'In.gif','http://google.fr/curae/donec/pharetra.json'),(428,7,'Tortor.doc','http://myspace.com/eros.js'),(429,5,'Ligula.ppt','https://fotki.com/sed/ante/vivamus/tortor.aspx'),(430,1,'NislDuis.ppt','http://intel.com/accumsan/odio/curabitur.json'),(431,1,'FusceLacusPurus.mp3','https://businesswire.com/lacinia/eget/tincidunt/eget/tempus.xml'),(432,1,'AtDolor.xls','https://unblog.fr/a.aspx'),(433,7,'Id.ppt','https://webmd.com/donec/vitae/nisi/nam/ultrices/libero.js'),(434,7,'BlanditNam.mp3','http://blog.com/ac/neque/duis/bibendum/morbi/non/quam.json'),(435,1,'Posuere.avi','https://dyndns.org/est/phasellus.html'),(436,3,'Sagittis.jpeg','https://tumblr.com/in/quis/justo/maecenas/rhoncus/aliquam.html'),(437,3,'OdioJusto.mp3','http://vimeo.com/rhoncus/dui/vel/sem.js'),(438,1,'Interdum.ppt','https://state.tx.us/a/ipsum/integer.js'),(439,7,'SitAmetErat.avi','https://hibu.com/non/sodales.aspx'),(440,7,'NonMaurisMorbi.tiff','https://latimes.com/orci/luctus.jpg'),(441,2,'NuncRhoncus.pdf','http://comsenz.com/fusce/consequat/nulla/nisl/nunc/nisl/duis.xml'),(442,4,'MagnisDisParturient.mp3','http://usa.gov/pede/posuere.jpg'),(443,3,'ImperdietNullam.mp3','https://about.me/donec/vitae.aspx'),(444,4,'InterdumVenenatisTurpis.ppt','http://prlog.org/nec/molestie/sed/justo/pellentesque/viverra/pede.jpg'),(445,6,'Interdum.xls','http://epa.gov/eleifend/quam/a/odio.xml'),(446,2,'Augue.doc','https://gizmodo.com/vestibulum/sit/amet/cursus/id/turpis/integer.js'),(447,2,'EratCurabitur.avi','https://linkedin.com/pellentesque/volutpat/dui/maecenas.jsp'),(448,4,'Non.xls','http://toplist.cz/turpis/a/pede/posuere/nonummy/integer/non.js'),(449,3,'HacHabitassePlatea.xls','http://ehow.com/morbi/porttitor/lorem/id.jpg'),(450,7,'Ut.mp3','https://yellowbook.com/et/ultrices/posuere/cubilia/curae.html'),(451,7,'EgetTempus.mov','http://cnbc.com/diam/in/magna/bibendum/imperdiet.jsp'),(452,2,'Massa.mp3','http://harvard.edu/auctor/sed/tristique/in/tempus/sit/amet.aspx'),(453,4,'CumSociis.ppt','https://zimbio.com/integer/aliquet/massa/id/lobortis.html'),(454,6,'EstEt.gif','https://adobe.com/convallis/morbi.aspx'),(455,5,'EuismodScelerisque.tiff','https://themeforest.net/viverra/dapibus/nulla/suscipit/ligula/in/lacus.aspx'),(456,5,'Amet.avi','https://oaic.gov.au/lobortis/sapien.xml'),(457,7,'EratId.xls','http://google.ca/varius/ut/blandit.jpg'),(458,2,'Duis.xls','https://privacy.gov.au/sit/amet/justo/morbi.jsp'),(459,3,'Volutpat.avi','http://bizjournals.com/in/libero.html'),(460,7,'Proin.ppt','http://skype.com/pulvinar/nulla/pede/ullamcorper/augue.json'),(461,5,'Id.avi','http://aol.com/eget/nunc/donec/quis.js'),(462,2,'Nam.tiff','https://reddit.com/mauris/morbi/non/lectus/aliquam/sit/amet.js'),(463,3,'PrimisIn.tiff','https://tumblr.com/et/tempus/semper/est.jpg'),(464,4,'Eu.mpeg','https://bing.com/sed/justo/pellentesque/viverra.js'),(465,4,'Non.mp3','http://jalbum.net/aliquam/lacus/morbi/quis/tortor.js'),(466,6,'ProinEuMi.ppt','http://youku.com/nam/dui/proin/leo.jsp'),(467,2,'UtDolorMorbi.xls','http://sun.com/tristique.xml'),(468,1,'AliquetMaecenasLeo.ppt','https://smugmug.com/lobortis/convallis.jsp'),(469,1,'Amet.mp3','http://smh.com.au/felis.aspx'),(470,5,'FusceCongue.tiff','http://creativecommons.org/vivamus.html'),(471,7,'Magna.xls','https://oracle.com/vulputate/justo/in/blandit/ultrices/enim/lorem.xml'),(472,3,'OdioConsequatVarius.jpeg','https://livejournal.com/lacinia/erat/vestibulum/sed.aspx'),(473,5,'SitAmetLobortis.ppt','http://samsung.com/faucibus.json'),(474,5,'LuctusNec.avi','https://360.cn/amet/sapien/dignissim/vestibulum/vestibulum/ante.html'),(475,2,'Rutrum.ppt','http://about.com/vitae/mattis/nibh/ligula/nec/sem.html'),(476,3,'EstCongue.avi','http://vkontakte.ru/viverra/eget/congue/eget/semper/rutrum/nulla.jpg'),(477,6,'UtNuncVestibulum.mov','http://apache.org/blandit/ultrices/enim.png'),(478,4,'AmetNulla.xls','http://ftc.gov/velit/donec/diam/neque/vestibulum/eget/vulputate.aspx'),(479,7,'QuisTurpisSed.ppt','http://cmu.edu/nec/condimentum/neque.xml'),(480,4,'SuspendisseAccumsan.avi','http://stumbleupon.com/ligula/in.jsp'),(481,3,'MattisNibh.avi','http://t-online.de/justo/pellentesque/viverra/pede/ac/diam/cras.jsp'),(482,3,'Tortor.xls','http://jimdo.com/quis/odio/consequat/varius/integer.png'),(483,5,'Convallis.avi','https://merriam-webster.com/pellentesque/eget/nunc.html'),(484,2,'HacHabitassePlatea.ppt','https://sun.com/neque/duis/bibendum/morbi/non/quam/nec.png'),(485,3,'NamNullaInteger.jpeg','http://indiatimes.com/platea/dictumst.jsp'),(486,2,'EstRisus.ppt','http://youtube.com/sociis/natoque/penatibus/et/magnis.html'),(487,1,'DuiVel.pdf','https://auda.org.au/sit/amet/eros/suspendisse.aspx'),(488,1,'CongueRisus.tiff','https://intel.com/ante/vivamus/tortor/duis.jsp'),(489,1,'VelAugue.xls','http://mapquest.com/vehicula/consequat/morbi/a/ipsum/integer/a.json'),(490,3,'Ultrices.pdf','https://deviantart.com/leo/pellentesque/ultrices/mattis/odio/donec/vitae.jpg'),(491,1,'ProinRisus.ppt','http://who.int/amet/eleifend.aspx'),(492,7,'Semper.jpeg','http://scribd.com/ante/vivamus.html'),(493,2,'HacHabitassePlatea.avi','https://businesswire.com/in/ante/vestibulum/ante/ipsum.jpg'),(494,6,'MaecenasTinciduntLacus.ppt','http://cloudflare.com/amet/erat/nulla.json'),(495,7,'Ante.avi','http://google.co.uk/nullam.html'),(496,5,'PulvinarLobortisEst.xls','https://nyu.edu/sapien/placerat.aspx'),(497,1,'VestibulumSagittis.doc','https://auda.org.au/sollicitudin/mi/sit/amet/lobortis.html'),(498,5,'LoremIpsum.ppt','http://army.mil/volutpat.json'),(499,5,'SemperInterdum.xls','http://flavors.me/vehicula/condimentum.png'),(500,6,'UltricesMattisOdio.avi','http://bravesites.com/mauris/lacinia/sapien/quis.png'),(501,1,'NullaSuscipitLigula.pdf','https://tiny.cc/curabitur/in/libero/ut/massa.png'),(502,6,'Lectus.avi','http://fotki.com/in/leo/maecenas/pulvinar/lobortis/est.jpg'),(503,7,'IdTurpisInteger.mp3','https://123-reg.co.uk/sit/amet/sem/fusce/consequat/nulla/nisl.xml'),(504,1,'DuisFaucibusAccumsan.gif','http://gmpg.org/in/faucibus.jpg'),(505,2,'Aliquam.jpeg','http://apache.org/pellentesque/volutpat/dui/maecenas/tristique/est/et.jpg'),(506,1,'SitAmet.ppt','http://howstuffworks.com/tristique.js'),(507,4,'ErosVestibulumAc.xls','http://elegantthemes.com/dui/maecenas/tristique/est/et/tempus/semper.png'),(508,5,'VestibulumAcEst.xls','https://imgur.com/in.js'),(509,6,'NullaSuspendissePotenti.avi','http://ezinearticles.com/congue/risus.jsp'),(510,5,'MaurisLaoreet.avi','https://dagondesign.com/ullamcorper/augue/a/suscipit/nulla/elit/ac.aspx'),(511,6,'NibhInLectus.doc','http://tamu.edu/sollicitudin/vitae/consectetuer/eget/rutrum/at/lorem.png'),(512,3,'SedAugue.avi','https://vkontakte.ru/donec/semper.png'),(513,2,'Consectetuer.mpeg','https://mayoclinic.com/nulla/elit/ac/nulla/sed/vel/enim.xml'),(514,7,'LuctusEt.ppt','https://hugedomains.com/vivamus/vel/nulla/eget.json'),(515,7,'NonInterdum.mov','http://woothemes.com/eros/elementum/pellentesque/quisque/porta/volutpat.jpg'),(516,7,'In.mp3','http://intel.com/quis/orci/nullam/molestie/nibh/in.json'),(517,7,'At.tiff','https://blogtalkradio.com/vivamus/in.png'),(518,1,'CursusVestibulumProin.xls','https://slashdot.org/orci/eget/orci/vehicula/condimentum.aspx'),(519,2,'ViverraEget.ppt','http://topsy.com/ac/leo/pellentesque/ultrices.html'),(520,3,'MaurisLaoreetUt.ppt','https://noaa.gov/sit/amet/consectetuer.json'),(521,1,'EgetElit.ppt','https://zdnet.com/varius/ut.jsp'),(522,5,'Quam.ppt','http://joomla.org/pellentesque/at.aspx'),(523,3,'Porta.pdf','https://php.net/non.html'),(524,1,'Phasellus.avi','https://shareasale.com/massa/id.html'),(525,2,'BlanditNonInterdum.mp3','http://list-manage.com/in/purus/eu/magna/vulputate/luctus/cum.xml'),(526,7,'AeneanAuctorGravida.avi','http://jigsy.com/amet/sapien/dignissim/vestibulum/vestibulum/ante.png'),(527,2,'AdipiscingElit.mpeg','http://epa.gov/ligula/vehicula/consequat/morbi/a.jsp'),(528,4,'AcEst.doc','https://buzzfeed.com/ornare/imperdiet/sapien/urna/pretium/nisl/ut.json'),(529,6,'EgestasMetusAenean.tiff','http://tiny.cc/sapien/cum/sociis/natoque.xml'),(530,6,'In.pdf','https://csmonitor.com/aliquet/massa/id/lobortis/convallis/tortor/risus.json'),(531,7,'DuisFaucibus.avi','https://typepad.com/pede/lobortis/ligula/sit/amet/eleifend.xml'),(532,5,'MaurisEnim.ppt','http://reddit.com/pellentesque/quisque/porta/volutpat.json'),(533,5,'Dictumst.png','https://yahoo.com/est/lacinia.js'),(534,2,'TortorEuPede.png','https://friendfeed.com/metus/aenean/fermentum/donec.js'),(535,3,'SitAmetConsectetuer.xls','http://wikia.com/in.jsp'),(536,5,'InAnteVestibulum.avi','https://netlog.com/eu/felis/fusce.jpg'),(537,4,'Mi.tiff','https://techcrunch.com/leo/odio/condimentum/id/luctus/nec.html'),(538,3,'Ut.doc','https://tamu.edu/justo/pellentesque/viverra/pede.aspx'),(539,7,'RhoncusDuiVel.jpeg','https://hao123.com/hendrerit/at/vulputate/vitae/nisl.js'),(540,1,'CubiliaCuraeDonec.avi','http://alexa.com/eget.jsp'),(541,3,'EnimLoremIpsum.avi','https://home.pl/justo.html'),(542,2,'PotentiInEleifend.png','https://mashable.com/faucibus/cursus.jsp'),(543,5,'AcNibh.mov','http://statcounter.com/vestibulum/ante/ipsum/primis/in/faucibus.xml'),(544,6,'ElitProin.mp3','http://oakley.com/a/libero/nam/dui/proin.jsp'),(545,3,'QuamTurpis.jpeg','http://reddit.com/maecenas/tristique/est/et.jsp'),(546,5,'Vitae.mp3','https://marketwatch.com/duis.aspx'),(547,6,'CrasInPurus.mp3','http://mozilla.org/amet/turpis/elementum/ligula/vehicula.png'),(548,1,'MattisNibhLigula.jpeg','https://nhs.uk/felis.js'),(549,5,'ConsectetuerAdipiscing.ppt','https://nationalgeographic.com/eleifend/donec/ut/dolor/morbi.xml'),(550,1,'UtAtDolor.png','http://cbc.ca/ut/erat/curabitur/gravida.xml'),(551,1,'JustoLacinia.jpeg','http://va.gov/natoque/penatibus.aspx'),(552,2,'DonecUtDolor.gif','https://forbes.com/luctus/et.png'),(553,3,'UltricesEnimLorem.tiff','https://devhub.com/justo/pellentesque/viverra/pede/ac.jsp'),(554,4,'IdLigulaSuspendisse.png','https://de.vu/metus/sapien/ut/nunc/vestibulum.jpg'),(555,1,'NecMolestie.xls','http://ameblo.jp/vel/augue/vestibulum/rutrum.xml'),(556,2,'Turpis.jpeg','http://sourceforge.net/in/hac.jsp'),(557,3,'InFelisEu.avi','http://constantcontact.com/eleifend/quam/a/odio.jpg'),(558,2,'VelIpsumPraesent.avi','http://time.com/curae/nulla/dapibus.jpg'),(559,1,'Massa.tiff','https://dell.com/ac/neque/duis/bibendum/morbi/non/quam.js'),(560,1,'Proin.ppt','http://thetimes.co.uk/tempus/sit/amet/sem/fusce/consequat.json'),(561,5,'HacHabitassePlatea.ppt','https://unicef.org/mauris/sit/amet/eros.xml'),(562,6,'PosuereCubilia.doc','http://house.gov/sagittis/dui/vel.aspx'),(563,6,'MollisMolestieLorem.ppt','https://mapy.cz/vestibulum/sit/amet/cursus/id.html'),(564,6,'Condimentum.avi','http://wisc.edu/libero/nam/dui.html'),(565,7,'Dapibus.jpeg','http://cloudflare.com/nibh/in/lectus/pellentesque/at/nulla/suspendisse.aspx'),(566,4,'ConvallisEget.xls','https://cloudflare.com/ipsum/aliquam.aspx'),(567,6,'AdipiscingElitProin.ppt','http://umn.edu/ut/dolor/morbi/vel/lectus/in/quam.jpg'),(568,3,'NullaQuisqueArcu.xls','https://creativecommons.org/nulla/pede/ullamcorper/augue.js'),(569,2,'UrnaPretiumNisl.jpeg','https://mayoclinic.com/neque/libero/convallis/eget.json'),(570,3,'FelisUt.avi','https://fotki.com/phasellus/in/felis/donec.xml'),(571,7,'Quisque.mp3','https://google.de/augue/luctus.html'),(572,2,'SitAmet.avi','http://ovh.net/nonummy/maecenas.aspx'),(573,6,'Nulla.ppt','https://google.nl/non/ligula.jpg'),(574,2,'TristiqueEst.txt','http://google.fr/scelerisque/quam/turpis/adipiscing/lorem.html'),(575,1,'Erat.tiff','https://ft.com/rutrum/neque/aenean.jsp'),(576,1,'IdMaurisVulputate.doc','https://so-net.ne.jp/elementum/pellentesque/quisque/porta.json'),(577,3,'Quis.mov','http://nih.gov/a/pede.aspx'),(578,4,'OdioPorttitor.xls','https://google.it/fusce/consequat.jsp'),(579,2,'UltricesEnimLorem.jpeg','http://networksolutions.com/et/ultrices/posuere.aspx'),(580,6,'PlateaDictumstAliquam.avi','http://japanpost.jp/purus/phasellus.js'),(581,2,'Vestibulum.tiff','http://qq.com/id/sapien/in/sapien/iaculis/congue.xml'),(582,6,'RhoncusAliquet.xls','https://bizjournals.com/quis/odio/consequat/varius/integer/ac.png'),(583,4,'PellentesqueVolutpat.xls','http://cocolog-nifty.com/at.html'),(584,5,'NamNulla.ppt','http://geocities.jp/ut/nunc/vestibulum/ante/ipsum/primis/in.html'),(585,7,'Rutrum.mp3','http://unc.edu/morbi/odio/odio/elementum/eu/interdum.json'),(586,4,'OdioDonecVitae.avi','https://tinyurl.com/elementum/pellentesque/quisque.aspx'),(587,7,'DonecPosuere.avi','https://yellowpages.com/pretium/nisl/ut/volutpat/sapien/arcu.js'),(588,4,'LoremId.xls','https://meetup.com/posuere/cubilia/curae.aspx'),(589,2,'PretiumQuis.xls','http://wikipedia.org/vulputate/justo/in/blandit/ultrices/enim.json'),(590,3,'DonecOdio.mp3','https://netvibes.com/adipiscing/molestie/hendrerit.jpg'),(591,2,'NullaJusto.avi','https://pbs.org/sit/amet/eros/suspendisse.html'),(592,3,'Cubilia.avi','http://rediff.com/lobortis/est.json'),(593,4,'UtNulla.mp3','https://msn.com/primis/in/faucibus/orci/luctus.jpg'),(594,2,'MagnaBibendumImperdiet.gif','https://barnesandnoble.com/vestibulum/sit/amet/cursus/id.json'),(595,2,'Interdum.xls','https://loc.gov/vestibulum/ac/est/lacinia/nisi.xml'),(596,1,'Justo.avi','http://pcworld.com/nulla/nunc.png'),(597,6,'Odio.png','https://diigo.com/ante/ipsum/primis/in/faucibus/orci/luctus.js'),(598,4,'Morbi.avi','https://jigsy.com/morbi/quis/tortor/id/nulla/ultrices.aspx'),(599,3,'NamTristiqueTortor.ppt','https://bloomberg.com/donec/pharetra.xml'),(600,4,'AccumsanTortorQuis.xls','http://infoseek.co.jp/commodo/placerat.js'),(601,2,'PedePosuere.xls','http://rediff.com/elementum/in/hac/habitasse/platea/dictumst.jsp'),(602,1,'UtNulla.tiff','http://technorati.com/pede/ullamcorper/augue/a/suscipit/nulla.xml'),(603,7,'InFaucibus.doc','https://tinyurl.com/blandit/lacinia.js'),(604,6,'SapienVarius.jpeg','https://statcounter.com/mauris/non/ligula.jpg'),(605,7,'AmetErat.mov','http://dot.gov/imperdiet.png'),(606,2,'Imperdiet.mp3','https://wisc.edu/fermentum/justo/nec/condimentum.xml'),(607,2,'Enim.ppt','http://usda.gov/nisi/at.png'),(608,6,'Mi.ppt','https://google.es/eu/interdum/eu/tincidunt.xml'),(609,4,'PosuereMetusVitae.xls','http://house.gov/aliquet/maecenas/leo/odio/condimentum.jsp'),(610,4,'TortorRisusDapibus.ppt','https://marketwatch.com/cum.json'),(611,4,'LigulaSit.mp3','http://techcrunch.com/faucibus/orci/luctus/et/ultrices/posuere/cubilia.png'),(612,4,'SitAmetNunc.xls','http://smugmug.com/purus/phasellus/in/felis/donec/semper.aspx'),(613,4,'Quis.xls','https://fotki.com/molestie/hendrerit/at/vulputate/vitae/nisl/aenean.png'),(614,4,'Vestibulum.ppt','https://google.pl/ac/neque/duis/bibendum/morbi.aspx'),(615,5,'Dictumst.ppt','http://scribd.com/lorem/ipsum.xml'),(616,2,'LiberoNamDui.ppt','https://live.com/amet.jpg'),(617,2,'OrciEgetOrci.pdf','https://istockphoto.com/a/libero/nam/dui/proin.aspx'),(618,6,'PlateaDictumst.mp3','http://nydailynews.com/eget/rutrum/at/lorem/integer/tincidunt.jsp'),(619,7,'MorbiUt.xls','http://examiner.com/aliquam/augue.jsp'),(620,1,'InCongue.xls','https://mac.com/eros/elementum/pellentesque/quisque.js'),(621,4,'UltricesVelAugue.ppt','https://yahoo.co.jp/leo/odio/condimentum/id/luctus/nec.jpg'),(622,5,'PenatibusEt.avi','https://cpanel.net/dolor/morbi/vel/lectus/in/quam/fringilla.jpg'),(623,5,'Sed.tiff','https://hatena.ne.jp/euismod/scelerisque/quam/turpis/adipiscing/lorem/vitae.png'),(624,4,'Tellus.jpeg','https://privacy.gov.au/nulla/facilisi/cras.aspx'),(625,6,'Eu.jpeg','https://psu.edu/lacus.jpg'),(626,5,'FelisFuscePosuere.pdf','https://chicagotribune.com/nunc/viverra/dapibus/nulla/suscipit/ligula.json'),(627,4,'VolutpatDui.mp3','http://moonfruit.com/euismod/scelerisque/quam.png'),(628,1,'MorbiSem.mp3','https://cornell.edu/dapibus/duis.json'),(629,5,'SapienNon.gif','http://reverbnation.com/sapien/cursus/vestibulum/proin/eu/mi.xml'),(630,7,'Luctus.mov','http://ed.gov/eleifend/luctus/ultricies/eu/nibh.aspx'),(631,1,'Massa.avi','http://google.com.hk/nunc/purus/phasellus/in/felis.aspx'),(632,1,'LoremInteger.avi','http://pbs.org/nunc/donec.aspx'),(633,3,'Quis.tiff','http://ow.ly/donec/ut/mauris/eget/massa/tempor/convallis.png'),(634,5,'Montes.ppt','https://unc.edu/posuere/cubilia/curae/duis.xml'),(635,5,'Magnis.avi','http://accuweather.com/mus/etiam/vel/augue.xml'),(636,2,'CubiliaCurae.mov','http://taobao.com/amet.js'),(637,2,'Amet.ppt','https://yolasite.com/tincidunt/ante/vel/ipsum/praesent.json'),(638,4,'MagnaBibendum.jpeg','http://cargocollective.com/cum/sociis/natoque/penatibus/et/magnis/dis.png'),(639,2,'EtiamJustoEtiam.xls','https://stumbleupon.com/diam/nam/tristique/tortor/eu/pede.xml'),(640,1,'VitaeQuamSuspendisse.mpeg','https://jugem.jp/magnis.jpg'),(641,4,'SitAmet.gif','http://nifty.com/posuere/cubilia/curae.html'),(642,7,'Tellus.avi','https://newsvine.com/nunc/commodo/placerat/praesent.js'),(643,1,'Pharetra.xls','https://google.com/enim/leo/rhoncus/sed/vestibulum.json'),(644,3,'Nunc.xls','http://sciencedaily.com/vel/augue.js'),(645,2,'JustoAliquam.mp3','http://pinterest.com/montes/nascetur/ridiculus/mus.xml'),(646,5,'InFaucibusOrci.xls','https://blogtalkradio.com/neque/aenean/auctor/gravida/sem/praesent/id.json'),(647,7,'Lectus.xls','http://xrea.com/praesent/id/massa/id/nisl/venenatis.jpg'),(648,6,'Eu.mp3','https://barnesandnoble.com/a/pede/posuere.js'),(649,3,'EnimLeoRhoncus.avi','http://dailymotion.com/sodales/sed/tincidunt/eu/felis/fusce/posuere.xml'),(650,7,'DuisBibendum.tiff','https://vimeo.com/justo.html'),(651,7,'Quisque.jpeg','https://flickr.com/eget/nunc/donec/quis/orci/eget.jsp'),(652,3,'Nulla.avi','http://ehow.com/lacinia/aenean/sit/amet.xml'),(653,2,'VitaeQuam.pdf','https://paginegialle.it/ipsum/primis/in/faucibus/orci/luctus/et.json'),(654,7,'Massa.jpeg','http://meetup.com/quam.html'),(655,2,'Tempus.xls','https://webnode.com/curae/mauris/viverra.html'),(656,2,'NullaTempus.avi','http://ycombinator.com/nam/dui/proin/leo/odio.html'),(657,5,'Nulla.ppt','http://parallels.com/vestibulum/eget/vulputate/ut/ultrices/vel.aspx'),(658,2,'Rutrum.avi','http://discovery.com/sit/amet/sem/fusce.html'),(659,1,'PurusAliquet.mpeg','http://dyndns.org/sit/amet/nunc/viverra.jpg'),(660,6,'Etiam.mp3','https://unicef.org/erat/curabitur/gravida.png'),(661,4,'PenatibusEtMagnis.png','https://yandex.ru/consequat/nulla/nisl/nunc/nisl/duis/bibendum.jsp'),(662,4,'CrasMi.xls','http://goodreads.com/primis.js'),(663,1,'InPurus.mp3','http://hostgator.com/amet/diam/in/magna/bibendum.xml'),(664,5,'Dolor.xls','http://nsw.gov.au/sociis/natoque/penatibus/et/magnis/dis/parturient.xml'),(665,3,'EratFermentumJusto.jpeg','https://wikispaces.com/congue.jpg'),(666,3,'DictumstAliquam.ppt','https://deliciousdays.com/congue/eget/semper/rutrum/nulla.html'),(667,3,'OdioOdio.avi','https://ning.com/duis/bibendum/morbi.png'),(668,5,'TinciduntAnte.pdf','http://aboutads.info/gravida.aspx'),(669,4,'Cras.mp3','http://chron.com/ut/odio/cras/mi/pede/malesuada/in.jpg'),(670,4,'ElementumPellentesqueQuisque.tiff','https://census.gov/aliquam/erat/volutpat/in/congue/etiam/justo.jsp'),(671,3,'AtVelitEu.jpeg','https://hexun.com/cubilia.jpg'),(672,3,'NisiVolutpat.tiff','http://hexun.com/porta/volutpat/quam.xml'),(673,4,'In.avi','https://china.com.cn/mauris/eget/massa.jpg'),(674,6,'JustoMorbiUt.avi','https://dmoz.org/iaculis/justo/in.jpg'),(675,7,'AliquamQuis.avi','https://blogtalkradio.com/odio.js'),(676,6,'UltricesPosuereCubilia.tiff','https://gov.uk/praesent/lectus.json'),(677,4,'AugueVestibulumAnte.xls','https://fema.gov/eu/sapien/cursus/vestibulum/proin/eu.png'),(678,7,'LiberoNamDui.jpeg','https://mayoclinic.com/cubilia/curae/duis/faucibus/accumsan/odio/curabitur.jpg'),(679,2,'ProinInterdumMauris.xls','https://rambler.ru/primis/in/faucibus/orci/luctus/et.js'),(680,7,'Morbi.ppt','http://weibo.com/pretium.json'),(681,7,'BlanditLaciniaErat.pdf','https://4shared.com/curabitur/at.html'),(682,6,'AmetNuncViverra.tiff','https://answers.com/donec/vitae/nisi/nam/ultrices/libero.jsp'),(683,7,'OdioCurabitur.avi','http://goodreads.com/maecenas/leo.json'),(684,4,'Molestie.avi','http://flavors.me/blandit.js'),(685,1,'PedePosuere.avi','http://ucla.edu/etiam/vel/augue/vestibulum.html'),(686,6,'VelLectusIn.xls','http://archive.org/enim/blandit.jpg'),(687,3,'UtMauris.mpeg','https://paypal.com/felis/eu/sapien/cursus/vestibulum/proin/eu.json'),(688,6,'EtiamJusto.mp3','https://upenn.edu/posuere/nonummy/integer.png'),(689,6,'EuInterdumEu.xls','https://blinklist.com/suspendisse/potenti/in.png'),(690,7,'ANibh.mpeg','http://shop-pro.jp/hac/habitasse/platea.json'),(691,7,'CuraeDonecPharetra.mov','https://t.co/pellentesque/eget.xml'),(692,7,'VulputateUt.avi','http://arstechnica.com/viverra/dapibus/nulla/suscipit/ligula/in/lacus.aspx'),(693,4,'MaurisEget.jpeg','https://cocolog-nifty.com/faucibus.png'),(694,7,'MetusAeneanFermentum.txt','https://skyrock.com/condimentum/id.json'),(695,3,'Odio.ppt','https://cafepress.com/venenatis/lacinia/aenean/sit.js'),(696,1,'ConsectetuerAdipiscing.gif','http://auda.org.au/magna/ac/consequat/metus/sapien/ut.html'),(697,7,'NonummyMaecenas.tiff','http://wikipedia.org/in/est/risus/auctor/sed.html'),(698,1,'Non.ppt','http://latimes.com/rutrum/nulla/nunc/purus/phasellus/in.json'),(699,7,'Sem.xls','https://mashable.com/augue/quam/sollicitudin.jpg'),(700,3,'CongueVivamus.mpeg','http://oaic.gov.au/pulvinar/nulla/pede/ullamcorper/augue/a/suscipit.png'),(701,5,'Sit.ppt','http://xing.com/pellentesque/quisque/porta/volutpat/erat.jsp'),(702,4,'LacusMorbi.tiff','https://google.pl/eu/felis/fusce/posuere/felis/sed/lacus.jpg'),(703,5,'AmetSemFusce.mp3','http://guardian.co.uk/viverra/eget.jsp'),(704,1,'In.mp3','http://cargocollective.com/volutpat/quam.png'),(705,3,'SapienDignissim.jpeg','https://netvibes.com/sodales.jpg'),(706,3,'AliquetPulvinarSed.gif','http://networkadvertising.org/augue/vestibulum/ante/ipsum/primis.js'),(707,5,'Risus.avi','https://biblegateway.com/libero/nam/dui/proin/leo/odio/porttitor.png'),(708,6,'FeugiatEt.avi','http://comcast.net/nulla/integer/pede.json'),(709,2,'Ultrices.avi','https://istockphoto.com/tristique/est.xml'),(710,7,'PraesentIdMassa.xls','https://newyorker.com/primis/in/faucibus/orci.jsp'),(711,4,'Ligula.png','https://ebay.co.uk/sed/sagittis.js'),(712,4,'EuEstCongue.png','http://salon.com/imperdiet.xml'),(713,2,'Et.pdf','https://ow.ly/quisque/ut.png'),(714,5,'Sapien.xls','https://nps.gov/vel/dapibus/at/diam.jsp'),(715,1,'Suscipit.xls','http://yellowbook.com/metus/arcu/adipiscing.js'),(716,2,'NullaIntegerPede.mp3','http://jalbum.net/nulla.jsp'),(717,7,'Platea.xls','https://themeforest.net/odio/donec/vitae/nisi.json'),(718,3,'AugueAliquamErat.ppt','http://ucla.edu/velit/vivamus.jpg'),(719,5,'NullaNuncPurus.gif','http://cdbaby.com/nonummy/integer/non.js'),(720,1,'EratQuisqueErat.mp3','http://techcrunch.com/tempus/semper/est/quam/pharetra/magna/ac.js'),(721,7,'Lectus.jpeg','http://chron.com/massa/tempor.json'),(722,2,'VivamusTortor.ppt','https://dailymail.co.uk/turpis/donec/posuere/metus/vitae.js'),(723,7,'Vitae.mp3','http://fc2.com/massa/tempor/convallis/nulla/neque.html'),(724,2,'Aenean.jpeg','http://webs.com/elementum/in.html'),(725,2,'QuamPharetra.mpeg','http://accuweather.com/quam/sapien/varius/ut.html'),(726,3,'VestibulumAliquetUltrices.tiff','https://hud.gov/tincidunt/eget/tempus/vel/pede.jpg'),(727,4,'DiamId.png','http://issuu.com/porttitor.html'),(728,5,'Mauris.pdf','https://goo.ne.jp/volutpat/in/congue/etiam/justo/etiam/pretium.html'),(729,2,'Auctor.xls','http://ucoz.com/magna/at/nunc/commodo/placerat/praesent/blandit.jpg'),(730,6,'Morbi.avi','https://simplemachines.org/vivamus/in/felis/eu/sapien/cursus.xml'),(731,7,'Velit.xls','https://virginia.edu/augue.aspx'),(732,3,'UtMassa.doc','https://prweb.com/nullam/orci.html'),(733,4,'HacHabitasse.tiff','http://scribd.com/donec/semper/sapien/a/libero.js'),(734,5,'Luctus.mp3','https://mapquest.com/facilisi/cras/non.png'),(735,7,'PrimisIn.png','http://friendfeed.com/cubilia.js'),(736,3,'Congue.xls','http://mashable.com/non/ligula/pellentesque/ultrices/phasellus.aspx'),(737,1,'PhasellusSit.mov','http://ebay.co.uk/in/congue/etiam/justo.jsp'),(738,5,'Varius.xls','https://people.com.cn/nullam/molestie/nibh/in/lectus/pellentesque/at.html'),(739,7,'PraesentId.mp3','http://google.ru/condimentum/neque/sapien/placerat/ante/nulla/justo.aspx'),(740,2,'MorbiOdio.ppt','https://newyorker.com/curabitur/at/ipsum/ac/tellus/semper.xml'),(741,4,'Tristique.mp3','http://cmu.edu/vel/dapibus/at/diam/nam.xml'),(742,4,'Volutpat.png','https://bizjournals.com/consequat/morbi.png'),(743,5,'Nisi.tiff','http://indiatimes.com/nullam/molestie/nibh.js'),(744,1,'InFaucibus.gif','https://unc.edu/leo/maecenas/pulvinar/lobortis/est/phasellus/sit.html'),(745,6,'VulputateElementum.avi','https://alexa.com/non/mattis/pulvinar/nulla/pede.jpg'),(746,3,'Ante.mp3','http://simplemachines.org/rutrum/at/lorem/integer.png'),(747,4,'Odio.png','https://biglobe.ne.jp/convallis/duis/consequat/dui/nec.json'),(748,3,'Duis.ppt','http://census.gov/interdum/mauris/ullamcorper/purus/sit/amet.js'),(749,6,'OdioCrasMi.mp3','https://deliciousdays.com/magna/vestibulum/aliquet/ultrices.aspx'),(750,2,'InCongue.tiff','https://hugedomains.com/elementum/eu/interdum/eu/tincidunt/in.png'),(751,1,'InLeoMaecenas.mp3','https://gizmodo.com/in/tempus/sit/amet/sem/fusce/consequat.js'),(752,7,'QuamPede.xls','http://instagram.com/purus.jsp'),(753,1,'EgetMassa.mp3','http://webmd.com/consequat/in/consequat/ut/nulla/sed.jpg'),(754,4,'Purus.tiff','http://msu.edu/donec/vitae/nisi.jsp'),(755,6,'Viverra.ppt','http://lycos.com/at/feugiat/non.xml'),(756,7,'ConsequatDuiNec.xls','http://dagondesign.com/in/faucibus/orci/luctus/et/ultrices/posuere.aspx'),(757,2,'Libero.mp3','http://eventbrite.com/venenatis/turpis.html'),(758,5,'Nibh.ppt','http://nhs.uk/non/velit/donec/diam/neque/vestibulum/eget.aspx'),(759,1,'LaciniaSapien.mp3','http://vk.com/tincidunt/in.jsp'),(760,2,'SemDuisAliquam.ppt','https://github.io/et/ultrices/posuere/cubilia.js'),(761,5,'InPorttitorPede.avi','http://smugmug.com/auctor/sed/tristique/in/tempus/sit.jsp'),(762,1,'Nulla.xls','https://cbsnews.com/augue.js'),(763,7,'FelisSedInterdum.xls','https://nba.com/imperdiet/sapien/urna/pretium/nisl.jpg'),(764,4,'MorbiUtOdio.gif','http://usatoday.com/ultrices.json'),(765,5,'Ut.pdf','https://blinklist.com/morbi/vestibulum/velit/id/pretium.jpg'),(766,7,'Ut.xls','http://tamu.edu/vel/lectus/in/quam.xml'),(767,4,'AcTellusSemper.png','https://google.fr/consequat/lectus/in.aspx'),(768,6,'InHacHabitasse.mp3','https://hhs.gov/tincidunt/ante.png'),(769,2,'UltricesVel.mp3','http://ning.com/proin/eu/mi.js'),(770,2,'Praesent.avi','https://squarespace.com/aliquam/quis.html'),(771,6,'Venenatis.ppt','http://dedecms.com/ac/nibh/fusce/lacus/purus.js'),(772,3,'CumSociisNatoque.mp3','http://princeton.edu/maecenas/ut/massa/quis.xml'),(773,4,'NuncDonec.mp3','http://webmd.com/rutrum/at/lorem.xml'),(774,1,'In.ppt','http://shinystat.com/est.jsp'),(775,4,'IdConsequat.xls','https://discovery.com/donec/semper/sapien/a/libero.jsp'),(776,7,'AnteIpsumPrimis.ppt','http://phpbb.com/orci/luctus.json'),(777,2,'RidiculusMus.mp3','http://answers.com/vivamus/in.xml'),(778,3,'Rutrum.tiff','http://archive.org/ut/rhoncus/aliquet/pulvinar/sed/nisl/nunc.jsp'),(779,6,'NatoquePenatibus.xls','https://amazon.co.uk/sed/tristique.json'),(780,1,'LaoreetUtRhoncus.xls','http://hatena.ne.jp/condimentum/id.xml'),(781,6,'Quis.ppt','http://histats.com/ut/volutpat/sapien/arcu/sed/augue.aspx'),(782,5,'UltricesMattisOdio.xls','https://dailymotion.com/ac.js'),(783,1,'Rhoncus.pdf','http://etsy.com/amet/nunc/viverra.aspx'),(784,1,'IpsumInteger.jpeg','http://nifty.com/placerat/praesent.jsp'),(785,4,'TortorRisus.jpeg','https://scientificamerican.com/urna/pretium.js'),(786,1,'EstCongueElementum.ppt','https://elpais.com/sagittis/dui/vel/nisl/duis/ac.js'),(787,2,'Quisque.jpeg','https://ted.com/pharetra.aspx'),(788,4,'Magna.doc','https://google.de/lacus/morbi/quis.js'),(789,7,'UltriciesEuNibh.mp3','http://wiley.com/congue/etiam/justo/etiam.json'),(790,7,'EstLaciniaNisi.mp3','https://dot.gov/tincidunt.html'),(791,3,'ViverraEget.xls','https://alexa.com/egestas/metus/aenean/fermentum.json'),(792,3,'FaucibusOrci.xls','http://arizona.edu/quam.xml'),(793,1,'Pretium.xls','https://macromedia.com/lectus/vestibulum/quam/sapien/varius.jsp'),(794,4,'ErosElementum.tiff','http://mac.com/ullamcorper/augue/a.xml'),(795,7,'MagnisDisParturient.xls','http://house.gov/at/nulla/suspendisse/potenti/cras/in/purus.js'),(796,4,'OdioPorttitor.avi','https://cnbc.com/nulla.aspx'),(797,6,'ProinLeo.mp3','https://hatena.ne.jp/integer/ac/neque/duis/bibendum.png'),(798,1,'Vel.jpeg','https://webnode.com/aliquam/quis/turpis/eget/elit.json'),(799,7,'UltricesLiberoNon.mp3','https://webnode.com/urna/pretium/nisl/ut.jpg'),(800,7,'VitaeIpsum.tiff','http://hexun.com/dictumst/morbi/vestibulum/velit.xml'),(801,3,'DapibusNulla.xls','http://fotki.com/posuere/nonummy/integer/non/velit/donec/diam.xml'),(802,6,'Luctus.jpeg','http://clickbank.net/aliquet/ultrices/erat/tortor/sollicitudin.aspx'),(803,7,'NecSem.tiff','http://house.gov/condimentum/id.html'),(804,1,'PorttitorLorem.xls','http://admin.ch/vestibulum.js'),(805,5,'InLectus.jpeg','http://foxnews.com/libero/convallis/eget.jsp'),(806,4,'MolestieLorem.tiff','http://china.com.cn/lacus/at.jpg'),(807,2,'Maecenas.xls','https://networksolutions.com/nunc.js'),(808,4,'NonPretiumQuis.mpeg','https://stanford.edu/volutpat/sapien.js'),(809,6,'EstEt.avi','https://mlb.com/malesuada/in.js'),(810,5,'AOdio.ppt','https://t-online.de/quam/turpis/adipiscing/lorem/vitae.png'),(811,6,'VestibulumAnte.mov','https://slate.com/sit.json'),(812,3,'NecNisi.mp3','https://joomla.org/aliquet/ultrices.jsp'),(813,5,'PedeAcDiam.ppt','https://friendfeed.com/ante.png'),(814,2,'RhoncusAliquet.tiff','http://cisco.com/duis/mattis/egestas/metus.png'),(815,3,'ErosElementum.avi','https://biglobe.ne.jp/diam.jpg'),(816,4,'VulputateUt.xls','http://mediafire.com/nec/nisi/volutpat/eleifend/donec.png'),(817,3,'Pretium.ppt','https://si.edu/aliquam/quis/turpis/eget.json'),(818,2,'Commodo.xls','https://simplemachines.org/tortor.jpg'),(819,3,'InHac.xls','http://house.gov/enim/sit.png'),(820,7,'AIpsumInteger.doc','https://prnewswire.com/tempor/convallis/nulla/neque/libero/convallis/eget.aspx'),(821,1,'SemDuis.gif','http://earthlink.net/vulputate/vitae/nisl/aenean/lectus/pellentesque/eget.html'),(822,7,'DapibusAugueVel.gif','http://phoca.cz/lacus.html'),(823,3,'Lacus.mp3','https://people.com.cn/leo/pellentesque/ultrices.xml'),(824,5,'DiamCrasPellentesque.mpeg','https://geocities.jp/lectus.json'),(825,7,'PulvinarLobortis.ppt','http://1und1.de/ac/leo/pellentesque/ultrices/mattis/odio.json'),(826,7,'HacHabitassePlatea.ppt','http://mozilla.org/pede.png'),(827,3,'At.xls','http://yahoo.co.jp/ut.png'),(828,7,'VelPedeMorbi.avi','https://ucoz.com/donec.png'),(829,2,'HabitassePlateaDictumst.jpeg','https://ehow.com/consequat/dui.json'),(830,5,'Felis.mov','http://dailymail.co.uk/proin/leo/odio/porttitor/id.js'),(831,2,'Turpis.jpeg','https://prlog.org/augue/vestibulum.json'),(832,7,'AmetJusto.mp3','https://google.com.br/elementum/ligula/vehicula.json'),(833,2,'Nisi.xls','https://myspace.com/eu/tincidunt/in/leo.jpg'),(834,6,'PrimisInFaucibus.pdf','https://nationalgeographic.com/ac/enim.html'),(835,3,'Ipsum.ppt','http://narod.ru/magna/ac/consequat/metus.html'),(836,6,'ElementumPellentesqueQuisque.png','http://timesonline.co.uk/in.json'),(837,6,'HacHabitassePlatea.tiff','http://goo.ne.jp/porttitor/lorem/id.aspx'),(838,3,'DonecQuis.avi','http://yandex.ru/id/nisl/venenatis/lacinia/aenean.xml'),(839,7,'PurusAliquetAt.pdf','http://wikispaces.com/pede/morbi/porttitor/lorem/id/ligula.png'),(840,1,'Nam.ppt','http://npr.org/fusce/posuere/felis/sed.png'),(841,4,'Vel.avi','https://ted.com/lobortis/vel/dapibus/at/diam.js'),(842,4,'Pede.xls','http://simplemachines.org/lectus/vestibulum/quam.json'),(843,7,'JustoNecCondimentum.mov','http://reddit.com/commodo/placerat/praesent/blandit.jpg'),(844,2,'VestibulumProinEu.tiff','http://1und1.de/in/quis/justo/maecenas/rhoncus/aliquam.png'),(845,6,'SemSed.ppt','http://multiply.com/hac/habitasse/platea/dictumst/aliquam/augue/quam.html'),(846,3,'ViverraPede.xls','https://webs.com/pellentesque/at/nulla.aspx'),(847,7,'Eget.doc','https://apache.org/diam/cras/pellentesque/volutpat.js'),(848,2,'InFaucibusOrci.mov','https://livejournal.com/aliquet/pulvinar/sed/nisl/nunc/rhoncus/dui.xml'),(849,2,'In.xls','http://businessweek.com/imperdiet/nullam/orci/pede/venenatis/non.aspx'),(850,1,'NamUltrices.ppt','https://shop-pro.jp/tortor/sollicitudin/mi.aspx'),(851,2,'PellentesqueVolutpatDui.xls','http://tmall.com/eros/elementum/pellentesque/quisque/porta/volutpat.aspx'),(852,4,'MaurisNon.png','http://creativecommons.org/nulla/ut/erat/id/mauris.jsp'),(853,2,'TortorId.jpeg','https://cbsnews.com/nunc/donec/quis/orci/eget/orci.aspx'),(854,1,'RutrumRutrum.tiff','https://ning.com/in/magna/bibendum/imperdiet/nullam/orci.png'),(855,4,'VariusUtBlandit.ppt','http://pagesperso-orange.fr/amet/eros/suspendisse/accumsan/tortor/quis.jpg'),(856,4,'IdMassa.pdf','https://yellowbook.com/varius.aspx'),(857,2,'SedLacus.ppt','https://wix.com/rutrum/nulla/nunc/purus/phasellus/in/felis.html'),(858,3,'LaoreetUt.ppt','http://xinhuanet.com/faucibus/orci/luctus/et/ultrices.jpg'),(859,7,'DonecUt.jpeg','https://yellowpages.com/sapien/urna/pretium/nisl/ut/volutpat/sapien.png'),(860,2,'LectusSuspendisse.avi','http://uiuc.edu/nonummy/maecenas/tincidunt/lacus.jpg'),(861,6,'FelisSed.avi','https://wufoo.com/libero/rutrum/ac/lobortis/vel/dapibus.png'),(862,1,'AtNuncCommodo.ppt','http://blinklist.com/ligula/in/lacus/curabitur/at.html'),(863,5,'MagnaVestibulum.txt','http://ibm.com/sociis/natoque/penatibus/et.png'),(864,5,'Posuere.mp3','http://mac.com/metus/aenean/fermentum/donec/ut.jpg'),(865,6,'Tincidunt.xls','https://furl.net/ipsum/primis/in/faucibus/orci/luctus/et.jsp'),(866,7,'A.mp3','https://nps.gov/ipsum/dolor/sit/amet/consectetuer/adipiscing/elit.js'),(867,5,'Ac.ppt','https://yolasite.com/libero/ut/massa/volutpat/convallis/morbi/odio.xml'),(868,6,'Pede.mov','http://typepad.com/dictumst/etiam/faucibus/cursus.xml'),(869,2,'At.xls','http://wordpress.com/vestibulum/eget/vulputate/ut/ultrices.aspx'),(870,2,'NullaAcEnim.avi','http://linkedin.com/suscipit/ligula/in.xml'),(871,4,'InEst.mp3','http://clickbank.net/ac/est/lacinia/nisi/venenatis.png'),(872,1,'Venenatis.mp3','http://parallels.com/rhoncus/dui/vel/sem/sed/sagittis.jsp'),(873,5,'AmetErat.mp3','http://blogtalkradio.com/arcu/adipiscing/molestie.jpg'),(874,5,'PedeVenenatis.mov','https://bigcartel.com/faucibus/accumsan/odio/curabitur/convallis.png'),(875,7,'Consequat.xls','https://house.gov/diam/in/magna.html'),(876,5,'IpsumDolor.mp3','https://utexas.edu/et/ultrices/posuere/cubilia.xml'),(877,7,'Orci.ppt','https://woothemes.com/semper/sapien/a/libero/nam/dui/proin.html'),(878,5,'NullaJusto.tiff','http://harvard.edu/cursus/urna/ut/tellus/nulla/ut.png'),(879,4,'Duis.ppt','http://fc2.com/vestibulum/ante/ipsum/primis/in/faucibus/orci.aspx'),(880,4,'Adipiscing.png','http://w3.org/posuere/cubilia/curae/donec/pharetra/magna.html'),(881,6,'VolutpatDuiMaecenas.ppt','http://aboutads.info/porta/volutpat/erat/quisque.png'),(882,7,'EgetEros.xls','http://mac.com/vitae/mattis/nibh/ligula.json'),(883,6,'AliquetUltricesErat.mp3','http://google.co.uk/ultrices/mattis.html'),(884,4,'Iaculis.doc','http://privacy.gov.au/lacinia/erat/vestibulum.js'),(885,1,'Proin.ppt','http://reference.com/purus/eu/magna/vulputate.json'),(886,4,'NonVelitDonec.avi','http://merriam-webster.com/nam/congue.aspx'),(887,6,'Luctus.mov','http://abc.net.au/praesent/blandit/lacinia.xml'),(888,1,'Tempor.png','https://globo.com/ut.jsp'),(889,1,'Luctus.avi','https://nydailynews.com/molestie/hendrerit/at/vulputate/vitae/nisl.jpg'),(890,4,'AliquetPulvinarSed.ppt','https://yellowpages.com/vestibulum.aspx'),(891,1,'InSapienIaculis.txt','http://mac.com/eget/eros/elementum/pellentesque/quisque/porta/volutpat.js'),(892,2,'Eu.doc','https://wp.com/amet.png'),(893,2,'ProinLeoOdio.jpeg','https://purevolume.com/vehicula/condimentum/curabitur.xml'),(894,2,'Dapibus.ppt','http://google.com/ut.jpg'),(895,6,'Curae.tiff','https://bandcamp.com/ipsum/primis/in.jsp'),(896,2,'NullaInteger.avi','https://google.com.br/odio/elementum/eu/interdum/eu/tincidunt.jsp'),(897,5,'QuisOrci.xls','https://prlog.org/amet/eros/suspendisse.html'),(898,3,'MorbiNonLectus.xls','https://telegraph.co.uk/mauris/enim/leo/rhoncus/sed/vestibulum.png'),(899,4,'AcTellus.jpeg','http://ucoz.com/sem/duis/aliquam/convallis/nunc/proin/at.js'),(900,7,'PrimisInFaucibus.mp3','http://blogspot.com/arcu/sed/augue/aliquam/erat/volutpat.aspx'),(901,6,'Nec.mp3','https://behance.net/convallis/nunc.jsp'),(902,6,'VitaeIpsum.txt','http://naver.com/in.html'),(903,6,'Parturient.avi','https://dropbox.com/vitae/consectetuer/eget/rutrum/at/lorem/integer.aspx'),(904,3,'SagittisDui.mpeg','https://forbes.com/platea/dictumst/maecenas/ut.xml'),(905,7,'TurpisEget.mp3','http://imgur.com/sapien/non.xml'),(906,2,'NonVelit.ppt','https://ezinearticles.com/vel/ipsum/praesent/blandit/lacinia/erat/vestibulum.jsp'),(907,3,'PedeUllamcorper.jpeg','http://senate.gov/est/congue/elementum/in/hac/habitasse/platea.json'),(908,6,'SitAmet.mp3','https://feedburner.com/libero/non/mattis/pulvinar.js'),(909,5,'Lacinia.avi','https://pcworld.com/vestibulum/ante/ipsum.html'),(910,5,'EuOrciMauris.jpeg','https://cnet.com/in/congue/etiam.jsp'),(911,1,'MagnaBibendum.xls','https://linkedin.com/mauris/laoreet/ut/rhoncus.html'),(912,7,'Vulputate.mpeg','https://usatoday.com/neque/duis/bibendum.html'),(913,2,'Pede.xls','http://ameblo.jp/ante/vestibulum.png'),(914,5,'Ut.txt','http://state.gov/amet/diam.aspx'),(915,6,'Dolor.mp3','https://indiegogo.com/eu/orci/mauris/lacinia/sapien.html'),(916,7,'SedInterdum.doc','https://comcast.net/ante/nulla/justo/aliquam/quis/turpis.xml'),(917,5,'Morbi.mov','https://instagram.com/scelerisque.json'),(918,1,'DictumstAliquam.mp3','http://latimes.com/nunc/commodo/placerat/praesent/blandit/nam.jpg'),(919,6,'LacusPurusAliquet.tiff','https://godaddy.com/sapien/cum/sociis/natoque/penatibus/et/magnis.xml'),(920,4,'DuiVelSem.jpeg','https://com.com/morbi/non/quam/nec/dui/luctus.aspx'),(921,6,'NullaEget.avi','https://icio.us/nullam/varius/nulla/facilisi/cras/non/velit.png'),(922,6,'AliquetUltrices.png','http://paypal.com/mauris/ullamcorper/purus.html'),(923,1,'SapienDignissim.xls','https://independent.co.uk/lectus/vestibulum/quam.xml'),(924,6,'VelEnimSit.jpeg','http://quantcast.com/nullam/molestie/nibh/in/lectus/pellentesque.jpg'),(925,1,'CongueEtiamJusto.mpeg','https://apache.org/sapien/dignissim/vestibulum.png'),(926,2,'Vestibulum.ppt','https://bloomberg.com/parturient/montes/nascetur/ridiculus/mus.jsp'),(927,7,'DonecVitae.avi','https://hatena.ne.jp/justo/lacinia/eget/tincidunt.aspx'),(928,2,'Tincidunt.ppt','http://pcworld.com/odio/donec.aspx'),(929,4,'Felis.xls','https://typepad.com/donec/ut/dolor.xml'),(930,4,'LectusPellentesque.jpeg','https://si.edu/nulla/dapibus.json'),(931,5,'NullaSuscipitLigula.tiff','https://utexas.edu/eleifend/luctus.json'),(932,2,'PulvinarNulla.xls','https://wordpress.org/quam/fringilla/rhoncus/mauris/enim/leo/rhoncus.json'),(933,5,'Praesent.tiff','http://answers.com/non/pretium/quis/lectus/suspendisse/potenti/in.xml'),(934,1,'Justo.doc','https://loc.gov/luctus/et/ultrices/posuere.js'),(935,3,'LobortisConvallisTortor.ppt','http://issuu.com/nulla.json'),(936,1,'NamTristiqueTortor.avi','https://nytimes.com/ipsum/dolor/sit/amet/consectetuer/adipiscing/elit.jpg'),(937,5,'AdipiscingElit.mp3','https://technorati.com/et/ultrices/posuere/cubilia/curae/duis.js'),(938,1,'Est.tiff','https://csmonitor.com/eu/felis.js'),(939,3,'MorbiQuis.tiff','https://wikimedia.org/id/turpis/integer/aliquet/massa.jsp'),(940,6,'Ac.ppt','http://chron.com/hac/habitasse/platea/dictumst.json'),(941,7,'PotentiCrasIn.ppt','http://lycos.com/eget/rutrum/at/lorem/integer/tincidunt/ante.js'),(942,2,'Orci.avi','https://g.co/vestibulum/quam/sapien/varius/ut.png'),(943,2,'Quam.xls','https://cbslocal.com/augue/vestibulum/ante.jpg'),(944,2,'PraesentLectus.mp3','https://constantcontact.com/primis/in/faucibus/orci.html'),(945,1,'AmetConsectetuer.avi','http://vinaora.com/scelerisque/mauris/sit/amet/eros.json'),(946,6,'Eleifend.avi','http://gmpg.org/vulputate/justo/in/blandit.png'),(947,4,'MaurisEget.xls','https://facebook.com/turpis/integer/aliquet/massa/id/lobortis.xml'),(948,5,'Orci.jpeg','http://hao123.com/vel.json'),(949,3,'FaucibusAccumsan.pdf','https://tinypic.com/ante/ipsum.xml'),(950,6,'PosuereNonummyInteger.xls','http://ucsd.edu/faucibus/orci/luctus/et/ultrices/posuere.html'),(951,5,'ElitAcNulla.xls','http://addthis.com/morbi/porttitor/lorem.xml'),(952,7,'SemperSapienA.mov','http://mtv.com/aenean/sit.xml'),(953,5,'EnimSitAmet.mp3','http://narod.ru/primis.json'),(954,2,'VestibulumSitAmet.ppt','http://forbes.com/consequat/morbi.aspx'),(955,2,'Id.mp3','http://patch.com/aliquet/massa.aspx'),(956,6,'VenenatisTristiqueFusce.mp3','http://360.cn/curabitur/gravida/nisi/at/nibh/in/hac.js'),(957,5,'Luctus.xls','https://apple.com/eget/vulputate.aspx'),(958,1,'Erat.xls','http://wsj.com/sem.aspx'),(959,1,'Dui.mp3','https://quantcast.com/ultrices/posuere/cubilia.jsp'),(960,2,'LigulaPellentesque.gif','https://prweb.com/rhoncus/aliquet/pulvinar.js'),(961,2,'Vestibulum.gif','http://java.com/sed/augue/aliquam/erat.png'),(962,2,'NislAenean.jpeg','http://fc2.com/id/massa/id.html'),(963,6,'MorbiVestibulum.png','http://networkadvertising.org/sem.png'),(964,2,'UrnaUtTellus.gif','https://dailymotion.com/odio/in/hac/habitasse.xml'),(965,2,'LectusPellentesque.mp3','http://pagesperso-orange.fr/viverra/eget/congue.aspx'),(966,6,'Aliquet.avi','https://aol.com/platea/dictumst/maecenas/ut/massa/quis.js'),(967,3,'FelisDonec.jpeg','http://bloglines.com/penatibus/et/magnis/dis/parturient.xml'),(968,3,'AtDiam.png','http://indiegogo.com/mi.html'),(969,7,'InFelisEu.mp3','http://vistaprint.com/turpis/sed/ante/vivamus/tortor/duis.jpg'),(970,3,'GravidaSem.xls','https://nih.gov/parturient/montes/nascetur/ridiculus.aspx'),(971,2,'NonummyInteger.avi','http://lycos.com/tempor/turpis/nec/euismod/scelerisque.png'),(972,2,'PellentesqueVolutpat.mp3','https://harvard.edu/magna/vulputate/luctus/cum/sociis/natoque.html'),(973,3,'AcNequeDuis.avi','http://github.io/sapien/sapien/non.js'),(974,2,'OrciNullamMolestie.avi','https://springer.com/praesent/blandit/nam.jsp'),(975,3,'CrasMiPede.avi','http://linkedin.com/luctus.xml'),(976,5,'NonVelit.mpeg','https://is.gd/volutpat/erat/quisque.aspx'),(977,7,'EuPede.gif','https://google.pl/vivamus/in/felis/eu/sapien.jsp'),(978,3,'FelisUtAt.mp3','https://jimdo.com/ultrices/mattis/odio/donec/vitae/nisi.jsp'),(979,7,'EratFermentumJusto.ppt','http://myspace.com/lobortis/ligula/sit/amet/eleifend.aspx'),(980,4,'TristiqueEst.png','https://loc.gov/cursus.aspx'),(981,3,'EgetOrciVehicula.xls','http://nifty.com/convallis/morbi.aspx'),(982,6,'Nulla.avi','https://lycos.com/augue/quam/sollicitudin/vitae.jpg'),(983,5,'Ipsum.mov','http://sciencedirect.com/vulputate/elementum/nullam/varius/nulla/facilisi.js'),(984,6,'ErosVestibulum.tiff','https://163.com/a/feugiat/et/eros/vestibulum/ac/est.html'),(985,6,'PellentesqueViverraPede.txt','https://prnewswire.com/quam.xml'),(986,2,'LectusSuspendissePotenti.ppt','https://webmd.com/ligula/suspendisse/ornare/consequat/lectus/in/est.xml'),(987,3,'Et.avi','https://rediff.com/pede/justo.png'),(988,2,'Elementum.avi','https://ucoz.com/magnis/dis/parturient/montes.xml'),(989,1,'VulputateVitae.ppt','http://google.es/nunc/proin/at/turpis/a.html'),(990,6,'Dictumst.ppt','http://tmall.com/odio/condimentum/id/luctus/nec/molestie/sed.xml'),(991,3,'In.xls','http://ibm.com/pretium/iaculis/justo/in/hac.xml'),(992,5,'Pellentesque.xls','http://answers.com/nulla.png'),(993,3,'VestibulumProinEu.ppt','http://deviantart.com/mauris/ullamcorper/purus/sit.xml'),(994,6,'ElementumLigulaVehicula.pdf','http://ucsd.edu/vel/sem/sed/sagittis/nam.html'),(995,6,'AmetCursus.ppt','http://surveymonkey.com/vel.aspx'),(996,1,'NequeLiberoConvallis.avi','http://icio.us/quam/a/odio/in/hac/habitasse/platea.html'),(997,1,'VelNullaEget.tiff','http://ovh.net/tempus.png'),(998,3,'SitAmet.ppt','https://biglobe.ne.jp/vel.html'),(999,5,'Sit.ppt','https://upenn.edu/quis/augue/luctus.jpg'),(1000,5,'IpsumPrimis.mpeg','http://samsung.com/diam/nam/tristique/tortor/eu.jpg');
/*!40000 ALTER TABLE `app_page_content` ENABLE KEYS */;
UNLOCK TABLES;

--
-- Table structure for table `attraction`
--

DROP TABLE IF EXISTS `attraction`;
/*!40101 SET @saved_cs_client     = @@character_set_client */;
/*!50503 SET character_set_client = utf8mb4 */;
CREATE TABLE `attraction` (
  `attraction_ID` int NOT NULL,
  `attraction_type` int DEFAULT NULL,
  `attraction_name` varchar(100) DEFAULT NULL,
  `attraction_description` varchar(255) DEFAULT NULL,
  `attraction_media` varchar(255) DEFAULT NULL,
  `property_ID` int DEFAULT NULL,
  PRIMARY KEY (`attraction_ID`),
  KEY `property_ID` (`property_ID`),
  CONSTRAINT `attraction_ibfk_1` FOREIGN KEY (`property_ID`) REFERENCES `property` (`property_ID`)
) ENGINE=InnoDB DEFAULT CHARSET=utf8mb4 COLLATE=utf8mb4_0900_ai_ci;
/*!40101 SET character_set_client = @saved_cs_client */;

--
-- Dumping data for table `attraction`
--

LOCK TABLES `attraction` WRITE;
/*!40000 ALTER TABLE `attraction` DISABLE KEYS */;
INSERT INTO `attraction` VALUES (1,1,'Hot Tub','Exciting','.../amenity/picture_library',16),(2,2,'Park','Wonderful','.../amenity/picture_library',125),(3,3,'Free Parking','Wonderful','.../amenity/picture_library',79),(4,4,'Waterfront','Beautiful','.../amenity/picture_library',120),(5,5,'Theme Park','Amazing','.../amenity/picture_library',88),(6,6,'Ski','Amazing','.../amenity/picture_library',182),(7,7,'Ski','Amazing','.../amenity/picture_library',159),(8,8,'Ski','Wonderful','.../amenity/picture_library',26),(9,9,'Playground','Wonderful','.../amenity/picture_library',63),(10,10,'Theme Park','Excellent','.../amenity/picture_library',103),(11,11,'Playground','Beautiful','.../amenity/picture_library',89),(12,12,'Beachfront','Amazing','.../amenity/picture_library',55),(13,13,'Free Parking','Wonderful','.../amenity/picture_library',146),(14,14,'Park','Amazing','.../amenity/picture_library',123),(15,15,'Theme Park','Amazing','.../amenity/picture_library',200),(16,16,'Ski','Amazing','.../amenity/picture_library',121),(17,17,'Beachfront','Amazing','.../amenity/picture_library',91),(18,18,'Hot Tub','Exciting','.../amenity/picture_library',80),(19,19,'Ski','Amazing','.../amenity/picture_library',39),(20,20,'Theme Park','Excellent','.../amenity/picture_library',128),(21,21,'Theme Park','Joyous','.../amenity/picture_library',43),(22,22,'Park','Excellent','.../amenity/picture_library',83),(23,23,'Waterfront','Beautiful','.../amenity/picture_library',121),(24,24,'Ski','Wonderful','.../amenity/picture_library',144),(25,25,'Playground','Wonderful','.../amenity/picture_library',120),(26,26,'Free Parking','Amazing','.../amenity/picture_library',114),(27,27,'Waterfront','Joyous','.../amenity/picture_library',50),(28,28,'Hot Tub','Amazing','.../amenity/picture_library',146),(29,29,'Pool','Beautiful','.../amenity/picture_library',124),(30,30,'Hot Tub','Exciting','.../amenity/picture_library',154),(31,31,'Playground','Exciting','.../amenity/picture_library',12),(32,32,'Playground','Joyous','.../amenity/picture_library',50),(33,33,'Park','Joyous','.../amenity/picture_library',126),(34,34,'Waterfront','Exciting','.../amenity/picture_library',17),(35,35,'Beachfront','Excellent','.../amenity/picture_library',92),(36,36,'Beachfront','Joyous','.../amenity/picture_library',173),(37,37,'Pool','Exciting','.../amenity/picture_library',1),(38,38,'Waterfront','Wonderful','.../amenity/picture_library',119),(39,39,'Free Parking','Wonderful','.../amenity/picture_library',139),(40,40,'Beachfront','Joyous','.../amenity/picture_library',182),(41,41,'Hot Tub','Excellent','.../amenity/picture_library',18),(42,42,'Pool','Exciting','.../amenity/picture_library',18),(43,43,'Hot Tub','Wonderful','.../amenity/picture_library',183),(44,44,'Park','Amazing','.../amenity/picture_library',135),(45,45,'Beachfront','Joyous','.../amenity/picture_library',147),(46,46,'Ski','Wonderful','.../amenity/picture_library',124),(47,47,'Pool','Amazing','.../amenity/picture_library',43),(48,48,'Free Parking','Wonderful','.../amenity/picture_library',99),(49,49,'Theme Park','Exciting','.../amenity/picture_library',58),(50,50,'Pool','Beautiful','.../amenity/picture_library',3),(51,51,'Ski','Exciting','.../amenity/picture_library',177),(52,52,'Park','Excellent','.../amenity/picture_library',170),(53,53,'Park','Exciting','.../amenity/picture_library',191),(54,54,'Hot Tub','Joyous','.../amenity/picture_library',196),(55,55,'Beachfront','Excellent','.../amenity/picture_library',108),(56,56,'Pool','Amazing','.../amenity/picture_library',29),(57,57,'Free Parking','Amazing','.../amenity/picture_library',107),(58,58,'Ski','Amazing','.../amenity/picture_library',153),(59,59,'Waterfront','Excellent','.../amenity/picture_library',76),(60,60,'Pool','Amazing','.../amenity/picture_library',140),(61,61,'Hot Tub','Joyous','.../amenity/picture_library',113),(62,62,'Theme Park','Excellent','.../amenity/picture_library',184),(63,63,'Waterfront','Joyous','.../amenity/picture_library',191),(64,64,'Playground','Amazing','.../amenity/picture_library',51),(65,65,'Playground','Wonderful','.../amenity/picture_library',77),(66,66,'Pool','Beautiful','.../amenity/picture_library',112),(67,67,'Free Parking','Excellent','.../amenity/picture_library',37),(68,68,'Theme Park','Wonderful','.../amenity/picture_library',142),(69,69,'Beachfront','Exciting','.../amenity/picture_library',164),(70,70,'Pool','Amazing','.../amenity/picture_library',84),(71,71,'Free Parking','Wonderful','.../amenity/picture_library',41),(72,72,'Free Parking','Joyous','.../amenity/picture_library',154),(73,73,'Pool','Joyous','.../amenity/picture_library',166),(74,74,'Free Parking','Beautiful','.../amenity/picture_library',198),(75,75,'Playground','Joyous','.../amenity/picture_library',79),(76,76,'Hot Tub','Beautiful','.../amenity/picture_library',107),(77,77,'Beachfront','Exciting','.../amenity/picture_library',53),(78,78,'Ski','Amazing','.../amenity/picture_library',75),(79,79,'Pool','Wonderful','.../amenity/picture_library',186),(80,80,'Free Parking','Excellent','.../amenity/picture_library',134),(81,81,'Playground','Joyous','.../amenity/picture_library',166),(82,82,'Park','Joyous','.../amenity/picture_library',121),(83,83,'Park','Excellent','.../amenity/picture_library',10),(84,84,'Ski','Joyous','.../amenity/picture_library',136),(85,85,'Theme Park','Wonderful','.../amenity/picture_library',14),(86,86,'Hot Tub','Beautiful','.../amenity/picture_library',27),(87,87,'Free Parking','Exciting','.../amenity/picture_library',18),(88,88,'Pool','Amazing','.../amenity/picture_library',119),(89,89,'Theme Park','Excellent','.../amenity/picture_library',138),(90,90,'Waterfront','Beautiful','.../amenity/picture_library',154),(91,91,'Park','Amazing','.../amenity/picture_library',88),(92,92,'Theme Park','Exciting','.../amenity/picture_library',44),(93,93,'Waterfront','Beautiful','.../amenity/picture_library',113),(94,94,'Beachfront','Wonderful','.../amenity/picture_library',61),(95,95,'Ski','Beautiful','.../amenity/picture_library',174),(96,96,'Waterfront','Excellent','.../amenity/picture_library',36),(97,97,'Ski','Excellent','.../amenity/picture_library',88),(98,98,'Playground','Beautiful','.../amenity/picture_library',116),(99,99,'Park','Beautiful','.../amenity/picture_library',62),(100,100,'Free Parking','Beautiful','.../amenity/picture_library',165),(101,101,'Waterfront','Beautiful','.../amenity/picture_library',178),(102,102,'Pool','Amazing','.../amenity/picture_library',33),(103,103,'Playground','Beautiful','.../amenity/picture_library',128),(104,104,'Hot Tub','Exciting','.../amenity/picture_library',115),(105,105,'Hot Tub','Excellent','.../amenity/picture_library',38),(106,106,'Free Parking','Amazing','.../amenity/picture_library',64),(107,107,'Pool','Exciting','.../amenity/picture_library',28),(108,108,'Waterfront','Amazing','.../amenity/picture_library',186),(109,109,'Pool','Exciting','.../amenity/picture_library',139),(110,110,'Ski','Beautiful','.../amenity/picture_library',162),(111,111,'Park','Beautiful','.../amenity/picture_library',72),(112,112,'Playground','Exciting','.../amenity/picture_library',109),(113,113,'Beachfront','Joyous','.../amenity/picture_library',130),(114,114,'Park','Amazing','.../amenity/picture_library',20),(115,115,'Hot Tub','Joyous','.../amenity/picture_library',81),(116,116,'Ski','Joyous','.../amenity/picture_library',74),(117,117,'Theme Park','Wonderful','.../amenity/picture_library',65),(118,118,'Playground','Amazing','.../amenity/picture_library',137),(119,119,'Playground','Wonderful','.../amenity/picture_library',144),(120,120,'Park','Beautiful','.../amenity/picture_library',125),(121,121,'Free Parking','Exciting','.../amenity/picture_library',41),(122,122,'Free Parking','Exciting','.../amenity/picture_library',131),(123,123,'Hot Tub','Amazing','.../amenity/picture_library',49),(124,124,'Ski','Exciting','.../amenity/picture_library',38),(125,125,'Theme Park','Exciting','.../amenity/picture_library',137),(126,126,'Park','Exciting','.../amenity/picture_library',158),(127,127,'Beachfront','Wonderful','.../amenity/picture_library',183),(128,128,'Waterfront','Beautiful','.../amenity/picture_library',97),(129,129,'Waterfront','Excellent','.../amenity/picture_library',52),(130,130,'Waterfront','Exciting','.../amenity/picture_library',163),(131,131,'Waterfront','Beautiful','.../amenity/picture_library',13),(132,132,'Waterfront','Wonderful','.../amenity/picture_library',45),(133,133,'Park','Wonderful','.../amenity/picture_library',126),(134,134,'Park','Beautiful','.../amenity/picture_library',135),(135,135,'Pool','Exciting','.../amenity/picture_library',161),(136,136,'Hot Tub','Beautiful','.../amenity/picture_library',31),(137,137,'Waterfront','Exciting','.../amenity/picture_library',159),(138,138,'Free Parking','Amazing','.../amenity/picture_library',6),(139,139,'Beachfront','Beautiful','.../amenity/picture_library',90),(140,140,'Pool','Excellent','.../amenity/picture_library',75),(141,141,'Waterfront','Wonderful','.../amenity/picture_library',54),(142,142,'Ski','Wonderful','.../amenity/picture_library',68),(143,143,'Playground','Wonderful','.../amenity/picture_library',66),(144,144,'Hot Tub','Excellent','.../amenity/picture_library',67),(145,145,'Theme Park','Joyous','.../amenity/picture_library',14),(146,146,'Pool','Excellent','.../amenity/picture_library',64),(147,147,'Hot Tub','Exciting','.../amenity/picture_library',141),(148,148,'Hot Tub','Amazing','.../amenity/picture_library',97),(149,149,'Hot Tub','Amazing','.../amenity/picture_library',166),(150,150,'Free Parking','Amazing','.../amenity/picture_library',97),(151,151,'Park','Beautiful','.../amenity/picture_library',143),(152,152,'Pool','Wonderful','.../amenity/picture_library',147),(153,153,'Ski','Beautiful','.../amenity/picture_library',35),(154,154,'Playground','Amazing','.../amenity/picture_library',88),(155,155,'Theme Park','Amazing','.../amenity/picture_library',121),(156,156,'Pool','Beautiful','.../amenity/picture_library',67),(157,157,'Beachfront','Amazing','.../amenity/picture_library',57),(158,158,'Free Parking','Wonderful','.../amenity/picture_library',186),(159,159,'Playground','Exciting','.../amenity/picture_library',186),(160,160,'Park','Amazing','.../amenity/picture_library',167),(161,161,'Beachfront','Wonderful','.../amenity/picture_library',131),(162,162,'Theme Park','Wonderful','.../amenity/picture_library',120),(163,163,'Pool','Joyous','.../amenity/picture_library',37),(164,164,'Park','Exciting','.../amenity/picture_library',190),(165,165,'Playground','Amazing','.../amenity/picture_library',184),(166,166,'Beachfront','Wonderful','.../amenity/picture_library',158),(167,167,'Park','Excellent','.../amenity/picture_library',116),(168,168,'Beachfront','Amazing','.../amenity/picture_library',108),(169,169,'Beachfront','Amazing','.../amenity/picture_library',176),(170,170,'Free Parking','Amazing','.../amenity/picture_library',167),(171,171,'Theme Park','Wonderful','.../amenity/picture_library',120),(172,172,'Park','Excellent','.../amenity/picture_library',48),(173,173,'Waterfront','Exciting','.../amenity/picture_library',115),(174,174,'Ski','Amazing','.../amenity/picture_library',41),(175,175,'Pool','Excellent','.../amenity/picture_library',192),(176,176,'Hot Tub','Excellent','.../amenity/picture_library',87),(177,177,'Free Parking','Wonderful','.../amenity/picture_library',56),(178,178,'Playground','Exciting','.../amenity/picture_library',16),(179,179,'Free Parking','Wonderful','.../amenity/picture_library',197),(180,180,'Playground','Amazing','.../amenity/picture_library',77),(181,181,'Hot Tub','Excellent','.../amenity/picture_library',119),(182,182,'Hot Tub','Amazing','.../amenity/picture_library',187),(183,183,'Theme Park','Joyous','.../amenity/picture_library',159),(184,184,'Theme Park','Amazing','.../amenity/picture_library',31),(185,185,'Playground','Exciting','.../amenity/picture_library',194),(186,186,'Hot Tub','Excellent','.../amenity/picture_library',157),(187,187,'Pool','Exciting','.../amenity/picture_library',192),(188,188,'Waterfront','Exciting','.../amenity/picture_library',166),(189,189,'Theme Park','Excellent','.../amenity/picture_library',153),(190,190,'Playground','Exciting','.../amenity/picture_library',156),(191,191,'Playground','Beautiful','.../amenity/picture_library',41),(192,192,'Park','Beautiful','.../amenity/picture_library',89),(193,193,'Waterfront','Excellent','.../amenity/picture_library',102),(194,194,'Playground','Beautiful','.../amenity/picture_library',70),(195,195,'Theme Park','Wonderful','.../amenity/picture_library',49),(196,196,'Pool','Wonderful','.../amenity/picture_library',183),(197,197,'Pool','Joyous','.../amenity/picture_library',139),(198,198,'Ski','Wonderful','.../amenity/picture_library',187),(199,199,'Ski','Beautiful','.../amenity/picture_library',7),(200,200,'Hot Tub','Excellent','.../amenity/picture_library',150),(201,201,'Waterfront','Joyous','.../amenity/picture_library',191),(202,202,'Park','Amazing','.../amenity/picture_library',153),(203,203,'Hot Tub','Excellent','.../amenity/picture_library',63),(204,204,'Beachfront','Beautiful','.../amenity/picture_library',89),(205,205,'Waterfront','Wonderful','.../amenity/picture_library',81),(206,206,'Pool','Joyous','.../amenity/picture_library',103),(207,207,'Ski','Exciting','.../amenity/picture_library',124),(208,208,'Free Parking','Exciting','.../amenity/picture_library',185),(209,209,'Theme Park','Amazing','.../amenity/picture_library',23),(210,210,'Playground','Exciting','.../amenity/picture_library',43),(211,211,'Theme Park','Amazing','.../amenity/picture_library',7),(212,212,'Theme Park','Wonderful','.../amenity/picture_library',84),(213,213,'Ski','Excellent','.../amenity/picture_library',27),(214,214,'Hot Tub','Wonderful','.../amenity/picture_library',137),(215,215,'Waterfront','Excellent','.../amenity/picture_library',147),(216,216,'Playground','Excellent','.../amenity/picture_library',78),(217,217,'Beachfront','Wonderful','.../amenity/picture_library',20),(218,218,'Free Parking','Exciting','.../amenity/picture_library',24),(219,219,'Pool','Amazing','.../amenity/picture_library',17),(220,220,'Waterfront','Excellent','.../amenity/picture_library',138),(221,221,'Waterfront','Beautiful','.../amenity/picture_library',16),(222,222,'Ski','Wonderful','.../amenity/picture_library',177),(223,223,'Theme Park','Exciting','.../amenity/picture_library',134),(224,224,'Park','Excellent','.../amenity/picture_library',38),(225,225,'Playground','Beautiful','.../amenity/picture_library',144),(226,226,'Park','Excellent','.../amenity/picture_library',17),(227,227,'Pool','Excellent','.../amenity/picture_library',193),(228,228,'Ski','Joyous','.../amenity/picture_library',155),(229,229,'Waterfront','Beautiful','.../amenity/picture_library',190),(230,230,'Hot Tub','Beautiful','.../amenity/picture_library',34),(231,231,'Hot Tub','Amazing','.../amenity/picture_library',148),(232,232,'Free Parking','Beautiful','.../amenity/picture_library',13),(233,233,'Waterfront','Amazing','.../amenity/picture_library',145),(234,234,'Playground','Excellent','.../amenity/picture_library',133),(235,235,'Free Parking','Exciting','.../amenity/picture_library',111),(236,236,'Free Parking','Joyous','.../amenity/picture_library',67),(237,237,'Hot Tub','Joyous','.../amenity/picture_library',70),(238,238,'Playground','Exciting','.../amenity/picture_library',113),(239,239,'Pool','Wonderful','.../amenity/picture_library',37),(240,240,'Ski','Excellent','.../amenity/picture_library',27),(241,241,'Park','Joyous','.../amenity/picture_library',46),(242,242,'Pool','Excellent','.../amenity/picture_library',44),(243,243,'Hot Tub','Excellent','.../amenity/picture_library',145),(244,244,'Ski','Wonderful','.../amenity/picture_library',30),(245,245,'Ski','Beautiful','.../amenity/picture_library',41),(246,246,'Hot Tub','Joyous','.../amenity/picture_library',178),(247,247,'Beachfront','Wonderful','.../amenity/picture_library',177),(248,248,'Park','Amazing','.../amenity/picture_library',118),(249,249,'Ski','Beautiful','.../amenity/picture_library',48),(250,250,'Theme Park','Exciting','.../amenity/picture_library',119),(251,251,'Playground','Excellent','.../amenity/picture_library',35),(252,252,'Beachfront','Wonderful','.../amenity/picture_library',182),(253,253,'Free Parking','Wonderful','.../amenity/picture_library',105),(254,254,'Free Parking','Joyous','.../amenity/picture_library',126),(255,255,'Theme Park','Beautiful','.../amenity/picture_library',21),(256,256,'Theme Park','Amazing','.../amenity/picture_library',98),(257,257,'Beachfront','Wonderful','.../amenity/picture_library',179),(258,258,'Free Parking','Wonderful','.../amenity/picture_library',56),(259,259,'Waterfront','Joyous','.../amenity/picture_library',16),(260,260,'Pool','Beautiful','.../amenity/picture_library',94),(261,261,'Beachfront','Beautiful','.../amenity/picture_library',113),(262,262,'Waterfront','Wonderful','.../amenity/picture_library',66),(263,263,'Park','Excellent','.../amenity/picture_library',148),(264,264,'Waterfront','Excellent','.../amenity/picture_library',1),(265,265,'Park','Excellent','.../amenity/picture_library',91),(266,266,'Playground','Exciting','.../amenity/picture_library',160),(267,267,'Free Parking','Wonderful','.../amenity/picture_library',172),(268,268,'Theme Park','Exciting','.../amenity/picture_library',8),(269,269,'Playground','Excellent','.../amenity/picture_library',91),(270,270,'Waterfront','Beautiful','.../amenity/picture_library',4),(271,271,'Theme Park','Exciting','.../amenity/picture_library',140),(272,272,'Park','Amazing','.../amenity/picture_library',92),(273,273,'Park','Amazing','.../amenity/picture_library',107),(274,274,'Ski','Excellent','.../amenity/picture_library',111),(275,275,'Ski','Amazing','.../amenity/picture_library',2),(276,276,'Waterfront','Exciting','.../amenity/picture_library',78),(277,277,'Pool','Wonderful','.../amenity/picture_library',27),(278,278,'Hot Tub','Wonderful','.../amenity/picture_library',45),(279,279,'Theme Park','Excellent','.../amenity/picture_library',143),(280,280,'Free Parking','Joyous','.../amenity/picture_library',172),(281,281,'Park','Wonderful','.../amenity/picture_library',192),(282,282,'Waterfront','Wonderful','.../amenity/picture_library',189),(283,283,'Beachfront','Joyous','.../amenity/picture_library',189),(284,284,'Ski','Exciting','.../amenity/picture_library',28),(285,285,'Free Parking','Wonderful','.../amenity/picture_library',12),(286,286,'Pool','Wonderful','.../amenity/picture_library',185),(287,287,'Pool','Beautiful','.../amenity/picture_library',65),(288,288,'Pool','Wonderful','.../amenity/picture_library',54),(289,289,'Free Parking','Exciting','.../amenity/picture_library',19),(290,290,'Pool','Joyous','.../amenity/picture_library',47),(291,291,'Theme Park','Exciting','.../amenity/picture_library',62),(292,292,'Park','Exciting','.../amenity/picture_library',179),(293,293,'Ski','Wonderful','.../amenity/picture_library',98),(294,294,'Park','Wonderful','.../amenity/picture_library',67),(295,295,'Ski','Excellent','.../amenity/picture_library',104),(296,296,'Theme Park','Exciting','.../amenity/picture_library',85),(297,297,'Pool','Amazing','.../amenity/picture_library',111),(298,298,'Waterfront','Exciting','.../amenity/picture_library',200),(299,299,'Pool','Exciting','.../amenity/picture_library',151),(300,300,'Park','Joyous','.../amenity/picture_library',87),(301,301,'Playground','Amazing','.../amenity/picture_library',97),(302,302,'Ski','Excellent','.../amenity/picture_library',38),(303,303,'Park','Exciting','.../amenity/picture_library',4),(304,304,'Theme Park','Joyous','.../amenity/picture_library',43),(305,305,'Pool','Excellent','.../amenity/picture_library',114),(306,306,'Ski','Excellent','.../amenity/picture_library',11),(307,307,'Hot Tub','Joyous','.../amenity/picture_library',32),(308,308,'Pool','Beautiful','.../amenity/picture_library',139),(309,309,'Pool','Beautiful','.../amenity/picture_library',25),(310,310,'Hot Tub','Beautiful','.../amenity/picture_library',70),(311,311,'Beachfront','Amazing','.../amenity/picture_library',4),(312,312,'Free Parking','Wonderful','.../amenity/picture_library',13),(313,313,'Beachfront','Beautiful','.../amenity/picture_library',9),(314,314,'Free Parking','Joyous','.../amenity/picture_library',156),(315,315,'Ski','Joyous','.../amenity/picture_library',190),(316,316,'Theme Park','Wonderful','.../amenity/picture_library',115),(317,317,'Park','Excellent','.../amenity/picture_library',42),(318,318,'Hot Tub','Amazing','.../amenity/picture_library',118),(319,319,'Hot Tub','Wonderful','.../amenity/picture_library',134),(320,320,'Free Parking','Exciting','.../amenity/picture_library',164),(321,321,'Theme Park','Beautiful','.../amenity/picture_library',77),(322,322,'Theme Park','Beautiful','.../amenity/picture_library',6),(323,323,'Free Parking','Excellent','.../amenity/picture_library',189),(324,324,'Ski','Exciting','.../amenity/picture_library',120),(325,325,'Pool','Joyous','.../amenity/picture_library',189),(326,326,'Park','Exciting','.../amenity/picture_library',27),(327,327,'Pool','Wonderful','.../amenity/picture_library',76),(328,328,'Theme Park','Excellent','.../amenity/picture_library',27),(329,329,'Playground','Excellent','.../amenity/picture_library',149),(330,330,'Waterfront','Amazing','.../amenity/picture_library',155),(331,331,'Hot Tub','Exciting','.../amenity/picture_library',88),(332,332,'Hot Tub','Joyous','.../amenity/picture_library',9),(333,333,'Pool','Wonderful','.../amenity/picture_library',24),(334,334,'Playground','Excellent','.../amenity/picture_library',51),(335,335,'Free Parking','Excellent','.../amenity/picture_library',87),(336,336,'Ski','Amazing','.../amenity/picture_library',32),(337,337,'Park','Amazing','.../amenity/picture_library',111),(338,338,'Park','Wonderful','.../amenity/picture_library',113),(339,339,'Playground','Amazing','.../amenity/picture_library',159),(340,340,'Beachfront','Joyous','.../amenity/picture_library',10),(341,341,'Theme Park','Joyous','.../amenity/picture_library',39),(342,342,'Playground','Amazing','.../amenity/picture_library',74),(343,343,'Free Parking','Excellent','.../amenity/picture_library',28),(344,344,'Ski','Excellent','.../amenity/picture_library',53),(345,345,'Pool','Beautiful','.../amenity/picture_library',86),(346,346,'Hot Tub','Joyous','.../amenity/picture_library',60),(347,347,'Playground','Amazing','.../amenity/picture_library',153),(348,348,'Beachfront','Beautiful','.../amenity/picture_library',142),(349,349,'Beachfront','Exciting','.../amenity/picture_library',81),(350,350,'Ski','Exciting','.../amenity/picture_library',142),(351,351,'Ski','Wonderful','.../amenity/picture_library',150),(352,352,'Ski','Excellent','.../amenity/picture_library',1),(353,353,'Pool','Excellent','.../amenity/picture_library',176),(354,354,'Park','Wonderful','.../amenity/picture_library',184),(355,355,'Ski','Joyous','.../amenity/picture_library',67),(356,356,'Ski','Exciting','.../amenity/picture_library',102),(357,357,'Waterfront','Amazing','.../amenity/picture_library',90),(358,358,'Pool','Excellent','.../amenity/picture_library',131),(359,359,'Playground','Beautiful','.../amenity/picture_library',155),(360,360,'Waterfront','Beautiful','.../amenity/picture_library',46),(361,361,'Theme Park','Excellent','.../amenity/picture_library',87),(362,362,'Playground','Beautiful','.../amenity/picture_library',104),(363,363,'Free Parking','Wonderful','.../amenity/picture_library',135),(364,364,'Free Parking','Amazing','.../amenity/picture_library',77),(365,365,'Theme Park','Joyous','.../amenity/picture_library',17),(366,366,'Ski','Beautiful','.../amenity/picture_library',138),(367,367,'Waterfront','Wonderful','.../amenity/picture_library',38),(368,368,'Pool','Beautiful','.../amenity/picture_library',54),(369,369,'Park','Exciting','.../amenity/picture_library',61),(370,370,'Park','Exciting','.../amenity/picture_library',29),(371,371,'Theme Park','Beautiful','.../amenity/picture_library',94),(372,372,'Theme Park','Exciting','.../amenity/picture_library',83),(373,373,'Waterfront','Wonderful','.../amenity/picture_library',62),(374,374,'Hot Tub','Wonderful','.../amenity/picture_library',126),(375,375,'Playground','Excellent','.../amenity/picture_library',26),(376,376,'Waterfront','Joyous','.../amenity/picture_library',9),(377,377,'Playground','Excellent','.../amenity/picture_library',37),(378,378,'Park','Amazing','.../amenity/picture_library',30),(379,379,'Theme Park','Excellent','.../amenity/picture_library',48),(380,380,'Theme Park','Beautiful','.../amenity/picture_library',79),(381,381,'Pool','Exciting','.../amenity/picture_library',51),(382,382,'Playground','Exciting','.../amenity/picture_library',66),(383,383,'Hot Tub','Excellent','.../amenity/picture_library',65),(384,384,'Free Parking','Beautiful','.../amenity/picture_library',154),(385,385,'Waterfront','Amazing','.../amenity/picture_library',19),(386,386,'Hot Tub','Joyous','.../amenity/picture_library',28),(387,387,'Beachfront','Exciting','.../amenity/picture_library',168),(388,388,'Free Parking','Amazing','.../amenity/picture_library',135),(389,389,'Beachfront','Wonderful','.../amenity/picture_library',27),(390,390,'Park','Excellent','.../amenity/picture_library',184),(391,391,'Ski','Amazing','.../amenity/picture_library',129),(392,392,'Free Parking','Excellent','.../amenity/picture_library',63),(393,393,'Beachfront','Joyous','.../amenity/picture_library',51),(394,394,'Pool','Exciting','.../amenity/picture_library',32),(395,395,'Ski','Joyous','.../amenity/picture_library',90),(396,396,'Ski','Wonderful','.../amenity/picture_library',177),(397,397,'Waterfront','Beautiful','.../amenity/picture_library',192),(398,398,'Playground','Exciting','.../amenity/picture_library',128),(399,399,'Hot Tub','Joyous','.../amenity/picture_library',108),(400,400,'Beachfront','Amazing','.../amenity/picture_library',84),(401,401,'Waterfront','Beautiful','.../amenity/picture_library',167),(402,402,'Free Parking','Excellent','.../amenity/picture_library',144),(403,403,'Hot Tub','Excellent','.../amenity/picture_library',192),(404,404,'Pool','Amazing','.../amenity/picture_library',97),(405,405,'Playground','Beautiful','.../amenity/picture_library',90),(406,406,'Waterfront','Excellent','.../amenity/picture_library',42),(407,407,'Free Parking','Beautiful','.../amenity/picture_library',180),(408,408,'Ski','Exciting','.../amenity/picture_library',166),(409,409,'Free Parking','Wonderful','.../amenity/picture_library',182),(410,410,'Waterfront','Wonderful','.../amenity/picture_library',128),(411,411,'Ski','Wonderful','.../amenity/picture_library',98),(412,412,'Hot Tub','Beautiful','.../amenity/picture_library',185),(413,413,'Playground','Joyous','.../amenity/picture_library',99),(414,414,'Waterfront','Excellent','.../amenity/picture_library',163),(415,415,'Hot Tub','Beautiful','.../amenity/picture_library',67),(416,416,'Ski','Beautiful','.../amenity/picture_library',167),(417,417,'Waterfront','Amazing','.../amenity/picture_library',155),(418,418,'Beachfront','Amazing','.../amenity/picture_library',139),(419,419,'Beachfront','Excellent','.../amenity/picture_library',192),(420,420,'Free Parking','Beautiful','.../amenity/picture_library',154),(421,421,'Ski','Wonderful','.../amenity/picture_library',166),(422,422,'Playground','Wonderful','.../amenity/picture_library',164),(423,423,'Free Parking','Joyous','.../amenity/picture_library',77),(424,424,'Park','Beautiful','.../amenity/picture_library',163),(425,425,'Playground','Wonderful','.../amenity/picture_library',163),(426,426,'Theme Park','Exciting','.../amenity/picture_library',57),(427,427,'Theme Park','Joyous','.../amenity/picture_library',100),(428,428,'Pool','Wonderful','.../amenity/picture_library',42),(429,429,'Free Parking','Wonderful','.../amenity/picture_library',73),(430,430,'Theme Park','Excellent','.../amenity/picture_library',81),(431,431,'Park','Excellent','.../amenity/picture_library',130),(432,432,'Park','Joyous','.../amenity/picture_library',10),(433,433,'Pool','Excellent','.../amenity/picture_library',146),(434,434,'Pool','Joyous','.../amenity/picture_library',200),(435,435,'Theme Park','Amazing','.../amenity/picture_library',176),(436,436,'Free Parking','Exciting','.../amenity/picture_library',23),(437,437,'Theme Park','Amazing','.../amenity/picture_library',193),(438,438,'Beachfront','Wonderful','.../amenity/picture_library',130),(439,439,'Theme Park','Amazing','.../amenity/picture_library',42),(440,440,'Ski','Joyous','.../amenity/picture_library',117),(441,441,'Ski','Excellent','.../amenity/picture_library',32),(442,442,'Theme Park','Beautiful','.../amenity/picture_library',19),(443,443,'Ski','Excellent','.../amenity/picture_library',167),(444,444,'Ski','Beautiful','.../amenity/picture_library',20),(445,445,'Waterfront','Exciting','.../amenity/picture_library',119),(446,446,'Park','Wonderful','.../amenity/picture_library',156),(447,447,'Theme Park','Exciting','.../amenity/picture_library',71),(448,448,'Free Parking','Wonderful','.../amenity/picture_library',19),(449,449,'Hot Tub','Exciting','.../amenity/picture_library',45),(450,450,'Hot Tub','Beautiful','.../amenity/picture_library',171),(451,451,'Playground','Exciting','.../amenity/picture_library',176),(452,452,'Ski','Wonderful','.../amenity/picture_library',14),(453,453,'Ski','Beautiful','.../amenity/picture_library',170),(454,454,'Beachfront','Beautiful','.../amenity/picture_library',71),(455,455,'Hot Tub','Wonderful','.../amenity/picture_library',76),(456,456,'Free Parking','Excellent','.../amenity/picture_library',20),(457,457,'Free Parking','Excellent','.../amenity/picture_library',168),(458,458,'Free Parking','Beautiful','.../amenity/picture_library',199),(459,459,'Pool','Joyous','.../amenity/picture_library',84),(460,460,'Beachfront','Excellent','.../amenity/picture_library',20),(461,461,'Ski','Amazing','.../amenity/picture_library',175),(462,462,'Waterfront','Amazing','.../amenity/picture_library',32),(463,463,'Park','Excellent','.../amenity/picture_library',24),(464,464,'Free Parking','Exciting','.../amenity/picture_library',124),(465,465,'Hot Tub','Exciting','.../amenity/picture_library',187),(466,466,'Free Parking','Joyous','.../amenity/picture_library',43),(467,467,'Waterfront','Exciting','.../amenity/picture_library',64),(468,468,'Theme Park','Joyous','.../amenity/picture_library',15),(469,469,'Theme Park','Excellent','.../amenity/picture_library',187),(470,470,'Theme Park','Exciting','.../amenity/picture_library',100),(471,471,'Beachfront','Joyous','.../amenity/picture_library',90),(472,472,'Hot Tub','Amazing','.../amenity/picture_library',32),(473,473,'Waterfront','Beautiful','.../amenity/picture_library',122),(474,474,'Beachfront','Excellent','.../amenity/picture_library',36),(475,475,'Beachfront','Amazing','.../amenity/picture_library',31),(476,476,'Beachfront','Wonderful','.../amenity/picture_library',165),(477,477,'Hot Tub','Excellent','.../amenity/picture_library',149),(478,478,'Park','Excellent','.../amenity/picture_library',102),(479,479,'Pool','Amazing','.../amenity/picture_library',156),(480,480,'Ski','Exciting','.../amenity/picture_library',146),(481,481,'Pool','Wonderful','.../amenity/picture_library',194),(482,482,'Pool','Excellent','.../amenity/picture_library',177),(483,483,'Hot Tub','Wonderful','.../amenity/picture_library',61),(484,484,'Ski','Wonderful','.../amenity/picture_library',122),(485,485,'Park','Excellent','.../amenity/picture_library',40),(486,486,'Free Parking','Exciting','.../amenity/picture_library',166),(487,487,'Theme Park','Amazing','.../amenity/picture_library',35),(488,488,'Playground','Amazing','.../amenity/picture_library',71),(489,489,'Waterfront','Wonderful','.../amenity/picture_library',35),(490,490,'Pool','Amazing','.../amenity/picture_library',25),(491,491,'Park','Amazing','.../amenity/picture_library',73),(492,492,'Ski','Wonderful','.../amenity/picture_library',155),(493,493,'Park','Amazing','.../amenity/picture_library',72),(494,494,'Hot Tub','Beautiful','.../amenity/picture_library',27),(495,495,'Pool','Exciting','.../amenity/picture_library',127),(496,496,'Waterfront','Wonderful','.../amenity/picture_library',105),(497,497,'Park','Exciting','.../amenity/picture_library',159),(498,498,'Hot Tub','Amazing','.../amenity/picture_library',195),(499,499,'Theme Park','Joyous','.../amenity/picture_library',130),(500,500,'Waterfront','Wonderful','.../amenity/picture_library',174),(501,501,'Playground','Amazing','.../amenity/picture_library',164),(502,502,'Hot Tub','Amazing','.../amenity/picture_library',54),(503,503,'Park','Exciting','.../amenity/picture_library',86),(504,504,'Free Parking','Wonderful','.../amenity/picture_library',50),(505,505,'Waterfront','Exciting','.../amenity/picture_library',199),(506,506,'Park','Beautiful','.../amenity/picture_library',5),(507,507,'Hot Tub','Joyous','.../amenity/picture_library',171),(508,508,'Free Parking','Amazing','.../amenity/picture_library',66),(509,509,'Hot Tub','Wonderful','.../amenity/picture_library',173),(510,510,'Hot Tub','Excellent','.../amenity/picture_library',2),(511,511,'Free Parking','Joyous','.../amenity/picture_library',26),(512,512,'Free Parking','Amazing','.../amenity/picture_library',60),(513,513,'Playground','Excellent','.../amenity/picture_library',75),(514,514,'Park','Exciting','.../amenity/picture_library',8),(515,515,'Ski','Joyous','.../amenity/picture_library',112),(516,516,'Park','Beautiful','.../amenity/picture_library',163),(517,517,'Beachfront','Joyous','.../amenity/picture_library',10),(518,518,'Free Parking','Joyous','.../amenity/picture_library',46),(519,519,'Ski','Wonderful','.../amenity/picture_library',43),(520,520,'Theme Park','Amazing','.../amenity/picture_library',163),(521,521,'Hot Tub','Exciting','.../amenity/picture_library',102),(522,522,'Pool','Joyous','.../amenity/picture_library',8),(523,523,'Playground','Excellent','.../amenity/picture_library',146),(524,524,'Free Parking','Wonderful','.../amenity/picture_library',198),(525,525,'Theme Park','Wonderful','.../amenity/picture_library',190),(526,526,'Waterfront','Excellent','.../amenity/picture_library',142),(527,527,'Free Parking','Exciting','.../amenity/picture_library',190),(528,528,'Ski','Excellent','.../amenity/picture_library',20),(529,529,'Ski','Beautiful','.../amenity/picture_library',147),(530,530,'Beachfront','Wonderful','.../amenity/picture_library',36),(531,531,'Park','Amazing','.../amenity/picture_library',78),(532,532,'Pool','Joyous','.../amenity/picture_library',90),(533,533,'Hot Tub','Exciting','.../amenity/picture_library',64),(534,534,'Pool','Wonderful','.../amenity/picture_library',176),(535,535,'Hot Tub','Joyous','.../amenity/picture_library',70),(536,536,'Theme Park','Beautiful','.../amenity/picture_library',61),(537,537,'Ski','Exciting','.../amenity/picture_library',189),(538,538,'Hot Tub','Exciting','.../amenity/picture_library',18),(539,539,'Ski','Joyous','.../amenity/picture_library',130),(540,540,'Park','Beautiful','.../amenity/picture_library',43),(541,541,'Free Parking','Exciting','.../amenity/picture_library',86),(542,542,'Playground','Wonderful','.../amenity/picture_library',176),(543,543,'Hot Tub','Exciting','.../amenity/picture_library',36),(544,544,'Ski','Excellent','.../amenity/picture_library',36),(545,545,'Theme Park','Excellent','.../amenity/picture_library',102),(546,546,'Park','Beautiful','.../amenity/picture_library',53),(547,547,'Ski','Wonderful','.../amenity/picture_library',172),(548,548,'Playground','Wonderful','.../amenity/picture_library',43),(549,549,'Theme Park','Excellent','.../amenity/picture_library',164),(550,550,'Beachfront','Joyous','.../amenity/picture_library',111),(551,551,'Beachfront','Excellent','.../amenity/picture_library',54),(552,552,'Theme Park','Amazing','.../amenity/picture_library',85),(553,553,'Ski','Excellent','.../amenity/picture_library',66),(554,554,'Playground','Beautiful','.../amenity/picture_library',166),(555,555,'Theme Park','Beautiful','.../amenity/picture_library',72),(556,556,'Hot Tub','Beautiful','.../amenity/picture_library',103),(557,557,'Free Parking','Excellent','.../amenity/picture_library',184),(558,558,'Free Parking','Amazing','.../amenity/picture_library',71),(559,559,'Pool','Excellent','.../amenity/picture_library',196),(560,560,'Free Parking','Beautiful','.../amenity/picture_library',94),(561,561,'Hot Tub','Amazing','.../amenity/picture_library',92),(562,562,'Hot Tub','Amazing','.../amenity/picture_library',103),(563,563,'Playground','Amazing','.../amenity/picture_library',103),(564,564,'Free Parking','Amazing','.../amenity/picture_library',11),(565,565,'Pool','Joyous','.../amenity/picture_library',63),(566,566,'Beachfront','Amazing','.../amenity/picture_library',136),(567,567,'Free Parking','Excellent','.../amenity/picture_library',69),(568,568,'Waterfront','Excellent','.../amenity/picture_library',86),(569,569,'Hot Tub','Joyous','.../amenity/picture_library',59),(570,570,'Theme Park','Wonderful','.../amenity/picture_library',135),(571,571,'Ski','Joyous','.../amenity/picture_library',103),(572,572,'Theme Park','Joyous','.../amenity/picture_library',120),(573,573,'Free Parking','Beautiful','.../amenity/picture_library',119),(574,574,'Ski','Wonderful','.../amenity/picture_library',98),(575,575,'Waterfront','Beautiful','.../amenity/picture_library',168),(576,576,'Theme Park','Exciting','.../amenity/picture_library',110),(577,577,'Playground','Joyous','.../amenity/picture_library',129),(578,578,'Park','Joyous','.../amenity/picture_library',188),(579,579,'Playground','Amazing','.../amenity/picture_library',180),(580,580,'Pool','Excellent','.../amenity/picture_library',20),(581,581,'Playground','Wonderful','.../amenity/picture_library',71),(582,582,'Waterfront','Beautiful','.../amenity/picture_library',147),(583,583,'Ski','Amazing','.../amenity/picture_library',139),(584,584,'Beachfront','Exciting','.../amenity/picture_library',84),(585,585,'Free Parking','Amazing','.../amenity/picture_library',4),(586,586,'Playground','Wonderful','.../amenity/picture_library',31),(587,587,'Park','Amazing','.../amenity/picture_library',143),(588,588,'Park','Wonderful','.../amenity/picture_library',81),(589,589,'Park','Wonderful','.../amenity/picture_library',115),(590,590,'Pool','Beautiful','.../amenity/picture_library',36),(591,591,'Hot Tub','Excellent','.../amenity/picture_library',136),(592,592,'Hot Tub','Beautiful','.../amenity/picture_library',186),(593,593,'Theme Park','Excellent','.../amenity/picture_library',32),(594,594,'Hot Tub','Amazing','.../amenity/picture_library',27),(595,595,'Ski','Amazing','.../amenity/picture_library',116),(596,596,'Ski','Joyous','.../amenity/picture_library',66),(597,597,'Free Parking','Amazing','.../amenity/picture_library',85),(598,598,'Free Parking','Amazing','.../amenity/picture_library',91),(599,599,'Hot Tub','Amazing','.../amenity/picture_library',152),(600,600,'Pool','Wonderful','.../amenity/picture_library',156),(601,601,'Theme Park','Amazing','.../amenity/picture_library',58),(602,602,'Beachfront','Excellent','.../amenity/picture_library',62),(603,603,'Ski','Wonderful','.../amenity/picture_library',131),(604,604,'Theme Park','Excellent','.../amenity/picture_library',181),(605,605,'Beachfront','Wonderful','.../amenity/picture_library',17),(606,606,'Ski','Joyous','.../amenity/picture_library',110),(607,607,'Waterfront','Exciting','.../amenity/picture_library',112),(608,608,'Pool','Exciting','.../amenity/picture_library',132),(609,609,'Park','Wonderful','.../amenity/picture_library',80),(610,610,'Hot Tub','Beautiful','.../amenity/picture_library',17),(611,611,'Beachfront','Excellent','.../amenity/picture_library',170),(612,612,'Free Parking','Joyous','.../amenity/picture_library',90),(613,613,'Hot Tub','Excellent','.../amenity/picture_library',120),(614,614,'Ski','Beautiful','.../amenity/picture_library',197),(615,615,'Beachfront','Wonderful','.../amenity/picture_library',48),(616,616,'Park','Excellent','.../amenity/picture_library',87),(617,617,'Hot Tub','Beautiful','.../amenity/picture_library',1),(618,618,'Hot Tub','Wonderful','.../amenity/picture_library',45),(619,619,'Free Parking','Beautiful','.../amenity/picture_library',196),(620,620,'Free Parking','Amazing','.../amenity/picture_library',47),(621,621,'Ski','Joyous','.../amenity/picture_library',36),(622,622,'Park','Beautiful','.../amenity/picture_library',56),(623,623,'Playground','Joyous','.../amenity/picture_library',118),(624,624,'Waterfront','Beautiful','.../amenity/picture_library',98),(625,625,'Theme Park','Exciting','.../amenity/picture_library',151),(626,626,'Park','Wonderful','.../amenity/picture_library',72),(627,627,'Free Parking','Excellent','.../amenity/picture_library',62),(628,628,'Hot Tub','Excellent','.../amenity/picture_library',23),(629,629,'Playground','Joyous','.../amenity/picture_library',62),(630,630,'Beachfront','Excellent','.../amenity/picture_library',129),(631,631,'Waterfront','Joyous','.../amenity/picture_library',139),(632,632,'Beachfront','Joyous','.../amenity/picture_library',9),(633,633,'Beachfront','Amazing','.../amenity/picture_library',23),(634,634,'Ski','Exciting','.../amenity/picture_library',65),(635,635,'Playground','Wonderful','.../amenity/picture_library',32),(636,636,'Theme Park','Exciting','.../amenity/picture_library',15),(637,637,'Playground','Amazing','.../amenity/picture_library',122),(638,638,'Playground','Excellent','.../amenity/picture_library',38),(639,639,'Beachfront','Exciting','.../amenity/picture_library',128),(640,640,'Waterfront','Amazing','.../amenity/picture_library',162),(641,641,'Park','Exciting','.../amenity/picture_library',110),(642,642,'Free Parking','Amazing','.../amenity/picture_library',198),(643,643,'Beachfront','Amazing','.../amenity/picture_library',100),(644,644,'Theme Park','Exciting','.../amenity/picture_library',59),(645,645,'Free Parking','Beautiful','.../amenity/picture_library',71),(646,646,'Waterfront','Excellent','.../amenity/picture_library',138),(647,647,'Playground','Wonderful','.../amenity/picture_library',10),(648,648,'Free Parking','Joyous','.../amenity/picture_library',164),(649,649,'Pool','Excellent','.../amenity/picture_library',93),(650,650,'Pool','Amazing','.../amenity/picture_library',9),(651,651,'Free Parking','Wonderful','.../amenity/picture_library',153),(652,652,'Pool','Wonderful','.../amenity/picture_library',91),(653,653,'Hot Tub','Amazing','.../amenity/picture_library',144),(654,654,'Hot Tub','Beautiful','.../amenity/picture_library',138),(655,655,'Beachfront','Joyous','.../amenity/picture_library',51),(656,656,'Pool','Amazing','.../amenity/picture_library',111),(657,657,'Pool','Exciting','.../amenity/picture_library',152),(658,658,'Hot Tub','Joyous','.../amenity/picture_library',119),(659,659,'Theme Park','Joyous','.../amenity/picture_library',153),(660,660,'Free Parking','Exciting','.../amenity/picture_library',163),(661,661,'Beachfront','Amazing','.../amenity/picture_library',122),(662,662,'Theme Park','Beautiful','.../amenity/picture_library',147),(663,663,'Playground','Amazing','.../amenity/picture_library',151),(664,664,'Ski','Wonderful','.../amenity/picture_library',72),(665,665,'Hot Tub','Amazing','.../amenity/picture_library',10),(666,666,'Hot Tub','Beautiful','.../amenity/picture_library',49),(667,667,'Waterfront','Wonderful','.../amenity/picture_library',153),(668,668,'Theme Park','Excellent','.../amenity/picture_library',121),(669,669,'Pool','Beautiful','.../amenity/picture_library',177),(670,670,'Playground','Amazing','.../amenity/picture_library',109),(671,671,'Pool','Excellent','.../amenity/picture_library',2),(672,672,'Ski','Excellent','.../amenity/picture_library',63),(673,673,'Waterfront','Amazing','.../amenity/picture_library',118),(674,674,'Theme Park','Beautiful','.../amenity/picture_library',6),(675,675,'Hot Tub','Wonderful','.../amenity/picture_library',149),(676,676,'Park','Exciting','.../amenity/picture_library',179),(677,677,'Pool','Beautiful','.../amenity/picture_library',72),(678,678,'Hot Tub','Joyous','.../amenity/picture_library',198),(679,679,'Park','Amazing','.../amenity/picture_library',65),(680,680,'Waterfront','Amazing','.../amenity/picture_library',4),(681,681,'Free Parking','Amazing','.../amenity/picture_library',93),(682,682,'Hot Tub','Exciting','.../amenity/picture_library',77),(683,683,'Pool','Wonderful','.../amenity/picture_library',124),(684,684,'Waterfront','Joyous','.../amenity/picture_library',198),(685,685,'Waterfront','Beautiful','.../amenity/picture_library',39),(686,686,'Hot Tub','Exciting','.../amenity/picture_library',11),(687,687,'Beachfront','Beautiful','.../amenity/picture_library',179),(688,688,'Waterfront','Amazing','.../amenity/picture_library',147),(689,689,'Ski','Joyous','.../amenity/picture_library',109),(690,690,'Theme Park','Exciting','.../amenity/picture_library',99),(691,691,'Pool','Beautiful','.../amenity/picture_library',138),(692,692,'Waterfront','Excellent','.../amenity/picture_library',179),(693,693,'Hot Tub','Amazing','.../amenity/picture_library',45),(694,694,'Theme Park','Joyous','.../amenity/picture_library',163),(695,695,'Theme Park','Wonderful','.../amenity/picture_library',46),(696,696,'Waterfront','Amazing','.../amenity/picture_library',16),(697,697,'Waterfront','Exciting','.../amenity/picture_library',20),(698,698,'Theme Park','Beautiful','.../amenity/picture_library',46),(699,699,'Hot Tub','Exciting','.../amenity/picture_library',90),(700,700,'Waterfront','Joyous','.../amenity/picture_library',170),(701,701,'Hot Tub','Excellent','.../amenity/picture_library',91),(702,702,'Pool','Beautiful','.../amenity/picture_library',40),(703,703,'Pool','Exciting','.../amenity/picture_library',72),(704,704,'Hot Tub','Beautiful','.../amenity/picture_library',199),(705,705,'Playground','Joyous','.../amenity/picture_library',133),(706,706,'Hot Tub','Wonderful','.../amenity/picture_library',40),(707,707,'Playground','Exciting','.../amenity/picture_library',127),(708,708,'Beachfront','Joyous','.../amenity/picture_library',19),(709,709,'Pool','Excellent','.../amenity/picture_library',49),(710,710,'Free Parking','Joyous','.../amenity/picture_library',74),(711,711,'Beachfront','Exciting','.../amenity/picture_library',41),(712,712,'Playground','Joyous','.../amenity/picture_library',81),(713,713,'Free Parking','Wonderful','.../amenity/picture_library',146),(714,714,'Free Parking','Beautiful','.../amenity/picture_library',118),(715,715,'Hot Tub','Wonderful','.../amenity/picture_library',188),(716,716,'Pool','Beautiful','.../amenity/picture_library',194),(717,717,'Theme Park','Wonderful','.../amenity/picture_library',137),(718,718,'Beachfront','Excellent','.../amenity/picture_library',124),(719,719,'Beachfront','Amazing','.../amenity/picture_library',38),(720,720,'Playground','Excellent','.../amenity/picture_library',55),(721,721,'Ski','Joyous','.../amenity/picture_library',31),(722,722,'Playground','Exciting','.../amenity/picture_library',26),(723,723,'Waterfront','Beautiful','.../amenity/picture_library',130),(724,724,'Theme Park','Joyous','.../amenity/picture_library',170),(725,725,'Waterfront','Exciting','.../amenity/picture_library',164),(726,726,'Park','Excellent','.../amenity/picture_library',175),(727,727,'Theme Park','Excellent','.../amenity/picture_library',29),(728,728,'Ski','Exciting','.../amenity/picture_library',81),(729,729,'Theme Park','Wonderful','.../amenity/picture_library',115),(730,730,'Playground','Beautiful','.../amenity/picture_library',193),(731,731,'Theme Park','Beautiful','.../amenity/picture_library',141),(732,732,'Theme Park','Amazing','.../amenity/picture_library',151),(733,733,'Hot Tub','Joyous','.../amenity/picture_library',74),(734,734,'Theme Park','Exciting','.../amenity/picture_library',172),(735,735,'Ski','Beautiful','.../amenity/picture_library',194),(736,736,'Theme Park','Beautiful','.../amenity/picture_library',95),(737,737,'Park','Excellent','.../amenity/picture_library',155),(738,738,'Playground','Beautiful','.../amenity/picture_library',105),(739,739,'Beachfront','Wonderful','.../amenity/picture_library',14),(740,740,'Park','Joyous','.../amenity/picture_library',40),(741,741,'Hot Tub','Amazing','.../amenity/picture_library',172),(742,742,'Beachfront','Amazing','.../amenity/picture_library',175),(743,743,'Playground','Joyous','.../amenity/picture_library',158),(744,744,'Waterfront','Beautiful','.../amenity/picture_library',142),(745,745,'Park','Amazing','.../amenity/picture_library',39),(746,746,'Waterfront','Beautiful','.../amenity/picture_library',37),(747,747,'Park','Beautiful','.../amenity/picture_library',58),(748,748,'Pool','Joyous','.../amenity/picture_library',113),(749,749,'Playground','Exciting','.../amenity/picture_library',130),(750,750,'Park','Beautiful','.../amenity/picture_library',29),(751,751,'Free Parking','Excellent','.../amenity/picture_library',165),(752,752,'Pool','Wonderful','.../amenity/picture_library',149),(753,753,'Playground','Amazing','.../amenity/picture_library',19),(754,754,'Park','Beautiful','.../amenity/picture_library',57),(755,755,'Beachfront','Amazing','.../amenity/picture_library',188),(756,756,'Hot Tub','Exciting','.../amenity/picture_library',53),(757,757,'Playground','Beautiful','.../amenity/picture_library',161),(758,758,'Pool','Wonderful','.../amenity/picture_library',52),(759,759,'Waterfront','Beautiful','.../amenity/picture_library',29),(760,760,'Ski','Exciting','.../amenity/picture_library',116),(761,761,'Waterfront','Joyous','.../amenity/picture_library',5),(762,762,'Park','Excellent','.../amenity/picture_library',129),(763,763,'Hot Tub','Beautiful','.../amenity/picture_library',120),(764,764,'Theme Park','Joyous','.../amenity/picture_library',19),(765,765,'Playground','Amazing','.../amenity/picture_library',12),(766,766,'Beachfront','Amazing','.../amenity/picture_library',90),(767,767,'Free Parking','Wonderful','.../amenity/picture_library',161),(768,768,'Ski','Amazing','.../amenity/picture_library',11),(769,769,'Park','Amazing','.../amenity/picture_library',118),(770,770,'Hot Tub','Beautiful','.../amenity/picture_library',188),(771,771,'Theme Park','Amazing','.../amenity/picture_library',3),(772,772,'Waterfront','Excellent','.../amenity/picture_library',35),(773,773,'Playground','Excellent','.../amenity/picture_library',198),(774,774,'Free Parking','Wonderful','.../amenity/picture_library',122),(775,775,'Free Parking','Beautiful','.../amenity/picture_library',169),(776,776,'Ski','Exciting','.../amenity/picture_library',182),(777,777,'Theme Park','Amazing','.../amenity/picture_library',82),(778,778,'Free Parking','Exciting','.../amenity/picture_library',8),(779,779,'Park','Beautiful','.../amenity/picture_library',114),(780,780,'Hot Tub','Excellent','.../amenity/picture_library',167),(781,781,'Waterfront','Excellent','.../amenity/picture_library',135),(782,782,'Pool','Amazing','.../amenity/picture_library',59),(783,783,'Pool','Excellent','.../amenity/picture_library',134),(784,784,'Beachfront','Wonderful','.../amenity/picture_library',24),(785,785,'Pool','Joyous','.../amenity/picture_library',44),(786,786,'Pool','Amazing','.../amenity/picture_library',127),(787,787,'Theme Park','Beautiful','.../amenity/picture_library',171),(788,788,'Free Parking','Joyous','.../amenity/picture_library',95),(789,789,'Free Parking','Beautiful','.../amenity/picture_library',77),(790,790,'Hot Tub','Wonderful','.../amenity/picture_library',93),(791,791,'Waterfront','Beautiful','.../amenity/picture_library',132),(792,792,'Theme Park','Exciting','.../amenity/picture_library',169),(793,793,'Park','Exciting','.../amenity/picture_library',181),(794,794,'Waterfront','Amazing','.../amenity/picture_library',140),(795,795,'Free Parking','Beautiful','.../amenity/picture_library',121),(796,796,'Park','Exciting','.../amenity/picture_library',113),(797,797,'Waterfront','Wonderful','.../amenity/picture_library',41),(798,798,'Free Parking','Amazing','.../amenity/picture_library',198),(799,799,'Ski','Exciting','.../amenity/picture_library',156),(800,800,'Hot Tub','Amazing','.../amenity/picture_library',170),(801,801,'Playground','Wonderful','.../amenity/picture_library',21),(802,802,'Waterfront','Beautiful','.../amenity/picture_library',165),(803,803,'Waterfront','Exciting','.../amenity/picture_library',65),(804,804,'Playground','Beautiful','.../amenity/picture_library',200),(805,805,'Ski','Excellent','.../amenity/picture_library',194),(806,806,'Theme Park','Amazing','.../amenity/picture_library',99),(807,807,'Hot Tub','Exciting','.../amenity/picture_library',131),(808,808,'Hot Tub','Wonderful','.../amenity/picture_library',123),(809,809,'Park','Wonderful','.../amenity/picture_library',138),(810,810,'Pool','Joyous','.../amenity/picture_library',54),(811,811,'Hot Tub','Joyous','.../amenity/picture_library',47),(812,812,'Hot Tub','Beautiful','.../amenity/picture_library',51),(813,813,'Hot Tub','Beautiful','.../amenity/picture_library',162),(814,814,'Pool','Beautiful','.../amenity/picture_library',107),(815,815,'Theme Park','Wonderful','.../amenity/picture_library',92),(816,816,'Beachfront','Amazing','.../amenity/picture_library',107),(817,817,'Park','Exciting','.../amenity/picture_library',75),(818,818,'Waterfront','Exciting','.../amenity/picture_library',189),(819,819,'Pool','Wonderful','.../amenity/picture_library',131),(820,820,'Theme Park','Exciting','.../amenity/picture_library',123),(821,821,'Ski','Amazing','.../amenity/picture_library',61),(822,822,'Free Parking','Excellent','.../amenity/picture_library',102),(823,823,'Theme Park','Joyous','.../amenity/picture_library',100),(824,824,'Beachfront','Joyous','.../amenity/picture_library',66),(825,825,'Pool','Beautiful','.../amenity/picture_library',111),(826,826,'Free Parking','Exciting','.../amenity/picture_library',175),(827,827,'Pool','Excellent','.../amenity/picture_library',142),(828,828,'Park','Amazing','.../amenity/picture_library',189),(829,829,'Beachfront','Joyous','.../amenity/picture_library',124),(830,830,'Waterfront','Exciting','.../amenity/picture_library',147),(831,831,'Park','Wonderful','.../amenity/picture_library',128),(832,832,'Theme Park','Beautiful','.../amenity/picture_library',181),(833,833,'Waterfront','Excellent','.../amenity/picture_library',43),(834,834,'Theme Park','Excellent','.../amenity/picture_library',34),(835,835,'Beachfront','Exciting','.../amenity/picture_library',22),(836,836,'Waterfront','Joyous','.../amenity/picture_library',118),(837,837,'Theme Park','Excellent','.../amenity/picture_library',72),(838,838,'Free Parking','Excellent','.../amenity/picture_library',101),(839,839,'Theme Park','Excellent','.../amenity/picture_library',192),(840,840,'Hot Tub','Exciting','.../amenity/picture_library',169),(841,841,'Free Parking','Amazing','.../amenity/picture_library',159),(842,842,'Waterfront','Excellent','.../amenity/picture_library',60),(843,843,'Park','Amazing','.../amenity/picture_library',66),(844,844,'Beachfront','Beautiful','.../amenity/picture_library',198),(845,845,'Free Parking','Beautiful','.../amenity/picture_library',62),(846,846,'Ski','Joyous','.../amenity/picture_library',195),(847,847,'Hot Tub','Joyous','.../amenity/picture_library',113),(848,848,'Waterfront','Exciting','.../amenity/picture_library',18),(849,849,'Waterfront','Exciting','.../amenity/picture_library',153),(850,850,'Free Parking','Exciting','.../amenity/picture_library',186),(851,851,'Hot Tub','Beautiful','.../amenity/picture_library',21),(852,852,'Playground','Joyous','.../amenity/picture_library',34),(853,853,'Park','Amazing','.../amenity/picture_library',117),(854,854,'Waterfront','Excellent','.../amenity/picture_library',108),(855,855,'Playground','Exciting','.../amenity/picture_library',158),(856,856,'Hot Tub','Amazing','.../amenity/picture_library',94),(857,857,'Playground','Exciting','.../amenity/picture_library',1),(858,858,'Theme Park','Amazing','.../amenity/picture_library',146),(859,859,'Pool','Excellent','.../amenity/picture_library',32),(860,860,'Hot Tub','Amazing','.../amenity/picture_library',174),(861,861,'Park','Joyous','.../amenity/picture_library',148),(862,862,'Theme Park','Wonderful','.../amenity/picture_library',49),(863,863,'Playground','Excellent','.../amenity/picture_library',156),(864,864,'Hot Tub','Joyous','.../amenity/picture_library',60),(865,865,'Park','Exciting','.../amenity/picture_library',77),(866,866,'Theme Park','Excellent','.../amenity/picture_library',137),(867,867,'Theme Park','Exciting','.../amenity/picture_library',20),(868,868,'Beachfront','Beautiful','.../amenity/picture_library',125),(869,869,'Theme Park','Excellent','.../amenity/picture_library',196),(870,870,'Ski','Amazing','.../amenity/picture_library',14),(871,871,'Park','Exciting','.../amenity/picture_library',182),(872,872,'Playground','Amazing','.../amenity/picture_library',157),(873,873,'Waterfront','Joyous','.../amenity/picture_library',178),(874,874,'Free Parking','Excellent','.../amenity/picture_library',88),(875,875,'Ski','Joyous','.../amenity/picture_library',130),(876,876,'Waterfront','Exciting','.../amenity/picture_library',106),(877,877,'Park','Exciting','.../amenity/picture_library',17),(878,878,'Hot Tub','Amazing','.../amenity/picture_library',147),(879,879,'Hot Tub','Beautiful','.../amenity/picture_library',170),(880,880,'Park','Excellent','.../amenity/picture_library',90),(881,881,'Park','Wonderful','.../amenity/picture_library',158),(882,882,'Theme Park','Joyous','.../amenity/picture_library',61),(883,883,'Pool','Exciting','.../amenity/picture_library',119),(884,884,'Waterfront','Joyous','.../amenity/picture_library',90),(885,885,'Hot Tub','Wonderful','.../amenity/picture_library',191),(886,886,'Theme Park','Amazing','.../amenity/picture_library',127),(887,887,'Hot Tub','Exciting','.../amenity/picture_library',81),(888,888,'Playground','Beautiful','.../amenity/picture_library',57),(889,889,'Pool','Amazing','.../amenity/picture_library',152),(890,890,'Pool','Joyous','.../amenity/picture_library',184),(891,891,'Hot Tub','Wonderful','.../amenity/picture_library',136),(892,892,'Free Parking','Wonderful','.../amenity/picture_library',69),(893,893,'Hot Tub','Wonderful','.../amenity/picture_library',145),(894,894,'Theme Park','Wonderful','.../amenity/picture_library',50),(895,895,'Beachfront','Excellent','.../amenity/picture_library',190),(896,896,'Free Parking','Beautiful','.../amenity/picture_library',156),(897,897,'Ski','Excellent','.../amenity/picture_library',130),(898,898,'Free Parking','Wonderful','.../amenity/picture_library',186),(899,899,'Ski','Wonderful','.../amenity/picture_library',4),(900,900,'Pool','Excellent','.../amenity/picture_library',101),(901,901,'Pool','Exciting','.../amenity/picture_library',30),(902,902,'Pool','Exciting','.../amenity/picture_library',31),(903,903,'Waterfront','Excellent','.../amenity/picture_library',113),(904,904,'Beachfront','Amazing','.../amenity/picture_library',89),(905,905,'Beachfront','Exciting','.../amenity/picture_library',182),(906,906,'Park','Beautiful','.../amenity/picture_library',101),(907,907,'Park','Wonderful','.../amenity/picture_library',40),(908,908,'Waterfront','Beautiful','.../amenity/picture_library',192),(909,909,'Waterfront','Exciting','.../amenity/picture_library',162),(910,910,'Playground','Amazing','.../amenity/picture_library',113),(911,911,'Free Parking','Excellent','.../amenity/picture_library',42),(912,912,'Waterfront','Excellent','.../amenity/picture_library',96),(913,913,'Pool','Excellent','.../amenity/picture_library',191),(914,914,'Park','Joyous','.../amenity/picture_library',106),(915,915,'Hot Tub','Amazing','.../amenity/picture_library',21),(916,916,'Theme Park','Exciting','.../amenity/picture_library',199),(917,917,'Park','Amazing','.../amenity/picture_library',49),(918,918,'Hot Tub','Joyous','.../amenity/picture_library',194),(919,919,'Free Parking','Beautiful','.../amenity/picture_library',54),(920,920,'Park','Joyous','.../amenity/picture_library',69),(921,921,'Playground','Joyous','.../amenity/picture_library',172),(922,922,'Playground','Joyous','.../amenity/picture_library',159),(923,923,'Ski','Joyous','.../amenity/picture_library',4),(924,924,'Free Parking','Wonderful','.../amenity/picture_library',93),(925,925,'Pool','Exciting','.../amenity/picture_library',149),(926,926,'Theme Park','Exciting','.../amenity/picture_library',15),(927,927,'Hot Tub','Exciting','.../amenity/picture_library',181),(928,928,'Ski','Excellent','.../amenity/picture_library',149),(929,929,'Hot Tub','Beautiful','.../amenity/picture_library',116),(930,930,'Pool','Amazing','.../amenity/picture_library',37),(931,931,'Hot Tub','Exciting','.../amenity/picture_library',195),(932,932,'Hot Tub','Exciting','.../amenity/picture_library',181),(933,933,'Park','Excellent','.../amenity/picture_library',3),(934,934,'Hot Tub','Amazing','.../amenity/picture_library',83),(935,935,'Pool','Exciting','.../amenity/picture_library',4),(936,936,'Park','Exciting','.../amenity/picture_library',23),(937,937,'Hot Tub','Joyous','.../amenity/picture_library',155),(938,938,'Pool','Beautiful','.../amenity/picture_library',155),(939,939,'Hot Tub','Excellent','.../amenity/picture_library',98),(940,940,'Beachfront','Excellent','.../amenity/picture_library',103),(941,941,'Beachfront','Excellent','.../amenity/picture_library',71),(942,942,'Ski','Beautiful','.../amenity/picture_library',140),(943,943,'Pool','Beautiful','.../amenity/picture_library',110),(944,944,'Free Parking','Exciting','.../amenity/picture_library',47),(945,945,'Free Parking','Joyous','.../amenity/picture_library',121),(946,946,'Playground','Amazing','.../amenity/picture_library',89),(947,947,'Hot Tub','Excellent','.../amenity/picture_library',87),(948,948,'Waterfront','Wonderful','.../amenity/picture_library',113),(949,949,'Hot Tub','Beautiful','.../amenity/picture_library',105),(950,950,'Beachfront','Wonderful','.../amenity/picture_library',79),(951,951,'Pool','Wonderful','.../amenity/picture_library',111),(952,952,'Waterfront','Excellent','.../amenity/picture_library',109),(953,953,'Playground','Wonderful','.../amenity/picture_library',200),(954,954,'Playground','Beautiful','.../amenity/picture_library',52),(955,955,'Pool','Joyous','.../amenity/picture_library',1),(956,956,'Theme Park','Beautiful','.../amenity/picture_library',8),(957,957,'Pool','Excellent','.../amenity/picture_library',112),(958,958,'Beachfront','Amazing','.../amenity/picture_library',82),(959,959,'Theme Park','Wonderful','.../amenity/picture_library',195),(960,960,'Park','Wonderful','.../amenity/picture_library',49),(961,961,'Pool','Amazing','.../amenity/picture_library',21),(962,962,'Park','Exciting','.../amenity/picture_library',192),(963,963,'Free Parking','Beautiful','.../amenity/picture_library',115),(964,964,'Ski','Excellent','.../amenity/picture_library',71),(965,965,'Beachfront','Exciting','.../amenity/picture_library',37),(966,966,'Beachfront','Beautiful','.../amenity/picture_library',87),(967,967,'Theme Park','Exciting','.../amenity/picture_library',167),(968,968,'Pool','Amazing','.../amenity/picture_library',192),(969,969,'Beachfront','Wonderful','.../amenity/picture_library',91),(970,970,'Pool','Amazing','.../amenity/picture_library',82),(971,971,'Theme Park','Joyous','.../amenity/picture_library',182),(972,972,'Park','Joyous','.../amenity/picture_library',73),(973,973,'Park','Beautiful','.../amenity/picture_library',78),(974,974,'Ski','Excellent','.../amenity/picture_library',150),(975,975,'Free Parking','Amazing','.../amenity/picture_library',41),(976,976,'Waterfront','Wonderful','.../amenity/picture_library',27),(977,977,'Hot Tub','Excellent','.../amenity/picture_library',33),(978,978,'Ski','Exciting','.../amenity/picture_library',93),(979,979,'Hot Tub','Exciting','.../amenity/picture_library',2),(980,980,'Pool','Wonderful','.../amenity/picture_library',57),(981,981,'Waterfront','Exciting','.../amenity/picture_library',102),(982,982,'Pool','Amazing','.../amenity/picture_library',47),(983,983,'Ski','Wonderful','.../amenity/picture_library',106),(984,984,'Hot Tub','Beautiful','.../amenity/picture_library',47),(985,985,'Ski','Excellent','.../amenity/picture_library',56),(986,986,'Free Parking','Excellent','.../amenity/picture_library',5),(987,987,'Ski','Wonderful','.../amenity/picture_library',108),(988,988,'Free Parking','Joyous','.../amenity/picture_library',101),(989,989,'Hot Tub','Joyous','.../amenity/picture_library',199),(990,990,'Pool','Excellent','.../amenity/picture_library',103),(991,991,'Park','Amazing','.../amenity/picture_library',24),(992,992,'Theme Park','Wonderful','.../amenity/picture_library',71),(993,993,'Waterfront','Exciting','.../amenity/picture_library',197),(994,994,'Park','Beautiful','.../amenity/picture_library',166),(995,995,'Playground','Amazing','.../amenity/picture_library',13),(996,996,'Playground','Exciting','.../amenity/picture_library',105),(997,997,'Ski','Excellent','.../amenity/picture_library',163),(998,998,'Ski','Excellent','.../amenity/picture_library',42),(999,999,'Free Parking','Amazing','.../amenity/picture_library',191),(1000,1000,'Theme Park','Exciting','.../amenity/picture_library',39);
/*!40000 ALTER TABLE `attraction` ENABLE KEYS */;
UNLOCK TABLES;

--
-- Table structure for table `booking`
--

DROP TABLE IF EXISTS `booking`;
/*!40101 SET @saved_cs_client     = @@character_set_client */;
/*!50503 SET character_set_client = utf8mb4 */;
CREATE TABLE `booking` (
  `booking_ID` int NOT NULL,
  `property_ID` int DEFAULT NULL,
  `host_ID` int DEFAULT NULL,
  `guest_ID` int DEFAULT NULL,
  `booking_date` date DEFAULT NULL,
  `checkin_date` date DEFAULT NULL,
  `number_of_nights` int DEFAULT NULL,
  `booking_status` varchar(10) DEFAULT NULL,
  PRIMARY KEY (`booking_ID`),
  KEY `property_ID` (`property_ID`),
  KEY `host_ID` (`host_ID`),
  KEY `guest_ID` (`guest_ID`),
  CONSTRAINT `booking_ibfk_1` FOREIGN KEY (`property_ID`) REFERENCES `property` (`property_ID`),
  CONSTRAINT `booking_ibfk_2` FOREIGN KEY (`host_ID`) REFERENCES `property_host` (`host_ID`),
  CONSTRAINT `booking_ibfk_3` FOREIGN KEY (`guest_ID`) REFERENCES `guest` (`guest_ID`)
) ENGINE=InnoDB DEFAULT CHARSET=utf8mb4 COLLATE=utf8mb4_0900_ai_ci;
/*!40101 SET character_set_client = @saved_cs_client */;

--
-- Dumping data for table `booking`
--

LOCK TABLES `booking` WRITE;
/*!40000 ALTER TABLE `booking` DISABLE KEYS */;
INSERT INTO `booking` VALUES (1,46,2,17,'2020-02-09','2021-08-07',24,'3'),(2,21,2,48,'2020-04-05','2021-03-29',6,'1'),(3,45,20,32,'2020-10-05','2020-06-25',16,'1'),(4,163,1,39,'2020-12-24','2021-09-29',8,'2'),(5,65,18,13,'2021-11-09','2023-01-12',21,'3'),(6,24,18,47,'2020-02-22','2021-08-02',11,'3'),(7,182,6,34,'2021-06-01','2021-10-26',11,'3'),(8,102,11,11,'2020-08-05','2022-12-23',17,'3'),(9,107,4,40,'2022-12-30','2020-11-14',28,'4'),(10,52,20,21,'2021-09-08','2021-02-12',3,'1'),(11,169,6,11,'2022-07-06','2022-04-25',25,'1'),(12,140,2,10,'2021-01-29','2022-07-21',22,'1'),(13,158,8,44,'2021-09-20','2020-05-05',18,'3'),(14,113,12,33,'2021-05-13','2022-08-13',8,'1'),(15,111,4,48,'2021-02-28','2023-02-10',9,'4'),(16,43,1,41,'2022-02-25','2021-01-13',4,'1'),(17,78,12,34,'2021-06-10','2021-01-15',10,'3'),(18,30,10,47,'2020-02-09','2022-12-11',8,'3'),(19,103,1,7,'2022-11-14','2022-08-05',22,'1'),(20,74,10,49,'2022-04-11','2022-10-26',10,'1'),(21,36,17,7,'2020-04-18','2022-11-13',13,'4'),(22,85,1,38,'2022-09-06','2022-05-18',9,'4'),(23,200,14,60,'2020-11-30','2020-09-27',7,'3'),(24,13,15,59,'2022-09-07','2022-01-18',26,'4'),(25,36,17,16,'2021-10-07','2020-02-07',16,'2'),(26,86,15,30,'2020-07-19','2022-04-02',1,'4'),(27,183,2,10,'2021-05-28','2021-11-30',9,'2'),(28,43,10,45,'2020-02-20','2020-12-23',9,'3'),(29,11,12,8,'2021-03-31','2020-10-21',14,'1'),(30,170,12,27,'2020-06-29','2020-12-27',28,'4'),(31,28,7,56,'2021-01-10','2022-11-15',24,'3'),(32,81,17,12,'2021-04-10','2020-04-08',12,'1'),(33,184,20,4,'2023-01-16','2020-11-19',6,'3'),(34,19,3,29,'2020-06-21','2021-03-09',19,'3'),(35,117,6,35,'2021-04-08','2022-05-12',1,'4'),(36,154,18,7,'2020-04-06','2021-07-23',5,'3'),(37,198,17,33,'2021-04-15','2020-04-23',21,'1'),(38,123,13,28,'2023-01-27','2023-01-25',28,'2'),(39,53,11,36,'2020-04-01','2020-07-03',9,'2'),(40,11,5,35,'2021-07-27','2020-10-30',8,'4'),(41,127,8,48,'2022-03-08','2020-02-25',14,'3'),(42,197,20,20,'2020-02-06','2021-04-19',30,'2'),(43,19,17,28,'2022-08-06','2021-09-05',20,'1'),(44,200,13,56,'2021-01-20','2023-02-13',14,'4'),(45,54,13,43,'2021-07-25','2020-10-30',18,'3'),(46,182,5,12,'2021-01-04','2022-01-18',2,'3'),(47,79,17,54,'2022-05-04','2020-08-16',15,'3'),(48,137,14,50,'2022-07-22','2021-06-04',19,'3'),(49,200,12,34,'2022-12-31','2020-10-11',24,'1'),(50,148,13,45,'2021-02-13','2020-11-18',8,'4'),(51,91,3,24,'2022-10-03','2021-05-16',14,'3'),(52,38,13,30,'2020-06-30','2021-02-20',4,'3'),(53,144,14,39,'2020-02-17','2020-08-09',25,'1'),(54,76,16,14,'2023-02-09','2022-04-24',4,'3'),(55,150,4,43,'2020-10-20','2021-06-05',27,'1'),(56,116,20,8,'2020-02-20','2021-01-22',10,'2'),(57,164,6,12,'2020-07-02','2022-10-25',18,'1'),(58,86,6,59,'2021-03-04','2022-06-25',10,'2'),(59,137,20,55,'2020-11-17','2022-06-01',8,'3'),(60,3,8,55,'2020-09-20','2021-04-21',2,'2'),(61,29,12,14,'2020-06-18','2021-08-03',29,'2'),(62,42,11,25,'2020-07-18','2021-08-03',3,'1'),(63,61,12,34,'2022-04-30','2022-09-01',8,'1'),(64,110,2,27,'2020-01-15','2022-07-29',7,'1'),(65,31,19,13,'2020-01-24','2021-09-30',4,'1'),(66,48,1,20,'2020-07-25','2022-12-22',17,'1'),(67,174,10,15,'2020-11-29','2021-03-17',28,'3'),(68,140,17,25,'2022-08-25','2021-05-15',21,'4'),(69,113,12,30,'2021-01-17','2021-12-23',25,'4'),(70,172,5,8,'2021-10-01','2021-05-14',8,'2'),(71,196,10,21,'2021-11-10','2020-05-23',20,'4'),(72,78,2,41,'2022-01-24','2021-11-29',4,'4'),(73,64,20,55,'2022-09-05','2022-08-08',4,'4'),(74,126,6,34,'2022-08-03','2022-12-08',17,'3'),(75,171,15,26,'2022-01-05','2021-05-03',12,'1'),(76,182,20,23,'2020-08-01','2020-05-26',20,'1'),(77,162,18,13,'2022-06-01','2021-10-19',26,'3'),(78,84,12,52,'2021-05-07','2022-03-10',23,'3'),(79,89,15,50,'2021-07-21','2020-07-02',11,'4'),(80,156,5,33,'2022-01-10','2022-09-17',19,'4'),(81,117,19,23,'2022-07-24','2020-06-16',24,'4'),(82,97,15,16,'2020-03-23','2021-03-22',3,'1'),(83,87,17,54,'2022-03-03','2021-03-04',19,'4'),(84,34,10,23,'2022-02-08','2020-03-12',10,'2'),(85,69,10,45,'2023-01-16','2022-01-31',17,'2'),(86,188,10,4,'2021-11-07','2020-11-13',2,'3'),(87,169,13,59,'2023-01-02','2020-12-27',30,'3'),(88,49,13,32,'2020-08-24','2020-04-14',8,'4'),(89,26,12,37,'2022-08-07','2020-02-22',2,'1'),(90,100,14,5,'2021-10-04','2020-02-03',2,'4'),(91,157,12,26,'2020-01-25','2022-06-23',21,'1'),(92,119,8,50,'2020-05-10','2020-04-04',4,'2'),(93,86,14,39,'2021-10-16','2021-02-10',23,'3'),(94,9,19,54,'2021-01-30','2020-02-08',2,'4'),(95,158,19,3,'2022-08-31','2021-07-26',6,'4'),(96,107,6,42,'2020-06-12','2022-04-20',24,'2'),(97,81,15,38,'2021-03-21','2021-08-29',3,'1'),(98,131,3,4,'2021-08-01','2021-06-07',3,'2'),(99,92,1,28,'2021-09-14','2021-06-05',23,'3'),(100,140,17,46,'2021-10-27','2021-04-27',26,'4'),(101,150,5,24,'2020-06-23','2020-08-16',25,'4'),(102,116,14,49,'2021-11-29','2021-07-02',12,'3'),(103,83,11,29,'2022-10-30','2021-07-08',29,'4'),(104,68,2,50,'2022-10-25','2022-02-13',6,'2'),(105,109,10,59,'2021-01-08','2021-02-02',13,'2'),(106,67,14,46,'2021-12-18','2020-04-08',27,'4'),(107,119,6,39,'2022-05-06','2022-08-31',11,'1'),(108,100,11,11,'2022-08-19','2021-12-05',5,'1'),(109,75,1,8,'2021-12-01','2022-03-06',10,'1'),(110,120,12,59,'2022-12-01','2023-02-07',26,'2'),(111,40,19,38,'2020-09-22','2023-02-18',9,'1'),(112,154,16,36,'2022-04-21','2022-08-31',29,'1'),(113,36,17,12,'2022-09-05','2023-02-11',14,'3'),(114,172,13,39,'2022-04-19','2021-02-28',4,'4'),(115,112,1,7,'2022-08-08','2022-01-28',10,'2'),(116,91,9,38,'2021-02-21','2021-10-29',17,'3'),(117,57,14,32,'2020-07-25','2022-04-19',3,'3'),(118,125,11,4,'2022-09-09','2020-03-23',27,'3'),(119,41,13,21,'2020-05-02','2020-09-22',30,'4'),(120,199,7,36,'2020-11-08','2021-06-24',2,'1'),(121,63,8,19,'2020-02-29','2022-11-07',2,'3'),(122,69,5,2,'2022-12-14','2020-04-15',5,'4'),(123,161,12,45,'2022-09-17','2021-11-23',7,'1'),(124,49,5,12,'2020-03-15','2021-08-16',28,'3'),(125,105,20,21,'2022-09-11','2021-05-28',19,'4'),(126,160,6,5,'2020-07-29','2020-12-17',16,'3'),(127,88,1,54,'2022-01-19','2020-10-16',14,'3'),(128,67,20,15,'2022-08-27','2022-06-13',18,'1'),(129,53,6,49,'2020-02-07','2020-11-04',18,'4'),(130,183,15,35,'2023-02-19','2020-06-04',16,'2'),(131,23,13,45,'2022-09-24','2021-05-24',25,'3'),(132,10,19,27,'2021-12-06','2022-08-22',30,'1'),(133,27,1,22,'2022-04-28','2020-07-13',2,'4'),(134,163,11,36,'2022-01-11','2022-07-19',2,'3'),(135,92,1,29,'2021-03-28','2020-01-31',28,'3'),(136,131,10,8,'2022-09-01','2021-08-03',18,'2'),(137,59,16,5,'2020-08-25','2020-04-27',3,'3'),(138,19,10,24,'2020-09-11','2022-02-23',15,'3'),(139,153,12,59,'2021-05-19','2020-11-12',26,'4'),(140,158,18,27,'2020-09-09','2022-05-16',23,'3'),(141,108,12,48,'2022-07-09','2022-06-13',8,'3'),(142,44,12,60,'2022-03-25','2020-12-03',29,'2'),(143,26,19,55,'2022-10-20','2020-03-18',3,'2'),(144,156,7,50,'2020-08-14','2021-04-26',19,'3'),(145,184,6,12,'2020-02-03','2022-02-04',19,'2'),(146,42,3,2,'2020-11-19','2020-12-19',11,'1'),(147,63,1,18,'2020-04-08','2022-02-02',25,'2'),(148,144,5,58,'2022-06-02','2020-07-21',15,'3'),(149,80,6,40,'2022-01-19','2022-10-14',13,'3'),(150,33,18,7,'2020-04-17','2022-12-29',19,'4'),(151,180,9,43,'2020-04-12','2022-11-02',28,'2'),(152,54,9,16,'2020-06-09','2022-03-03',14,'3'),(153,173,3,27,'2022-01-12','2022-08-13',27,'1'),(154,108,7,38,'2023-02-12','2021-02-23',21,'1'),(155,73,9,49,'2022-03-03','2022-06-22',3,'1'),(156,174,7,55,'2020-05-20','2020-02-21',26,'1'),(157,108,20,45,'2022-09-21','2022-07-25',30,'2'),(158,56,17,43,'2021-08-24','2021-04-28',7,'4'),(159,156,3,49,'2020-05-23','2021-08-09',24,'4'),(160,131,14,50,'2021-05-17','2022-02-11',16,'2'),(161,195,8,57,'2022-12-10','2022-06-14',3,'4'),(162,149,7,24,'2020-06-09','2020-08-14',2,'4'),(163,47,4,31,'2021-11-20','2020-11-07',22,'4'),(164,185,9,12,'2020-09-23','2020-02-20',4,'2'),(165,158,20,39,'2022-09-15','2021-02-23',19,'4'),(166,127,7,1,'2021-08-03','2020-11-21',11,'3'),(167,50,10,60,'2020-12-05','2020-05-27',17,'3'),(168,62,16,56,'2021-10-01','2020-06-15',30,'2'),(169,174,3,24,'2021-02-05','2022-09-11',9,'4'),(170,163,8,23,'2022-08-25','2021-05-06',2,'1'),(171,20,8,22,'2023-01-15','2022-03-17',14,'3'),(172,162,5,53,'2020-04-08','2021-08-25',20,'1'),(173,138,11,59,'2021-06-02','2020-11-06',6,'3'),(174,34,18,57,'2020-09-05','2022-08-03',19,'3'),(175,2,16,36,'2022-08-15','2020-08-03',6,'1'),(176,8,9,19,'2020-09-29','2020-05-10',23,'3'),(177,80,16,19,'2020-01-19','2020-05-17',26,'1'),(178,115,20,3,'2021-02-12','2021-03-19',9,'2'),(179,192,1,25,'2020-09-12','2022-01-18',30,'2'),(180,49,1,13,'2022-05-06','2021-10-23',17,'1'),(181,162,7,35,'2020-03-04','2022-03-14',18,'2'),(182,153,4,48,'2020-09-16','2021-09-10',15,'1'),(183,173,10,51,'2020-09-07','2020-07-19',30,'2'),(184,24,17,41,'2023-01-15','2021-09-01',3,'2'),(185,151,19,42,'2021-10-20','2020-07-16',4,'4'),(186,70,13,39,'2022-02-28','2021-01-29',2,'3'),(187,20,6,8,'2021-06-20','2022-09-13',4,'2'),(188,148,4,32,'2020-05-13','2023-02-11',3,'2'),(189,174,1,55,'2021-02-20','2021-04-04',6,'4'),(190,125,4,49,'2021-10-24','2022-12-15',27,'2'),(191,185,12,57,'2021-05-23','2022-09-10',26,'1'),(192,7,9,17,'2022-04-22','2020-12-14',27,'3'),(193,185,8,52,'2021-07-10','2020-05-21',14,'4'),(194,84,9,8,'2022-10-08','2021-04-09',30,'2'),(195,16,19,7,'2022-09-25','2021-03-04',28,'1'),(196,109,16,15,'2020-04-16','2021-08-13',25,'1'),(197,121,10,52,'2022-09-25','2020-02-22',23,'3'),(198,146,1,37,'2020-08-13','2021-09-22',19,'3'),(199,147,2,53,'2021-08-21','2023-02-16',29,'1'),(200,101,19,39,'2020-11-17','2020-12-14',2,'1'),(201,76,13,15,'2020-11-20','2021-03-23',14,'2'),(202,73,2,44,'2020-04-16','2020-05-09',9,'1'),(203,85,4,27,'2020-04-03','2022-01-01',20,'3'),(204,182,20,58,'2020-08-03','2021-11-23',18,'3'),(205,134,12,50,'2023-02-09','2022-12-07',2,'1'),(206,45,8,46,'2020-02-03','2021-08-11',23,'1'),(207,140,4,55,'2022-06-27','2020-05-20',30,'3'),(208,106,18,10,'2022-07-01','2022-05-09',7,'2'),(209,91,1,7,'2022-01-03','2021-02-18',20,'3'),(210,122,20,53,'2021-11-09','2023-02-07',22,'2'),(211,157,9,2,'2022-12-05','2022-03-10',3,'3'),(212,189,17,14,'2022-04-12','2021-10-12',23,'4'),(213,20,17,18,'2021-03-25','2020-10-31',29,'1'),(214,170,2,12,'2020-12-01','2021-07-06',23,'1'),(215,96,17,43,'2023-01-28','2020-02-15',8,'3'),(216,13,11,58,'2022-01-21','2021-09-29',22,'4'),(217,50,7,17,'2020-05-29','2021-04-24',29,'4'),(218,114,3,35,'2022-06-16','2020-09-01',25,'1'),(219,66,11,34,'2022-09-12','2022-11-19',8,'3'),(220,181,12,28,'2021-01-08','2023-01-26',22,'3'),(221,176,14,35,'2020-04-13','2021-12-03',22,'2'),(222,138,20,1,'2022-10-30','2020-11-21',23,'4'),(223,7,20,35,'2022-09-20','2020-04-05',1,'4'),(224,187,4,34,'2020-11-18','2022-07-15',17,'1'),(225,186,11,51,'2021-11-03','2022-08-28',14,'4'),(226,140,18,21,'2020-10-04','2020-07-28',24,'4'),(227,119,10,33,'2021-11-17','2021-01-20',18,'4'),(228,36,19,2,'2023-01-24','2023-01-30',14,'3'),(229,99,1,32,'2022-05-22','2020-04-19',1,'3'),(230,180,2,39,'2022-07-13','2022-08-15',10,'3'),(231,169,15,35,'2021-07-24','2022-10-29',27,'2'),(232,28,18,52,'2020-05-18','2021-10-19',8,'4'),(233,3,13,47,'2022-02-17','2020-10-10',14,'4'),(234,7,8,33,'2022-10-29','2021-07-05',9,'1'),(235,142,7,17,'2020-05-30','2020-12-25',18,'4'),(236,125,18,26,'2021-01-09','2022-05-04',14,'2'),(237,189,5,45,'2022-03-31','2022-10-01',18,'1'),(238,71,19,34,'2020-04-11','2021-01-06',13,'1'),(239,119,4,10,'2022-04-22','2020-05-11',27,'1'),(240,51,12,38,'2021-09-09','2022-07-12',13,'4'),(241,135,1,48,'2022-10-12','2022-08-04',17,'1'),(242,68,18,17,'2021-04-29','2020-11-22',6,'2'),(243,141,5,36,'2021-07-01','2021-08-09',1,'1'),(244,168,9,56,'2021-05-02','2022-11-27',30,'1'),(245,138,1,19,'2020-03-31','2020-10-08',11,'4'),(246,73,2,43,'2020-12-10','2022-02-15',22,'1'),(247,34,2,40,'2021-04-23','2021-05-29',11,'1'),(248,183,8,36,'2022-03-01','2021-11-28',15,'4'),(249,109,1,23,'2021-03-20','2021-12-11',14,'4'),(250,75,3,39,'2022-01-13','2022-04-29',20,'3'),(251,52,8,37,'2020-06-07','2023-01-26',7,'1'),(252,64,20,32,'2020-04-24','2020-04-11',29,'4'),(253,10,4,43,'2021-10-01','2022-04-08',26,'3'),(254,195,8,5,'2020-09-10','2021-05-24',20,'3'),(255,56,6,44,'2020-08-06','2022-08-06',13,'4'),(256,136,3,15,'2021-01-08','2021-04-01',15,'3'),(257,142,7,26,'2020-11-18','2020-02-09',30,'1'),(258,123,9,38,'2021-10-14','2022-02-22',5,'3'),(259,141,11,54,'2022-07-09','2021-07-06',23,'4'),(260,169,8,57,'2022-03-30','2022-10-16',24,'3'),(261,170,8,24,'2022-01-28','2021-07-09',21,'2'),(262,98,12,33,'2022-10-01','2020-10-27',1,'3'),(263,40,18,25,'2022-09-08','2021-05-17',5,'1'),(264,111,7,52,'2020-11-12','2020-10-12',16,'1'),(265,23,5,31,'2020-03-15','2021-05-23',7,'4'),(266,74,2,14,'2021-02-07','2020-04-04',18,'4'),(267,133,16,41,'2022-12-05','2022-08-29',16,'4'),(268,9,11,11,'2021-12-17','2020-05-31',9,'3'),(269,118,15,25,'2021-10-17','2021-01-05',15,'3'),(270,52,7,38,'2020-09-03','2022-12-12',2,'2'),(271,15,14,40,'2022-09-26','2020-02-23',18,'4'),(272,187,14,23,'2020-12-13','2022-02-08',29,'4'),(273,24,8,27,'2022-02-05','2021-02-19',5,'4'),(274,6,13,25,'2022-09-13','2022-04-11',23,'3'),(275,63,20,4,'2020-05-14','2023-01-05',19,'2'),(276,18,3,24,'2021-04-28','2021-04-02',4,'3'),(277,155,4,19,'2020-01-23','2022-07-23',12,'1'),(278,175,17,7,'2021-10-17','2020-12-25',12,'3'),(279,133,20,23,'2022-02-02','2022-07-30',13,'3'),(280,171,12,29,'2022-08-16','2020-10-14',29,'2'),(281,46,1,25,'2021-04-23','2022-03-22',1,'2'),(282,198,2,57,'2022-05-05','2021-08-19',26,'2'),(283,130,16,13,'2021-07-17','2021-06-11',30,'3'),(284,96,1,3,'2022-04-13','2022-07-28',18,'1'),(285,125,14,58,'2020-03-03','2023-02-19',5,'4'),(286,164,8,29,'2021-02-08','2020-08-01',28,'3'),(287,171,14,3,'2020-12-18','2022-04-05',15,'1'),(288,145,18,56,'2020-06-30','2020-07-02',28,'4'),(289,135,9,12,'2020-01-22','2021-01-14',12,'1'),(290,196,14,53,'2022-06-30','2020-12-11',22,'1'),(291,88,5,38,'2021-12-28','2020-03-19',12,'1'),(292,85,13,44,'2023-01-03','2020-06-22',4,'2'),(293,143,7,57,'2021-07-25','2021-11-14',3,'3'),(294,9,5,35,'2021-06-20','2020-06-16',17,'2'),(295,192,2,13,'2020-01-17','2021-01-15',23,'1'),(296,73,2,15,'2021-12-23','2021-07-07',11,'3'),(297,73,10,2,'2020-12-12','2020-03-18',2,'3'),(298,132,16,45,'2021-05-08','2021-06-18',3,'2'),(299,90,13,25,'2021-04-27','2021-07-25',20,'3'),(300,115,15,48,'2020-11-30','2021-12-17',19,'1'),(301,134,8,21,'2021-01-05','2022-08-22',13,'3'),(302,89,5,22,'2021-05-04','2023-02-02',23,'4'),(303,79,19,39,'2023-02-01','2022-05-11',16,'1'),(304,131,12,43,'2020-11-06','2021-08-04',21,'2'),(305,79,10,27,'2022-08-08','2022-05-31',18,'3'),(306,58,18,16,'2020-10-07','2020-02-17',11,'4'),(307,31,10,44,'2022-11-05','2021-11-08',21,'1'),(308,30,7,51,'2021-08-25','2022-11-17',28,'4'),(309,36,14,51,'2021-11-08','2021-11-13',13,'4'),(310,115,6,48,'2023-01-12','2020-11-23',29,'2'),(311,69,16,37,'2020-07-20','2022-05-05',27,'3'),(312,169,6,42,'2021-12-22','2022-05-25',28,'2'),(313,152,4,40,'2022-01-18','2021-04-03',25,'3'),(314,9,12,54,'2020-10-24','2022-07-03',12,'3'),(315,153,20,55,'2022-02-06','2021-06-14',4,'3'),(316,107,19,10,'2021-09-18','2020-04-16',8,'1'),(317,70,16,3,'2021-12-11','2021-08-14',27,'2'),(318,45,5,5,'2022-05-20','2021-11-17',1,'3'),(319,171,20,27,'2022-02-26','2020-01-31',30,'2'),(320,32,6,31,'2021-09-08','2021-02-26',21,'4'),(321,186,4,46,'2020-02-18','2020-03-27',23,'1'),(322,57,12,31,'2020-11-23','2022-09-29',27,'3'),(323,111,18,17,'2020-03-02','2022-05-16',19,'1'),(324,65,17,20,'2020-08-11','2020-05-12',27,'4'),(325,24,3,51,'2021-04-03','2022-03-12',16,'4'),(326,64,6,8,'2020-11-14','2021-10-18',4,'4'),(327,87,6,33,'2023-01-08','2022-09-11',20,'4'),(328,154,11,21,'2021-03-16','2022-03-26',5,'4'),(329,170,14,6,'2021-06-05','2020-08-14',19,'1'),(330,128,10,54,'2020-06-24','2021-08-23',12,'3'),(331,88,16,1,'2022-03-08','2021-12-04',12,'2'),(332,129,9,54,'2020-07-09','2021-03-02',29,'4'),(333,127,9,15,'2021-02-16','2020-06-09',23,'1'),(334,106,9,52,'2020-04-26','2021-07-04',22,'2'),(335,174,15,30,'2020-07-11','2020-10-15',27,'3'),(336,52,7,22,'2020-01-16','2021-03-30',10,'2'),(337,148,17,47,'2022-04-14','2021-11-22',13,'2'),(338,178,16,57,'2021-06-30','2021-04-09',11,'1'),(339,113,2,11,'2020-03-06','2021-11-10',25,'1'),(340,60,10,7,'2022-12-02','2022-08-10',7,'3'),(341,195,9,46,'2020-05-28','2020-02-03',13,'1'),(342,63,9,33,'2020-10-04','2021-03-06',25,'3'),(343,169,7,40,'2021-07-04','2021-12-30',6,'2'),(344,148,20,2,'2021-09-29','2022-05-31',30,'1'),(345,78,16,31,'2022-02-04','2020-08-21',8,'4'),(346,27,1,35,'2022-02-01','2022-04-17',5,'3'),(347,93,9,28,'2020-04-09','2022-02-25',8,'2'),(348,130,4,16,'2021-07-10','2020-05-04',12,'3'),(349,28,20,27,'2020-04-14','2022-07-08',8,'4'),(350,139,13,7,'2021-08-16','2020-04-19',21,'4'),(351,88,17,9,'2020-09-26','2021-01-07',18,'1'),(352,36,7,13,'2020-06-11','2022-06-20',5,'3'),(353,3,12,22,'2020-09-24','2022-08-03',18,'4'),(354,167,1,42,'2021-09-19','2020-06-17',23,'1'),(355,123,4,8,'2020-02-12','2021-02-20',20,'4'),(356,16,12,60,'2020-08-20','2020-07-05',12,'3'),(357,82,14,13,'2022-08-20','2022-06-09',28,'3'),(358,36,13,11,'2021-04-09','2021-02-24',29,'1'),(359,41,13,20,'2022-08-10','2022-05-07',1,'3'),(360,74,8,27,'2023-01-22','2022-11-19',27,'4'),(361,66,17,58,'2021-11-18','2022-02-13',7,'1'),(362,119,8,40,'2022-07-09','2021-11-22',23,'1'),(363,161,20,43,'2021-08-22','2022-03-12',5,'4'),(364,55,12,44,'2022-11-15','2022-11-26',17,'1'),(365,179,1,58,'2022-06-14','2021-11-22',24,'2'),(366,25,8,36,'2020-08-17','2022-02-10',2,'4'),(367,155,14,38,'2023-01-28','2020-06-03',3,'3'),(368,79,10,12,'2020-09-29','2021-11-27',5,'2'),(369,85,20,20,'2020-07-06','2022-04-30',22,'1'),(370,3,18,35,'2022-07-11','2021-04-02',30,'1'),(371,183,2,14,'2022-02-23','2022-12-07',6,'1'),(372,102,17,22,'2020-09-12','2020-06-06',6,'4'),(373,147,17,28,'2020-12-28','2022-05-27',17,'2'),(374,35,5,36,'2022-03-08','2022-10-17',3,'3'),(375,193,12,29,'2022-07-28','2022-07-29',24,'4'),(376,94,19,31,'2021-03-28','2021-06-24',7,'3'),(377,188,9,41,'2021-10-18','2020-11-09',6,'4'),(378,86,9,53,'2020-02-17','2021-07-27',15,'3'),(379,144,1,10,'2022-03-01','2022-08-05',22,'4'),(380,164,14,54,'2022-04-24','2022-01-14',10,'1'),(381,190,4,39,'2020-01-31','2022-01-02',9,'3'),(382,124,12,47,'2020-05-22','2020-06-09',22,'3'),(383,50,5,33,'2021-10-23','2021-07-24',12,'2'),(384,45,17,49,'2020-05-28','2020-06-07',10,'4'),(385,128,10,54,'2021-11-07','2022-03-31',15,'2'),(386,200,20,24,'2021-03-12','2023-01-16',5,'1'),(387,148,11,25,'2021-01-29','2022-05-03',25,'1'),(388,36,11,52,'2020-07-25','2020-11-20',21,'4'),(389,177,10,56,'2021-06-29','2020-03-14',27,'3'),(390,189,6,57,'2022-06-28','2022-02-03',9,'2'),(391,99,9,12,'2023-01-21','2022-12-25',3,'1'),(392,130,5,46,'2020-05-14','2021-03-14',10,'3'),(393,119,4,38,'2022-04-05','2021-10-27',6,'3'),(394,192,3,40,'2022-11-18','2020-06-15',13,'1'),(395,134,19,30,'2020-07-19','2022-08-24',28,'2'),(396,8,19,29,'2020-01-28','2022-08-31',7,'4'),(397,66,6,33,'2020-02-04','2022-11-13',23,'3'),(398,47,18,28,'2022-10-28','2020-08-17',25,'4'),(399,95,9,59,'2021-05-26','2022-10-21',18,'2'),(400,43,11,19,'2020-11-02','2022-11-14',20,'3'),(401,122,16,31,'2021-05-13','2021-06-27',13,'4'),(402,31,11,33,'2020-06-25','2021-06-24',19,'1'),(403,17,7,60,'2022-01-30','2022-05-06',19,'3'),(404,189,2,26,'2021-09-16','2021-11-16',15,'4'),(405,55,7,58,'2022-06-01','2020-12-06',11,'1'),(406,159,19,57,'2020-12-02','2021-04-15',18,'2'),(407,104,5,4,'2021-11-22','2021-07-23',6,'4'),(408,181,3,15,'2020-09-21','2021-08-24',29,'4'),(409,130,10,33,'2020-07-02','2022-04-02',21,'1'),(410,166,20,7,'2021-05-23','2022-07-06',16,'1'),(411,44,1,36,'2020-02-26','2020-04-17',19,'1'),(412,127,3,6,'2020-08-29','2022-04-12',9,'3'),(413,52,7,17,'2020-12-30','2022-10-11',17,'3'),(414,21,5,55,'2021-02-11','2021-10-18',1,'1'),(415,94,5,60,'2021-12-21','2020-04-29',4,'3'),(416,79,19,46,'2023-01-01','2022-03-26',1,'1'),(417,82,16,27,'2021-05-24','2023-02-15',27,'4'),(418,109,20,21,'2021-03-03','2023-02-10',25,'3'),(419,125,14,19,'2021-11-12','2020-09-30',30,'4'),(420,134,20,52,'2022-02-04','2021-10-12',6,'1'),(421,57,12,31,'2021-01-23','2021-05-24',27,'3'),(422,46,16,35,'2020-11-25','2022-09-29',19,'3'),(423,59,6,56,'2022-05-30','2020-11-20',11,'4'),(424,178,11,27,'2022-08-09','2022-03-04',3,'4'),(425,193,5,60,'2022-09-04','2021-06-28',22,'2'),(426,94,17,44,'2020-12-01','2021-11-02',17,'2'),(427,198,5,6,'2023-02-19','2020-11-15',24,'2'),(428,173,6,25,'2020-11-05','2022-01-02',3,'4'),(429,31,15,59,'2020-04-03','2022-12-17',1,'4'),(430,152,18,44,'2020-02-21','2022-03-26',3,'2'),(431,180,11,28,'2020-03-01','2020-09-29',17,'1'),(432,11,12,1,'2022-07-08','2023-02-17',2,'3'),(433,55,9,23,'2021-09-19','2021-10-20',28,'4'),(434,70,14,38,'2022-08-24','2021-03-27',5,'4'),(435,92,6,41,'2020-04-06','2021-12-15',24,'2'),(436,16,13,4,'2022-12-08','2022-05-31',7,'1'),(437,135,18,23,'2020-12-09','2022-10-07',2,'3'),(438,90,19,6,'2022-01-21','2021-03-18',26,'4'),(439,98,16,14,'2020-10-04','2021-05-01',16,'1'),(440,153,5,11,'2020-01-15','2020-05-12',5,'3'),(441,147,1,2,'2021-08-30','2023-01-18',22,'3'),(442,17,17,12,'2021-07-01','2020-04-23',29,'1'),(443,80,2,32,'2022-04-11','2022-08-16',13,'2'),(444,85,14,33,'2022-10-15','2021-10-29',14,'4'),(445,146,1,4,'2020-07-21','2021-04-09',18,'3'),(446,45,6,39,'2020-12-02','2022-07-03',6,'4'),(447,164,18,32,'2020-04-02','2021-11-28',22,'1'),(448,169,6,19,'2022-09-19','2021-01-02',14,'2'),(449,18,7,34,'2021-04-11','2020-11-30',18,'1'),(450,34,14,10,'2022-05-27','2020-08-30',9,'2'),(451,193,18,26,'2023-01-03','2021-06-08',30,'1'),(452,121,14,27,'2022-12-24','2020-11-02',29,'4'),(453,141,11,52,'2022-09-26','2020-05-04',14,'1'),(454,136,3,15,'2021-09-29','2020-02-21',28,'1'),(455,41,6,59,'2020-03-24','2021-09-04',29,'3'),(456,16,2,1,'2021-12-13','2020-06-30',17,'4'),(457,67,19,53,'2022-07-23','2022-04-21',22,'2'),(458,31,17,3,'2020-10-13','2021-11-07',21,'3'),(459,71,17,14,'2020-02-01','2021-09-08',15,'2'),(460,195,3,13,'2020-02-13','2023-01-14',27,'1'),(461,33,6,21,'2021-08-09','2021-09-24',13,'4'),(462,51,19,60,'2020-11-22','2020-09-14',11,'3'),(463,41,16,40,'2022-12-11','2022-02-26',5,'1'),(464,37,4,58,'2022-05-09','2021-01-08',16,'3'),(465,15,9,34,'2021-02-06','2022-12-15',22,'2'),(466,26,13,54,'2022-10-22','2021-11-04',13,'3'),(467,82,10,48,'2020-10-23','2022-09-22',2,'2'),(468,37,20,5,'2022-10-19','2020-10-14',18,'3'),(469,104,3,21,'2021-01-23','2020-09-28',7,'2'),(470,125,16,39,'2020-04-20','2020-06-21',8,'2'),(471,68,17,25,'2022-02-09','2020-02-09',1,'4'),(472,9,6,36,'2021-01-20','2021-11-21',26,'4'),(473,137,16,29,'2020-03-20','2022-12-01',13,'3'),(474,22,18,54,'2021-04-29','2021-07-14',7,'3'),(475,64,8,56,'2022-07-27','2021-09-21',9,'1'),(476,128,15,16,'2021-08-05','2021-09-05',23,'2'),(477,190,18,39,'2020-04-11','2021-12-09',17,'1'),(478,159,16,22,'2021-06-15','2021-05-11',27,'1'),(479,167,11,20,'2020-09-04','2022-09-23',15,'4'),(480,197,13,56,'2022-07-31','2020-08-03',29,'2'),(481,38,12,21,'2020-06-19','2020-08-28',7,'4'),(482,53,15,14,'2022-11-12','2022-04-05',16,'3'),(483,99,8,5,'2022-04-06','2020-01-31',5,'1'),(484,88,17,19,'2020-07-27','2021-10-19',22,'4'),(485,6,12,56,'2022-03-22','2022-10-30',14,'1'),(486,122,9,22,'2020-04-08','2020-04-15',25,'4'),(487,35,19,15,'2022-06-30','2020-04-28',2,'4'),(488,12,10,50,'2022-09-09','2022-11-30',10,'1'),(489,125,2,8,'2021-04-20','2022-01-27',27,'2'),(490,83,2,52,'2021-03-13','2023-01-28',21,'4'),(491,150,17,40,'2021-04-10','2020-02-29',3,'3'),(492,170,5,28,'2020-11-20','2020-05-09',25,'1'),(493,8,6,56,'2020-02-20','2022-10-12',25,'2'),(494,22,6,32,'2020-06-16','2021-06-21',13,'4'),(495,29,1,15,'2022-12-13','2020-10-28',4,'4'),(496,3,3,6,'2022-10-26','2020-08-22',21,'2'),(497,142,19,57,'2020-04-19','2021-08-08',10,'3'),(498,178,14,3,'2020-05-15','2021-01-07',15,'3'),(499,69,12,27,'2021-05-27','2020-03-22',28,'2'),(500,14,19,56,'2020-04-30','2021-05-22',13,'2'),(501,165,19,50,'2020-12-18','2022-11-22',10,'3'),(502,116,1,53,'2021-09-20','2020-06-28',27,'2'),(503,179,11,25,'2021-07-25','2020-04-03',8,'4'),(504,31,17,40,'2023-02-07','2020-02-17',26,'3'),(505,41,14,10,'2021-04-01','2021-05-12',20,'4'),(506,32,6,60,'2020-11-12','2022-10-24',3,'1'),(507,167,5,59,'2020-01-16','2020-02-28',13,'2'),(508,96,1,53,'2021-01-28','2020-03-01',24,'3'),(509,158,13,40,'2021-03-30','2022-03-29',11,'2'),(510,111,9,37,'2022-07-23','2022-03-27',7,'3'),(511,154,1,57,'2022-03-28','2020-04-07',13,'4'),(512,131,11,55,'2022-06-14','2020-11-11',18,'2'),(513,60,17,27,'2020-07-25','2022-01-02',20,'1'),(514,131,11,60,'2022-07-09','2021-06-05',9,'2'),(515,35,20,54,'2021-12-14','2020-11-20',27,'1'),(516,126,14,18,'2020-05-22','2023-02-19',14,'3'),(517,79,5,9,'2022-10-06','2022-10-25',8,'3'),(518,185,11,34,'2020-03-12','2021-09-16',21,'3'),(519,22,2,22,'2023-01-17','2021-02-22',7,'3'),(520,146,19,3,'2021-03-08','2022-12-19',10,'3'),(521,98,4,46,'2023-02-17','2020-08-25',26,'2'),(522,44,5,2,'2022-09-07','2020-09-28',15,'4'),(523,127,7,36,'2022-03-22','2021-01-07',16,'3'),(524,41,9,20,'2020-01-18','2022-08-27',5,'2'),(525,11,15,32,'2022-06-21','2020-05-28',3,'2'),(526,90,13,34,'2022-01-21','2022-06-10',11,'1'),(527,184,15,8,'2021-03-15','2020-09-07',7,'3'),(528,24,13,36,'2021-09-16','2022-08-09',29,'4'),(529,41,4,25,'2022-04-05','2021-05-16',5,'4'),(530,140,12,56,'2020-09-14','2021-06-15',26,'3'),(531,191,16,14,'2022-03-31','2022-06-24',20,'3'),(532,53,7,9,'2020-10-18','2021-05-04',29,'3'),(533,104,3,47,'2020-10-16','2021-10-01',9,'4'),(534,109,16,13,'2021-12-15','2021-03-27',5,'3'),(535,193,18,52,'2022-05-07','2020-06-10',5,'4'),(536,34,4,13,'2023-01-30','2022-02-20',20,'1'),(537,33,8,43,'2020-04-25','2023-02-10',24,'1'),(538,124,13,36,'2020-01-15','2020-10-25',16,'3'),(539,162,1,20,'2020-02-14','2022-09-04',12,'4'),(540,129,19,28,'2022-12-10','2022-08-31',30,'4'),(541,141,3,4,'2020-05-06','2020-02-05',26,'1'),(542,145,14,8,'2021-03-19','2021-03-08',23,'4'),(543,89,10,29,'2020-02-19','2022-11-07',19,'1'),(544,59,8,35,'2020-08-12','2020-05-07',8,'1'),(545,21,15,41,'2021-04-04','2022-06-02',24,'4'),(546,43,18,24,'2020-12-19','2020-11-19',4,'4'),(547,85,16,5,'2022-12-21','2021-08-16',2,'3'),(548,110,8,15,'2020-08-17','2021-10-20',20,'3'),(549,191,8,31,'2022-07-03','2021-09-25',12,'4'),(550,8,3,15,'2021-06-06','2022-07-24',8,'4'),(551,118,20,32,'2020-12-22','2022-04-17',9,'1'),(552,57,9,43,'2020-08-29','2021-04-24',8,'1'),(553,53,3,53,'2023-01-05','2021-11-08',23,'3'),(554,145,7,47,'2020-03-26','2022-03-15',28,'3'),(555,177,13,46,'2022-07-28','2021-04-21',10,'4'),(556,178,14,24,'2021-09-05','2022-08-08',4,'2'),(557,51,19,11,'2020-08-29','2020-10-15',6,'1'),(558,146,12,11,'2022-07-25','2021-02-04',11,'1'),(559,47,2,15,'2021-11-29','2023-02-08',6,'3'),(560,15,9,5,'2022-01-08','2022-02-14',23,'4'),(561,31,11,57,'2023-01-15','2020-09-30',22,'3'),(562,141,3,31,'2020-02-11','2022-08-24',19,'4'),(563,17,14,33,'2022-04-10','2020-09-03',16,'3'),(564,186,6,58,'2022-12-12','2022-06-25',20,'3'),(565,77,8,33,'2022-08-14','2022-03-03',4,'2'),(566,200,2,28,'2020-01-16','2022-04-11',23,'1'),(567,168,20,46,'2023-01-22','2021-06-08',13,'2'),(568,179,13,45,'2022-03-08','2023-02-07',13,'2'),(569,26,18,42,'2022-09-02','2022-10-10',28,'2'),(570,34,19,42,'2020-08-25','2022-07-22',3,'2'),(571,99,16,10,'2020-11-08','2023-02-14',22,'1'),(572,43,18,11,'2021-07-16','2021-09-20',22,'1'),(573,24,19,26,'2020-11-19','2022-11-15',2,'1'),(574,58,7,19,'2021-06-01','2021-11-04',23,'1'),(575,56,18,11,'2020-06-22','2022-09-20',29,'3'),(576,153,7,8,'2020-12-26','2020-04-15',20,'1'),(577,171,17,42,'2021-12-30','2022-05-08',29,'2'),(578,125,3,57,'2022-05-29','2021-02-04',18,'3'),(579,186,6,52,'2021-12-17','2022-01-17',27,'1'),(580,25,20,23,'2022-04-24','2023-02-12',21,'3'),(581,75,9,20,'2020-03-08','2021-04-21',19,'3'),(582,111,9,25,'2020-10-02','2022-05-30',10,'2'),(583,147,16,9,'2021-10-13','2020-11-25',23,'1'),(584,192,14,10,'2020-01-29','2021-06-29',26,'3'),(585,143,4,37,'2021-01-15','2021-10-29',22,'1'),(586,82,13,16,'2021-09-25','2022-02-10',6,'2'),(587,178,20,32,'2020-02-18','2021-10-07',21,'2'),(588,110,18,5,'2021-03-29','2020-02-04',5,'2'),(589,56,13,27,'2021-03-07','2020-12-01',16,'1'),(590,108,13,18,'2020-12-11','2022-05-07',23,'1'),(591,26,6,13,'2021-09-06','2022-09-01',9,'3'),(592,119,13,45,'2021-02-21','2020-07-28',12,'1'),(593,132,19,55,'2022-06-25','2022-05-16',10,'3'),(594,128,9,48,'2021-04-10','2021-07-14',9,'2'),(595,160,17,38,'2021-04-23','2022-10-06',2,'2'),(596,168,14,19,'2021-06-27','2020-08-17',8,'2'),(597,19,13,1,'2020-05-26','2020-11-01',27,'1'),(598,89,15,26,'2020-12-25','2021-05-08',13,'3'),(599,194,2,21,'2021-01-22','2021-11-02',9,'4'),(600,80,4,52,'2022-07-02','2021-11-09',22,'1'),(601,106,3,8,'2022-09-11','2021-04-10',23,'3'),(602,152,4,22,'2022-09-11','2020-07-07',12,'3'),(603,35,14,36,'2021-08-28','2020-05-23',27,'2'),(604,45,8,15,'2020-10-07','2022-02-10',19,'4'),(605,78,8,39,'2022-05-09','2021-11-10',4,'1'),(606,113,10,39,'2021-07-22','2020-06-17',17,'3'),(607,103,13,37,'2023-02-17','2022-08-18',21,'4'),(608,46,11,49,'2020-05-23','2020-07-26',16,'3'),(609,64,3,27,'2020-07-25','2020-09-01',15,'2'),(610,197,4,52,'2022-02-27','2022-03-31',3,'2'),(611,169,5,19,'2020-12-19','2021-04-02',16,'3'),(612,84,6,51,'2021-08-24','2022-11-05',5,'4'),(613,170,19,25,'2021-09-30','2020-03-12',8,'3'),(614,148,14,33,'2021-10-12','2022-03-07',11,'4'),(615,133,4,13,'2022-07-05','2022-09-26',18,'3'),(616,105,12,15,'2022-09-18','2021-07-08',8,'4'),(617,35,11,38,'2021-10-11','2021-06-08',14,'4'),(618,106,8,3,'2021-11-23','2020-04-01',7,'3'),(619,30,10,35,'2020-02-04','2021-07-25',17,'2'),(620,76,3,49,'2022-03-14','2021-05-12',2,'3'),(621,142,8,27,'2022-04-10','2021-02-17',17,'2'),(622,93,7,5,'2021-06-16','2022-05-03',24,'3'),(623,162,6,46,'2020-09-02','2021-11-15',7,'4'),(624,192,14,32,'2020-06-21','2021-08-09',17,'4'),(625,150,17,15,'2020-12-29','2021-05-22',10,'3'),(626,93,18,31,'2020-04-07','2020-08-24',12,'1'),(627,87,10,13,'2021-02-01','2021-02-12',20,'1'),(628,41,3,13,'2022-12-27','2022-05-09',5,'3'),(629,144,12,2,'2021-01-28','2021-08-02',25,'2'),(630,66,8,32,'2022-09-02','2022-06-15',27,'4'),(631,27,18,27,'2021-09-16','2020-11-16',9,'4'),(632,9,20,31,'2022-11-04','2021-10-07',15,'1'),(633,35,9,33,'2020-04-27','2020-11-22',21,'3'),(634,52,4,25,'2021-01-07','2022-07-27',27,'3'),(635,185,6,58,'2022-01-06','2021-12-18',3,'1'),(636,32,4,14,'2021-04-07','2020-02-28',1,'3'),(637,40,12,31,'2021-11-15','2021-10-29',1,'2'),(638,53,6,46,'2020-04-02','2020-04-06',14,'1'),(639,199,12,20,'2021-04-04','2020-08-07',26,'4'),(640,67,9,56,'2023-01-06','2021-02-11',1,'2'),(641,111,19,25,'2020-06-13','2020-11-01',23,'4'),(642,40,15,23,'2020-05-13','2021-02-03',15,'4'),(643,97,1,43,'2022-02-15','2022-08-06',3,'2'),(644,61,16,27,'2021-08-29','2021-02-25',27,'3'),(645,117,1,6,'2022-01-14','2021-05-11',29,'4'),(646,43,17,32,'2020-04-01','2022-04-06',15,'2'),(647,32,15,38,'2021-01-29','2020-06-18',7,'2'),(648,110,8,52,'2022-02-22','2022-08-12',2,'3'),(649,21,11,34,'2022-04-04','2020-09-23',3,'2'),(650,109,19,49,'2021-05-14','2020-10-05',2,'4'),(651,193,12,44,'2020-03-05','2022-09-27',20,'2'),(652,101,5,18,'2022-09-02','2020-04-11',4,'2'),(653,55,13,21,'2021-10-05','2021-07-06',21,'4'),(654,150,14,30,'2021-03-01','2020-03-24',12,'4'),(655,78,12,40,'2022-08-31','2022-10-31',27,'1'),(656,95,19,10,'2021-08-13','2021-05-23',22,'1'),(657,10,13,12,'2021-11-12','2020-05-16',22,'1'),(658,7,2,43,'2021-05-24','2020-02-24',29,'4'),(659,16,2,8,'2020-12-03','2020-09-28',18,'1'),(660,145,7,56,'2020-10-03','2020-07-24',30,'2'),(661,14,13,57,'2020-11-14','2021-05-04',26,'2'),(662,186,2,15,'2022-02-22','2021-04-12',23,'4'),(663,161,9,38,'2021-07-02','2021-05-03',29,'4'),(664,192,4,36,'2022-12-01','2022-06-07',5,'3'),(665,129,14,55,'2022-02-14','2020-12-20',8,'1'),(666,193,6,33,'2021-12-11','2022-07-26',23,'2'),(667,79,11,51,'2023-01-04','2021-09-26',6,'3'),(668,75,20,27,'2021-03-06','2022-03-30',10,'4'),(669,180,11,49,'2020-06-22','2022-02-17',25,'2'),(670,23,8,52,'2020-02-06','2022-12-18',9,'2'),(671,94,20,3,'2020-12-10','2020-09-10',29,'2'),(672,70,10,17,'2021-06-05','2022-10-21',14,'4'),(673,103,19,10,'2022-07-13','2022-09-05',9,'4'),(674,63,18,42,'2020-05-10','2022-04-23',12,'1'),(675,98,15,51,'2023-01-27','2021-12-04',30,'1'),(676,32,12,36,'2022-12-19','2020-02-06',6,'1'),(677,126,16,3,'2020-04-08','2023-02-02',17,'1'),(678,188,20,46,'2022-01-21','2022-01-17',7,'2'),(679,67,19,47,'2022-11-28','2022-04-05',10,'2'),(680,106,6,44,'2022-05-12','2020-06-08',20,'1'),(681,120,16,28,'2020-02-06','2020-12-11',22,'1'),(682,34,5,28,'2021-11-20','2021-03-12',24,'1'),(683,107,20,7,'2022-12-22','2022-11-20',26,'4'),(684,30,6,8,'2022-08-29','2021-05-20',8,'4'),(685,195,20,56,'2020-07-28','2020-06-15',8,'3'),(686,145,14,55,'2022-06-24','2021-05-08',4,'4'),(687,100,16,37,'2022-12-23','2021-05-16',12,'2'),(688,94,15,43,'2022-07-24','2022-02-10',24,'4'),(689,65,15,18,'2020-10-08','2020-02-14',25,'2'),(690,150,3,2,'2022-10-15','2021-01-11',1,'3'),(691,149,15,54,'2020-09-01','2021-11-18',18,'2'),(692,134,8,6,'2021-12-23','2020-11-20',16,'4'),(693,76,12,47,'2020-05-15','2020-05-16',14,'3'),(694,25,12,28,'2020-06-27','2020-07-04',7,'1'),(695,151,20,41,'2023-01-15','2020-03-19',27,'1'),(696,188,10,5,'2020-02-26','2022-09-12',24,'4'),(697,118,2,22,'2022-09-26','2023-02-01',16,'1'),(698,131,8,37,'2021-01-28','2022-12-18',5,'1'),(699,66,19,25,'2023-02-06','2020-04-22',4,'2'),(700,67,18,42,'2022-05-17','2022-11-26',2,'3'),(701,138,3,32,'2020-02-11','2020-10-04',30,'1'),(702,169,18,51,'2022-02-28','2021-12-27',25,'4'),(703,138,9,45,'2022-03-21','2020-02-01',16,'1'),(704,200,17,52,'2022-05-16','2020-05-21',19,'1'),(705,171,18,36,'2021-09-30','2022-05-28',17,'3'),(706,10,15,31,'2021-08-11','2020-03-23',4,'2'),(707,17,3,33,'2020-08-30','2020-06-25',28,'1'),(708,129,1,19,'2020-07-17','2022-10-18',7,'4'),(709,116,16,40,'2020-07-21','2021-06-14',7,'3'),(710,154,1,29,'2020-08-24','2022-09-16',4,'2'),(711,127,18,12,'2022-04-08','2021-12-11',12,'4'),(712,110,13,53,'2020-12-23','2020-06-23',27,'3'),(713,54,20,23,'2022-02-12','2022-07-12',10,'1'),(714,147,2,53,'2020-11-30','2020-08-17',17,'2'),(715,114,2,7,'2022-04-09','2021-10-11',3,'4'),(716,70,7,30,'2021-02-18','2021-11-06',6,'1'),(717,143,20,35,'2020-08-21','2022-05-09',23,'3'),(718,131,3,54,'2020-06-11','2020-05-14',8,'1'),(719,67,9,22,'2021-08-29','2022-12-12',19,'2'),(720,67,13,4,'2022-11-17','2022-06-02',18,'4'),(721,189,4,16,'2022-10-22','2020-10-07',24,'2'),(722,133,17,50,'2022-09-27','2021-11-04',10,'1'),(723,97,15,35,'2022-03-18','2020-10-09',28,'3'),(724,88,3,49,'2020-05-15','2021-11-26',6,'2'),(725,5,13,12,'2020-04-02','2020-04-13',11,'3'),(726,153,3,5,'2020-10-12','2021-04-22',18,'3'),(727,177,20,7,'2021-03-21','2020-07-10',11,'2'),(728,2,13,42,'2021-12-26','2020-07-25',7,'3'),(729,199,15,8,'2022-10-06','2020-07-20',18,'2'),(730,67,14,20,'2022-04-21','2021-02-08',6,'1'),(731,62,14,28,'2023-01-27','2021-06-12',22,'3'),(732,140,1,4,'2021-04-24','2023-02-06',9,'3'),(733,46,10,38,'2021-01-19','2022-07-15',3,'4'),(734,67,2,27,'2020-04-17','2020-03-05',28,'2'),(735,85,11,14,'2022-07-25','2021-03-09',14,'2'),(736,83,12,38,'2022-12-02','2020-07-25',17,'4'),(737,187,12,5,'2020-05-13','2020-11-14',23,'2'),(738,6,18,20,'2021-01-23','2020-08-23',3,'4'),(739,153,13,43,'2022-02-23','2022-07-03',30,'2'),(740,56,19,34,'2020-10-21','2022-08-20',7,'4'),(741,59,2,29,'2023-01-30','2021-03-21',22,'4'),(742,120,11,43,'2020-02-19','2020-10-15',12,'3'),(743,148,16,10,'2020-10-29','2021-06-05',14,'2'),(744,20,1,8,'2020-11-04','2020-04-26',17,'3'),(745,9,6,2,'2022-06-17','2020-07-03',12,'1'),(746,12,15,28,'2021-10-29','2021-04-30',16,'3'),(747,167,19,52,'2021-12-31','2021-04-18',29,'2'),(748,6,3,24,'2020-09-04','2022-06-23',19,'3'),(749,82,6,3,'2020-06-18','2020-02-01',5,'3'),(750,37,14,13,'2022-02-05','2020-07-20',28,'3'),(751,197,4,21,'2021-08-22','2022-02-06',5,'2'),(752,147,9,1,'2020-07-16','2023-01-06',26,'3'),(753,15,14,15,'2021-01-18','2021-02-06',1,'1'),(754,25,20,19,'2022-09-26','2021-03-22',17,'4'),(755,29,9,44,'2022-12-26','2022-01-14',26,'2'),(756,113,1,47,'2020-03-03','2022-05-22',8,'1'),(757,155,12,30,'2020-11-12','2022-09-02',2,'3'),(758,23,20,60,'2022-08-29','2022-05-30',28,'1'),(759,137,4,9,'2022-11-24','2021-08-29',18,'4'),(760,22,8,47,'2021-02-05','2020-03-21',4,'3'),(761,10,11,10,'2020-06-01','2022-08-15',21,'2'),(762,186,18,17,'2020-06-05','2021-03-17',20,'2'),(763,111,12,31,'2022-03-29','2023-01-01',2,'2'),(764,170,2,19,'2021-10-24','2023-02-02',20,'2'),(765,115,2,37,'2022-01-01','2020-05-14',5,'2'),(766,10,7,50,'2022-02-04','2021-09-06',16,'1'),(767,181,6,20,'2022-04-18','2021-03-15',15,'3'),(768,183,5,5,'2020-10-28','2020-08-04',16,'1'),(769,121,3,10,'2020-10-23','2020-08-17',13,'3'),(770,102,4,29,'2020-03-30','2020-07-05',27,'2'),(771,30,12,35,'2022-06-28','2020-11-19',27,'4'),(772,161,18,29,'2022-05-03','2022-11-12',14,'3'),(773,64,9,39,'2022-09-29','2023-01-17',27,'4'),(774,125,13,42,'2020-01-22','2021-12-21',18,'1'),(775,191,17,16,'2022-11-12','2020-10-20',29,'3'),(776,184,8,51,'2022-06-03','2020-11-02',21,'3'),(777,49,16,42,'2020-01-15','2021-10-30',26,'2'),(778,138,17,20,'2020-11-25','2022-12-25',8,'4'),(779,81,15,12,'2022-04-27','2022-12-22',30,'1'),(780,53,19,15,'2021-06-27','2022-11-02',26,'1'),(781,166,7,20,'2021-07-09','2022-07-29',7,'2'),(782,118,6,25,'2021-10-15','2021-06-18',25,'1'),(783,46,5,11,'2022-03-03','2021-04-05',19,'4'),(784,69,6,39,'2022-07-17','2020-11-23',9,'2'),(785,96,19,44,'2020-12-14','2021-06-17',26,'4'),(786,101,7,6,'2020-08-14','2021-04-04',4,'3'),(787,84,16,41,'2022-10-31','2021-08-27',27,'4'),(788,161,18,1,'2022-10-14','2021-12-25',5,'3'),(789,21,1,32,'2021-08-11','2021-10-31',11,'2'),(790,180,12,54,'2020-05-17','2020-12-14',18,'4'),(791,37,11,40,'2021-06-27','2020-07-21',4,'1'),(792,177,3,57,'2021-12-10','2021-07-11',9,'1'),(793,152,16,1,'2020-05-01','2021-10-20',18,'1'),(794,4,16,3,'2022-06-07','2023-01-23',23,'1'),(795,120,13,3,'2020-05-26','2022-03-26',22,'2'),(796,11,2,54,'2021-04-05','2022-04-19',30,'1'),(797,134,1,10,'2021-09-16','2023-02-17',12,'1'),(798,151,3,4,'2022-01-15','2022-03-12',20,'1'),(799,103,18,37,'2021-08-25','2020-04-11',10,'4'),(800,29,20,11,'2022-12-25','2020-04-13',2,'3'),(801,200,4,6,'2020-05-13','2021-07-29',3,'4'),(802,56,15,3,'2022-03-02','2020-11-15',24,'2'),(803,33,18,18,'2021-04-23','2020-05-26',3,'1'),(804,37,16,49,'2020-12-25','2022-03-13',8,'3'),(805,20,4,36,'2022-03-01','2021-04-20',14,'3'),(806,174,1,38,'2023-02-13','2021-12-10',6,'2'),(807,143,6,53,'2022-08-24','2022-04-10',20,'4'),(808,140,10,4,'2022-10-26','2022-03-28',24,'3'),(809,178,8,16,'2021-06-11','2020-10-28',5,'2'),(810,28,4,27,'2021-07-30','2020-11-16',23,'2'),(811,40,6,31,'2021-01-16','2020-05-19',27,'4'),(812,157,12,56,'2022-08-04','2021-05-05',9,'3'),(813,40,16,47,'2021-01-05','2021-12-31',21,'1'),(814,162,8,36,'2021-03-11','2020-11-28',3,'2'),(815,124,20,51,'2020-04-16','2020-12-25',16,'1'),(816,50,15,41,'2020-10-16','2020-02-14',3,'4'),(817,171,5,11,'2021-08-20','2021-03-01',7,'1'),(818,131,7,38,'2022-07-27','2020-05-30',9,'4'),(819,43,4,51,'2020-11-30','2023-01-29',1,'1'),(820,109,10,30,'2022-10-04','2021-07-23',1,'4'),(821,73,11,14,'2020-10-04','2020-09-15',24,'3'),(822,117,10,42,'2021-05-02','2022-03-02',7,'1'),(823,165,10,24,'2021-07-05','2022-01-20',5,'1'),(824,83,8,26,'2022-12-29','2022-04-30',15,'3'),(825,177,1,12,'2021-11-22','2020-09-11',28,'3'),(826,85,17,49,'2020-02-17','2022-08-08',15,'3'),(827,26,10,34,'2021-05-07','2021-06-22',6,'4'),(828,155,2,13,'2021-09-29','2020-05-26',21,'1'),(829,101,5,44,'2022-11-15','2022-12-24',4,'3'),(830,44,19,47,'2023-02-18','2021-10-27',19,'3'),(831,30,7,25,'2020-05-05','2022-10-16',18,'4'),(832,31,2,2,'2022-03-27','2021-03-08',14,'1'),(833,124,1,1,'2020-08-15','2022-02-12',9,'1'),(834,11,10,32,'2020-06-25','2020-12-26',29,'2'),(835,17,19,20,'2021-04-25','2020-10-25',26,'4'),(836,57,16,60,'2021-09-28','2021-08-13',19,'4'),(837,152,5,22,'2023-01-28','2023-01-06',9,'3'),(838,45,1,11,'2020-05-06','2022-07-17',9,'2'),(839,20,13,1,'2023-02-17','2022-03-02',29,'3'),(840,126,5,14,'2022-09-10','2022-10-27',8,'1'),(841,93,8,60,'2022-01-22','2023-02-19',9,'3'),(842,105,10,33,'2020-11-27','2022-11-04',30,'3'),(843,11,18,23,'2021-09-20','2022-05-01',23,'2'),(844,151,19,36,'2020-04-13','2020-02-12',11,'2'),(845,96,20,5,'2020-09-11','2020-12-10',21,'4'),(846,33,7,40,'2020-07-20','2022-03-29',20,'2'),(847,97,18,49,'2021-06-27','2021-11-08',24,'2'),(848,190,8,32,'2021-11-03','2022-09-03',10,'1'),(849,4,19,19,'2022-06-05','2021-10-23',29,'4'),(850,41,10,12,'2022-03-11','2022-08-18',5,'3'),(851,75,18,38,'2021-12-20','2020-06-30',25,'3'),(852,155,12,46,'2020-12-26','2022-04-10',22,'2'),(853,5,20,39,'2020-07-16','2020-05-06',30,'4'),(854,135,9,19,'2021-03-21','2021-09-16',20,'2'),(855,25,13,36,'2021-02-09','2021-12-10',8,'3'),(856,113,5,14,'2022-01-10','2023-01-05',24,'4'),(857,84,3,41,'2021-07-24','2020-04-29',2,'2'),(858,33,18,43,'2020-07-30','2021-08-05',5,'1'),(859,59,18,11,'2020-03-29','2022-04-04',25,'1'),(860,48,11,27,'2021-07-03','2021-11-26',7,'4'),(861,157,9,22,'2022-03-17','2020-02-02',9,'4'),(862,33,17,56,'2023-02-16','2021-09-02',24,'3'),(863,3,17,5,'2021-08-18','2021-04-30',24,'1'),(864,173,7,23,'2022-02-04','2022-04-20',25,'2'),(865,143,15,4,'2021-01-13','2021-10-25',1,'2'),(866,22,16,26,'2020-12-10','2021-06-15',6,'3'),(867,71,9,32,'2020-12-01','2023-02-13',17,'3'),(868,174,17,23,'2020-03-08','2020-09-24',19,'1'),(869,101,9,42,'2021-08-14','2020-11-29',29,'1'),(870,150,7,47,'2020-05-13','2020-02-23',7,'1'),(871,140,15,10,'2022-10-06','2021-11-11',5,'1'),(872,156,13,58,'2021-06-06','2022-05-29',24,'1'),(873,11,2,47,'2021-07-15','2022-12-13',3,'2'),(874,125,20,58,'2021-04-01','2022-08-17',19,'1'),(875,70,4,9,'2022-04-08','2020-02-15',26,'2'),(876,86,12,14,'2021-05-13','2020-10-20',30,'4'),(877,112,20,25,'2020-02-11','2022-12-14',19,'4'),(878,107,6,55,'2022-06-11','2021-05-30',10,'4'),(879,198,13,12,'2022-02-23','2022-02-18',29,'3'),(880,139,6,26,'2023-01-25','2022-02-24',21,'4'),(881,74,8,30,'2021-04-12','2022-10-23',14,'4'),(882,17,10,44,'2021-04-01','2021-12-19',14,'4'),(883,85,6,27,'2020-10-24','2022-06-16',3,'3'),(884,16,9,8,'2022-08-17','2020-06-05',17,'1'),(885,25,20,21,'2023-01-28','2022-03-18',3,'3'),(886,8,2,45,'2020-02-16','2021-08-04',30,'1'),(887,136,7,48,'2021-08-02','2022-12-25',27,'3'),(888,94,20,30,'2021-09-04','2022-07-15',30,'3'),(889,83,13,42,'2022-06-29','2020-06-02',30,'2'),(890,108,7,35,'2020-02-15','2020-02-25',4,'4'),(891,27,16,4,'2021-07-30','2022-11-02',18,'2'),(892,10,1,15,'2020-04-22','2021-09-29',1,'2'),(893,99,5,50,'2020-08-03','2021-04-04',8,'1'),(894,53,3,12,'2021-03-05','2020-10-31',6,'3'),(895,142,2,2,'2020-02-22','2022-03-20',11,'2'),(896,87,3,51,'2022-08-17','2022-09-13',15,'2'),(897,27,2,49,'2021-09-24','2020-12-12',15,'4'),(898,190,18,26,'2022-06-03','2022-08-01',15,'4'),(899,107,11,5,'2021-12-28','2020-03-27',5,'2'),(900,86,13,48,'2022-03-12','2021-03-10',16,'2'),(901,148,1,1,'2020-10-24','2021-06-19',22,'4'),(902,132,4,2,'2020-02-07','2020-10-28',9,'3'),(903,17,15,8,'2022-11-11','2022-10-19',22,'2'),(904,79,8,56,'2021-06-21','2020-11-27',17,'1'),(905,81,20,40,'2020-08-04','2020-02-22',5,'2'),(906,118,17,57,'2022-04-23','2022-11-13',3,'2'),(907,110,18,7,'2022-12-28','2022-08-23',1,'4'),(908,28,13,10,'2021-11-21','2022-02-23',28,'2'),(909,44,1,44,'2020-11-18','2021-07-30',2,'3'),(910,68,11,60,'2022-05-22','2022-06-17',3,'2'),(911,20,18,55,'2020-11-20','2020-10-22',13,'4'),(912,184,2,39,'2020-09-22','2022-01-22',25,'2'),(913,133,11,55,'2020-06-15','2022-03-31',26,'3'),(914,9,4,44,'2021-07-14','2021-10-17',19,'1'),(915,3,5,21,'2022-07-03','2020-03-03',21,'2'),(916,2,9,53,'2020-10-10','2021-03-13',18,'4'),(917,172,8,11,'2021-11-15','2020-07-13',6,'2'),(918,61,9,2,'2020-04-08','2021-11-06',25,'1'),(919,89,6,50,'2020-03-09','2022-12-12',10,'4'),(920,97,11,9,'2021-12-22','2020-05-13',21,'4'),(921,165,13,14,'2022-12-22','2021-08-14',30,'2'),(922,154,3,42,'2021-05-02','2022-09-11',11,'4'),(923,179,3,33,'2021-02-21','2020-06-16',23,'1'),(924,63,5,1,'2021-08-15','2020-09-05',9,'1'),(925,142,4,22,'2022-05-16','2022-08-21',2,'2'),(926,25,14,19,'2022-08-18','2020-06-13',1,'1'),(927,157,7,28,'2021-09-21','2022-04-24',16,'4'),(928,55,19,23,'2021-11-03','2020-03-24',26,'4'),(929,200,4,24,'2022-03-08','2022-06-12',8,'2'),(930,198,15,55,'2023-02-04','2022-04-11',7,'2'),(931,148,19,18,'2021-05-30','2020-04-06',18,'1'),(932,83,10,5,'2022-01-28','2021-10-30',2,'3'),(933,199,20,55,'2022-12-25','2020-11-08',13,'3'),(934,157,15,2,'2022-01-12','2022-06-24',28,'3'),(935,116,9,2,'2021-08-17','2020-10-22',2,'4'),(936,12,3,39,'2021-09-05','2022-09-08',17,'3'),(937,91,16,31,'2021-08-16','2021-04-18',1,'4'),(938,146,19,15,'2021-12-21','2022-05-26',30,'1'),(939,142,2,59,'2022-06-02','2021-08-10',8,'2'),(940,162,18,45,'2023-01-21','2020-02-25',15,'4'),(941,104,20,1,'2022-12-28','2020-11-28',28,'1'),(942,146,18,5,'2020-09-25','2020-02-17',26,'4'),(943,105,2,46,'2020-10-02','2020-05-08',27,'1'),(944,28,11,16,'2021-04-02','2020-07-05',17,'3'),(945,186,11,56,'2021-08-28','2021-08-04',22,'1'),(946,155,19,50,'2021-11-20','2022-04-21',4,'2'),(947,98,17,26,'2020-04-13','2020-12-17',16,'4'),(948,22,12,27,'2020-04-13','2021-02-16',1,'3'),(949,164,3,54,'2020-09-30','2023-01-07',19,'1'),(950,129,20,6,'2022-01-21','2022-08-30',28,'4'),(951,117,10,10,'2022-02-05','2021-04-04',11,'1'),(952,87,9,28,'2022-05-06','2020-05-11',8,'1'),(953,69,20,50,'2021-04-29','2020-02-23',25,'3'),(954,173,5,55,'2022-08-14','2022-10-07',15,'3'),(955,44,1,43,'2020-12-21','2021-11-29',17,'3'),(956,169,7,46,'2021-01-18','2022-03-09',20,'3'),(957,49,6,46,'2022-07-02','2023-01-20',22,'1'),(958,103,12,57,'2022-11-26','2021-09-22',12,'3'),(959,195,10,53,'2022-07-31','2022-02-01',12,'4'),(960,72,7,21,'2022-07-18','2022-08-19',29,'3'),(961,28,15,29,'2021-11-16','2020-02-12',3,'3'),(962,107,18,6,'2020-05-25','2021-07-06',11,'4'),(963,142,7,36,'2022-04-21','2021-04-20',15,'3'),(964,173,17,5,'2021-11-14','2021-03-28',24,'3'),(965,127,3,41,'2021-09-11','2020-03-26',11,'1'),(966,134,8,55,'2022-01-08','2021-05-24',12,'2'),(967,154,2,50,'2020-05-08','2021-11-01',21,'3'),(968,107,19,24,'2021-07-24','2022-06-19',2,'2'),(969,6,6,21,'2020-03-13','2020-01-31',27,'4'),(970,190,19,59,'2022-01-27','2022-08-28',24,'2'),(971,149,2,23,'2021-03-18','2022-04-01',17,'2'),(972,143,18,12,'2021-02-18','2020-03-06',2,'2'),(973,69,6,38,'2021-02-09','2022-02-10',7,'3'),(974,188,8,9,'2021-01-15','2022-01-24',28,'4'),(975,48,15,22,'2021-05-25','2022-03-04',20,'1'),(976,177,6,54,'2022-07-28','2021-04-01',3,'3'),(977,28,16,12,'2021-11-05','2021-11-18',7,'3'),(978,188,11,28,'2020-09-02','2022-04-05',26,'4'),(979,55,11,59,'2022-08-19','2022-11-18',21,'2'),(980,132,14,11,'2023-01-27','2020-12-01',6,'3'),(981,96,9,53,'2020-12-25','2021-09-05',7,'3'),(982,84,1,40,'2021-06-20','2022-10-11',19,'4'),(983,198,4,23,'2023-02-08','2022-06-14',5,'3'),(984,142,18,12,'2022-02-16','2022-04-22',19,'2'),(985,80,2,26,'2021-01-21','2022-04-29',24,'3'),(986,95,4,23,'2021-09-12','2021-03-14',13,'3'),(987,133,14,51,'2021-09-12','2021-09-19',4,'3'),(988,42,20,16,'2020-01-16','2022-04-23',24,'2'),(989,157,17,2,'2020-03-05','2022-01-19',13,'1'),(990,7,7,32,'2021-03-04','2021-01-04',3,'3'),(991,32,14,35,'2020-04-21','2021-03-26',13,'1'),(992,22,11,21,'2023-02-16','2021-07-09',12,'2'),(993,169,13,54,'2021-04-25','2022-10-07',4,'4'),(994,65,6,48,'2021-02-13','2020-12-15',4,'1'),(995,192,13,46,'2020-06-10','2023-02-07',23,'4'),(996,18,2,14,'2020-06-11','2022-03-27',21,'4'),(997,62,9,5,'2021-02-26','2022-08-02',11,'3'),(998,142,3,25,'2021-08-14','2021-12-21',26,'4'),(999,137,8,58,'2023-01-03','2021-06-25',4,'3'),(1000,7,20,48,'2021-08-29','2021-10-28',7,'1');
/*!40000 ALTER TABLE `booking` ENABLE KEYS */;
UNLOCK TABLES;

--
-- Table structure for table `booking_transaction`
--

DROP TABLE IF EXISTS `booking_transaction`;
/*!40101 SET @saved_cs_client     = @@character_set_client */;
/*!50503 SET character_set_client = utf8mb4 */;
CREATE TABLE `booking_transaction` (
  `transaction_ID` int NOT NULL,
  `transaction_type` varchar(10) DEFAULT NULL,
  `transaction_date_time` datetime DEFAULT NULL,
  `transaction_status` varchar(10) DEFAULT NULL,
  `booking_ID` int DEFAULT NULL,
  `charge_ID` int DEFAULT NULL,
  PRIMARY KEY (`transaction_ID`),
  KEY `booking_ID` (`booking_ID`),
  KEY `charge_ID` (`charge_ID`),
  CONSTRAINT `booking_transaction_ibfk_1` FOREIGN KEY (`booking_ID`) REFERENCES `booking` (`booking_ID`),
  CONSTRAINT `booking_transaction_ibfk_2` FOREIGN KEY (`charge_ID`) REFERENCES `charge` (`charge_ID`)
) ENGINE=InnoDB DEFAULT CHARSET=utf8mb4 COLLATE=utf8mb4_0900_ai_ci;
/*!40101 SET character_set_client = @saved_cs_client */;

--
-- Dumping data for table `booking_transaction`
--

LOCK TABLES `booking_transaction` WRITE;
/*!40000 ALTER TABLE `booking_transaction` DISABLE KEYS */;
INSERT INTO `booking_transaction` VALUES (1,'Cash','2022-06-26 00:00:00','Completed',1,1),(2,'Card','2023-02-24 00:00:00','Completed',2,2),(3,'Paypal','2023-03-25 00:00:00','Pending',3,3),(4,'Cash','2022-06-22 00:00:00','Completed',4,4),(5,'Transfer','2023-01-03 00:00:00','Completed',5,5),(6,'Card','2022-08-31 00:00:00','Declined',6,6),(7,'Transfer','2022-07-25 00:00:00','Pending',7,7),(8,'Paypal','2021-12-26 00:00:00','Declined',8,8),(9,'Card','2022-09-21 00:00:00','Pending',9,9),(10,'Transfer','2022-11-15 00:00:00','Declined',10,10),(11,'Paypal','2021-07-02 00:00:00','Completed',11,11),(12,'Transfer','2022-06-28 00:00:00','Declined',12,12),(13,'Transfer','2022-10-27 00:00:00','Completed',13,13),(14,'Paypal','2022-06-15 00:00:00','Declined',14,14),(15,'Transfer','2021-09-01 00:00:00','Completed',15,15),(16,'Paypal','2021-08-21 00:00:00','Pending',16,16),(17,'Transfer','2021-09-11 00:00:00','Pending',17,17),(18,'Cash','2021-11-25 00:00:00','Pending',18,18),(19,'Card','2021-06-09 00:00:00','Pending',19,19),(20,'Paypal','2021-11-03 00:00:00','Pending',20,20),(21,'Cash','2022-11-02 00:00:00','Completed',21,21),(22,'Paypal','2023-01-20 00:00:00','Declined',22,22),(23,'Transfer','2022-03-28 00:00:00','Completed',23,23),(24,'Cash','2021-09-02 00:00:00','Completed',24,24),(25,'Card','2022-09-18 00:00:00','Pending',25,25),(26,'Transfer','2022-10-28 00:00:00','Completed',26,26),(27,'Transfer','2022-01-14 00:00:00','Completed',27,27),(28,'Paypal','2021-12-18 00:00:00','Completed',28,28),(29,'Cash','2022-07-17 00:00:00','Completed',29,29),(30,'Card','2021-07-03 00:00:00','Completed',30,30),(31,'Cash','2022-05-02 00:00:00','Completed',31,31),(32,'Paypal','2022-01-16 00:00:00','Pending',32,32),(33,'Card','2022-01-24 00:00:00','Pending',33,33),(34,'Card','2021-09-08 00:00:00','Completed',34,34),(35,'Cash','2022-05-18 00:00:00','Declined',35,35),(36,'Paypal','2021-08-07 00:00:00','Completed',36,36),(37,'Card','2022-12-22 00:00:00','Declined',37,37),(38,'Cash','2022-02-11 00:00:00','Pending',38,38),(39,'Paypal','2021-05-20 00:00:00','Declined',39,39),(40,'Cash','2021-06-27 00:00:00','Declined',40,40),(41,'Card','2022-11-23 00:00:00','Declined',41,41),(42,'Card','2023-01-22 00:00:00','Declined',42,42),(43,'Paypal','2022-09-23 00:00:00','Declined',43,43),(44,'Cash','2022-03-11 00:00:00','Declined',44,44),(45,'Card','2022-05-16 00:00:00','Completed',45,45),(46,'Paypal','2022-05-30 00:00:00','Declined',46,46),(47,'Paypal','2023-02-12 00:00:00','Completed',47,47),(48,'Transfer','2022-06-10 00:00:00','Completed',48,48),(49,'Cash','2022-01-31 00:00:00','Pending',49,49),(50,'Paypal','2022-10-31 00:00:00','Declined',50,50),(51,'Card','2023-01-01 00:00:00','Completed',51,51),(52,'Card','2022-04-27 00:00:00','Completed',52,52),(53,'Paypal','2022-04-18 00:00:00','Declined',53,53),(54,'Cash','2023-03-21 00:00:00','Completed',54,54),(55,'Cash','2021-09-05 00:00:00','Pending',55,55),(56,'Paypal','2022-01-07 00:00:00','Pending',56,56),(57,'Paypal','2022-02-25 00:00:00','Pending',57,57),(58,'Transfer','2021-06-03 00:00:00','Completed',58,58),(59,'Paypal','2021-10-18 00:00:00','Pending',59,59),(60,'Cash','2022-02-08 00:00:00','Declined',60,60),(61,'Cash','2021-12-09 00:00:00','Completed',61,61),(62,'Transfer','2021-09-02 00:00:00','Completed',62,62),(63,'Transfer','2021-07-26 00:00:00','Completed',63,63),(64,'Card','2022-05-15 00:00:00','Declined',64,64),(65,'Cash','2021-05-23 00:00:00','Pending',65,65),(66,'Transfer','2022-03-31 00:00:00','Declined',66,66),(67,'Paypal','2022-01-03 00:00:00','Pending',67,67),(68,'Paypal','2022-03-26 00:00:00','Completed',68,68),(69,'Cash','2021-05-27 00:00:00','Pending',69,69),(70,'Transfer','2022-07-08 00:00:00','Pending',70,70),(71,'Paypal','2022-11-20 00:00:00','Declined',71,71),(72,'Card','2022-11-24 00:00:00','Declined',72,72),(73,'Card','2022-06-27 00:00:00','Pending',73,73),(74,'Paypal','2023-03-28 00:00:00','Pending',74,74),(75,'Cash','2022-12-06 00:00:00','Pending',75,75),(76,'Transfer','2021-07-25 00:00:00','Completed',76,76),(77,'Cash','2022-05-02 00:00:00','Pending',77,77),(78,'Card','2021-12-29 00:00:00','Pending',78,78),(79,'Paypal','2022-07-26 00:00:00','Declined',79,79),(80,'Paypal','2022-03-18 00:00:00','Completed',80,80),(81,'Cash','2022-08-21 00:00:00','Pending',81,81),(82,'Paypal','2021-11-11 00:00:00','Completed',82,82),(83,'Transfer','2022-05-26 00:00:00','Completed',83,83),(84,'Paypal','2021-11-14 00:00:00','Declined',84,84),(85,'Paypal','2022-10-15 00:00:00','Declined',85,85),(86,'Card','2021-09-18 00:00:00','Completed',86,86),(87,'Transfer','2022-08-04 00:00:00','Declined',87,87),(88,'Card','2023-02-13 00:00:00','Pending',88,88),(89,'Transfer','2021-09-16 00:00:00','Completed',89,89),(90,'Paypal','2022-10-12 00:00:00','Declined',90,90),(91,'Cash','2021-11-27 00:00:00','Pending',91,91),(92,'Paypal','2022-06-22 00:00:00','Pending',92,92),(93,'Paypal','2021-12-13 00:00:00','Pending',93,93),(94,'Card','2023-02-26 00:00:00','Declined',94,94),(95,'Transfer','2022-06-26 00:00:00','Declined',95,95),(96,'Card','2021-09-13 00:00:00','Declined',96,96),(97,'Cash','2021-09-02 00:00:00','Pending',97,97),(98,'Card','2022-09-23 00:00:00','Completed',98,98),(99,'Card','2021-08-26 00:00:00','Completed',99,99),(100,'Transfer','2021-12-05 00:00:00','Completed',100,100),(101,'Card','2022-01-11 00:00:00','Pending',101,101),(102,'Paypal','2021-10-30 00:00:00','Declined',102,102),(103,'Paypal','2021-11-22 00:00:00','Declined',103,103),(104,'Card','2021-09-05 00:00:00','Completed',104,104),(105,'Cash','2022-04-27 00:00:00','Declined',105,105),(106,'Card','2022-06-21 00:00:00','Pending',106,106),(107,'Transfer','2023-02-20 00:00:00','Completed',107,107),(108,'Card','2022-12-31 00:00:00','Declined',108,108),(109,'Cash','2022-02-08 00:00:00','Declined',109,109),(110,'Cash','2022-10-29 00:00:00','Completed',110,110),(111,'Cash','2021-05-24 00:00:00','Declined',111,111),(112,'Transfer','2022-09-12 00:00:00','Pending',112,112),(113,'Paypal','2022-09-01 00:00:00','Completed',113,113),(114,'Cash','2022-08-30 00:00:00','Declined',114,114),(115,'Transfer','2023-01-29 00:00:00','Pending',115,115),(116,'Card','2022-08-04 00:00:00','Completed',116,116),(117,'Card','2021-12-17 00:00:00','Pending',117,117),(118,'Cash','2022-09-13 00:00:00','Declined',118,118),(119,'Card','2022-03-07 00:00:00','Declined',119,119),(120,'Transfer','2021-12-03 00:00:00','Pending',120,120),(121,'Transfer','2021-10-15 00:00:00','Pending',121,121),(122,'Card','2022-01-04 00:00:00','Completed',122,122),(123,'Cash','2022-06-01 00:00:00','Declined',123,123),(124,'Paypal','2022-09-15 00:00:00','Pending',124,124),(125,'Transfer','2023-01-22 00:00:00','Declined',125,125),(126,'Cash','2022-03-22 00:00:00','Pending',126,126),(127,'Card','2022-04-30 00:00:00','Pending',127,127),(128,'Transfer','2022-12-12 00:00:00','Declined',128,128),(129,'Paypal','2021-09-11 00:00:00','Pending',129,129),(130,'Transfer','2021-06-17 00:00:00','Declined',130,130),(131,'Cash','2021-07-11 00:00:00','Pending',131,131),(132,'Transfer','2022-07-16 00:00:00','Declined',132,132),(133,'Paypal','2022-07-13 00:00:00','Declined',133,133),(134,'Cash','2021-06-21 00:00:00','Declined',134,134),(135,'Card','2022-01-13 00:00:00','Declined',135,135),(136,'Transfer','2022-02-11 00:00:00','Completed',136,136),(137,'Card','2022-08-18 00:00:00','Pending',137,137),(138,'Paypal','2023-02-23 00:00:00','Declined',138,138),(139,'Paypal','2022-10-25 00:00:00','Completed',139,139),(140,'Transfer','2022-12-07 00:00:00','Declined',140,140),(141,'Transfer','2022-05-21 00:00:00','Declined',141,141),(142,'Cash','2022-11-18 00:00:00','Declined',142,142),(143,'Paypal','2023-01-22 00:00:00','Completed',143,143),(144,'Card','2022-10-11 00:00:00','Completed',144,144),(145,'Cash','2022-11-18 00:00:00','Completed',145,145),(146,'Paypal','2022-02-11 00:00:00','Pending',146,146),(147,'Card','2022-02-10 00:00:00','Completed',147,147),(148,'Card','2021-07-10 00:00:00','Pending',148,148),(149,'Card','2021-05-16 00:00:00','Pending',149,149),(150,'Card','2023-02-14 00:00:00','Completed',150,150),(151,'Paypal','2022-07-26 00:00:00','Completed',151,151),(152,'Transfer','2023-01-19 00:00:00','Declined',152,152),(153,'Cash','2022-05-06 00:00:00','Pending',153,153),(154,'Paypal','2021-07-22 00:00:00','Pending',154,154),(155,'Cash','2022-01-26 00:00:00','Pending',155,155),(156,'Card','2022-03-30 00:00:00','Completed',156,156),(157,'Paypal','2022-04-28 00:00:00','Completed',157,157),(158,'Paypal','2022-04-12 00:00:00','Completed',158,158),(159,'Card','2022-11-08 00:00:00','Pending',159,159),(160,'Card','2022-11-23 00:00:00','Declined',160,160),(161,'Cash','2021-12-27 00:00:00','Pending',161,161),(162,'Card','2023-03-23 00:00:00','Declined',162,162),(163,'Paypal','2022-08-26 00:00:00','Pending',163,163),(164,'Paypal','2022-01-04 00:00:00','Declined',164,164),(165,'Cash','2021-07-01 00:00:00','Declined',165,165),(166,'Cash','2021-07-04 00:00:00','Pending',166,166),(167,'Transfer','2022-01-25 00:00:00','Completed',167,167),(168,'Transfer','2021-12-22 00:00:00','Completed',168,168),(169,'Card','2022-02-18 00:00:00','Declined',169,169),(170,'Card','2022-08-22 00:00:00','Pending',170,170),(171,'Card','2022-11-05 00:00:00','Completed',171,171),(172,'Cash','2021-05-11 00:00:00','Pending',172,172),(173,'Card','2022-06-30 00:00:00','Declined',173,173),(174,'Card','2023-01-01 00:00:00','Declined',174,174),(175,'Transfer','2022-09-22 00:00:00','Completed',175,175),(176,'Paypal','2022-12-29 00:00:00','Completed',176,176),(177,'Transfer','2021-10-06 00:00:00','Declined',177,177),(178,'Transfer','2022-07-19 00:00:00','Declined',178,178),(179,'Paypal','2021-08-13 00:00:00','Pending',179,179),(180,'Paypal','2022-10-08 00:00:00','Completed',180,180),(181,'Cash','2022-06-14 00:00:00','Completed',181,181),(182,'Paypal','2022-09-17 00:00:00','Pending',182,182),(183,'Paypal','2021-11-08 00:00:00','Completed',183,183),(184,'Transfer','2021-05-31 00:00:00','Declined',184,184),(185,'Card','2021-12-15 00:00:00','Completed',185,185),(186,'Paypal','2022-09-25 00:00:00','Pending',186,186),(187,'Paypal','2022-01-11 00:00:00','Pending',187,187),(188,'Card','2022-03-13 00:00:00','Completed',188,188),(189,'Card','2023-01-24 00:00:00','Completed',189,189),(190,'Cash','2021-10-22 00:00:00','Declined',190,190),(191,'Paypal','2023-02-19 00:00:00','Completed',191,191),(192,'Transfer','2022-04-24 00:00:00','Pending',192,192),(193,'Paypal','2023-03-12 00:00:00','Pending',193,193),(194,'Cash','2022-02-06 00:00:00','Completed',194,194),(195,'Card','2022-02-12 00:00:00','Declined',195,195),(196,'Card','2021-06-14 00:00:00','Completed',196,196),(197,'Card','2021-06-01 00:00:00','Pending',197,197),(198,'Transfer','2021-10-30 00:00:00','Pending',198,198),(199,'Paypal','2022-11-07 00:00:00','Pending',199,199),(200,'Paypal','2022-08-01 00:00:00','Pending',200,200),(201,'Cash','2022-07-31 00:00:00','Pending',201,201),(202,'Paypal','2022-11-16 00:00:00','Declined',202,202),(203,'Paypal','2022-12-04 00:00:00','Declined',203,203),(204,'Transfer','2021-07-07 00:00:00','Pending',204,204),(205,'Cash','2022-01-29 00:00:00','Pending',205,205),(206,'Card','2023-02-21 00:00:00','Declined',206,206),(207,'Cash','2021-10-21 00:00:00','Pending',207,207),(208,'Transfer','2021-06-13 00:00:00','Pending',208,208),(209,'Card','2022-05-02 00:00:00','Pending',209,209),(210,'Transfer','2022-01-13 00:00:00','Pending',210,210),(211,'Card','2021-11-03 00:00:00','Declined',211,211),(212,'Transfer','2022-09-22 00:00:00','Completed',212,212),(213,'Transfer','2021-07-07 00:00:00','Declined',213,213),(214,'Transfer','2022-05-05 00:00:00','Completed',214,214),(215,'Paypal','2021-07-29 00:00:00','Completed',215,215),(216,'Paypal','2022-02-28 00:00:00','Declined',216,216),(217,'Transfer','2023-03-13 00:00:00','Declined',217,217),(218,'Card','2021-05-04 00:00:00','Pending',218,218),(219,'Transfer','2022-09-02 00:00:00','Pending',219,219),(220,'Transfer','2021-08-09 00:00:00','Declined',220,220),(221,'Transfer','2022-08-04 00:00:00','Completed',221,221),(222,'Paypal','2022-04-29 00:00:00','Completed',222,222),(223,'Cash','2022-07-30 00:00:00','Declined',223,223),(224,'Cash','2021-08-13 00:00:00','Pending',224,224),(225,'Card','2021-08-24 00:00:00','Completed',225,225),(226,'Cash','2023-01-07 00:00:00','Completed',226,226),(227,'Card','2021-05-05 00:00:00','Pending',227,227),(228,'Transfer','2023-03-28 00:00:00','Completed',228,228),(229,'Transfer','2022-12-31 00:00:00','Pending',229,229),(230,'Transfer','2021-09-13 00:00:00','Declined',230,230),(231,'Cash','2021-06-13 00:00:00','Pending',231,231),(232,'Card','2022-10-10 00:00:00','Declined',232,232),(233,'Cash','2021-07-04 00:00:00','Completed',233,233),(234,'Paypal','2022-07-05 00:00:00','Pending',234,234),(235,'Paypal','2021-11-02 00:00:00','Completed',235,235),(236,'Transfer','2022-05-20 00:00:00','Pending',236,236),(237,'Transfer','2021-12-18 00:00:00','Completed',237,237),(238,'Paypal','2021-08-10 00:00:00','Declined',238,238),(239,'Card','2021-06-20 00:00:00','Pending',239,239),(240,'Paypal','2021-05-06 00:00:00','Pending',240,240),(241,'Card','2021-07-15 00:00:00','Completed',241,241),(242,'Cash','2022-03-28 00:00:00','Declined',242,242),(243,'Paypal','2022-12-20 00:00:00','Completed',243,243),(244,'Cash','2022-02-23 00:00:00','Declined',244,244),(245,'Card','2022-10-11 00:00:00','Pending',245,245),(246,'Transfer','2021-06-04 00:00:00','Completed',246,246),(247,'Cash','2022-05-02 00:00:00','Declined',247,247),(248,'Transfer','2021-10-31 00:00:00','Declined',248,248),(249,'Cash','2023-03-04 00:00:00','Declined',249,249),(250,'Paypal','2022-12-25 00:00:00','Completed',250,250),(251,'Card','2022-07-13 00:00:00','Completed',251,251),(252,'Card','2022-11-18 00:00:00','Declined',252,252),(253,'Paypal','2022-02-14 00:00:00','Declined',253,253),(254,'Cash','2022-03-30 00:00:00','Completed',254,254),(255,'Cash','2022-05-22 00:00:00','Completed',255,255),(256,'Card','2021-05-18 00:00:00','Pending',256,256),(257,'Transfer','2023-02-18 00:00:00','Declined',257,257),(258,'Transfer','2021-11-29 00:00:00','Completed',258,258),(259,'Transfer','2021-07-29 00:00:00','Pending',259,259),(260,'Cash','2022-10-08 00:00:00','Declined',260,260),(261,'Card','2021-11-23 00:00:00','Pending',261,261),(262,'Card','2022-10-27 00:00:00','Completed',262,262),(263,'Card','2023-01-12 00:00:00','Pending',263,263),(264,'Transfer','2021-09-08 00:00:00','Declined',264,264),(265,'Transfer','2022-12-27 00:00:00','Declined',265,265),(266,'Card','2022-05-31 00:00:00','Pending',266,266),(267,'Card','2022-11-18 00:00:00','Completed',267,267),(268,'Cash','2021-11-29 00:00:00','Declined',268,268),(269,'Transfer','2022-11-21 00:00:00','Declined',269,269),(270,'Cash','2022-02-09 00:00:00','Pending',270,270),(271,'Cash','2022-08-23 00:00:00','Declined',271,271),(272,'Paypal','2022-10-19 00:00:00','Completed',272,272),(273,'Paypal','2021-11-01 00:00:00','Pending',273,273),(274,'Card','2021-05-02 00:00:00','Declined',274,274),(275,'Card','2022-05-25 00:00:00','Completed',275,275),(276,'Card','2021-06-07 00:00:00','Completed',276,276),(277,'Transfer','2022-03-19 00:00:00','Pending',277,277),(278,'Transfer','2023-03-16 00:00:00','Declined',278,278),(279,'Card','2021-12-17 00:00:00','Pending',279,279),(280,'Card','2023-01-01 00:00:00','Declined',280,280),(281,'Card','2022-02-11 00:00:00','Pending',281,281),(282,'Card','2022-04-27 00:00:00','Declined',282,282),(283,'Cash','2021-06-06 00:00:00','Declined',283,283),(284,'Cash','2021-06-16 00:00:00','Completed',284,284),(285,'Card','2022-06-22 00:00:00','Pending',285,285),(286,'Cash','2021-08-06 00:00:00','Completed',286,286),(287,'Paypal','2022-03-07 00:00:00','Completed',287,287),(288,'Cash','2021-07-17 00:00:00','Declined',288,288),(289,'Card','2021-08-21 00:00:00','Declined',289,289),(290,'Cash','2021-10-03 00:00:00','Declined',290,290),(291,'Transfer','2022-09-10 00:00:00','Declined',291,291),(292,'Transfer','2022-10-16 00:00:00','Pending',292,292),(293,'Paypal','2021-11-08 00:00:00','Declined',293,293),(294,'Paypal','2022-11-30 00:00:00','Pending',294,294),(295,'Transfer','2022-08-22 00:00:00','Declined',295,295),(296,'Transfer','2023-03-04 00:00:00','Declined',296,296),(297,'Paypal','2021-08-03 00:00:00','Completed',297,297),(298,'Paypal','2021-08-17 00:00:00','Completed',298,298),(299,'Cash','2022-04-15 00:00:00','Declined',299,299),(300,'Transfer','2021-08-18 00:00:00','Declined',300,300),(301,'Paypal','2021-08-17 00:00:00','Pending',301,301),(302,'Paypal','2022-09-09 00:00:00','Completed',302,302),(303,'Transfer','2022-11-05 00:00:00','Declined',303,303),(304,'Transfer','2022-07-05 00:00:00','Pending',304,304),(305,'Transfer','2022-10-10 00:00:00','Completed',305,305),(306,'Cash','2022-09-17 00:00:00','Pending',306,306),(307,'Cash','2022-09-13 00:00:00','Completed',307,307),(308,'Paypal','2022-04-07 00:00:00','Pending',308,308),(309,'Card','2022-03-25 00:00:00','Declined',309,309),(310,'Card','2021-09-03 00:00:00','Completed',310,310),(311,'Cash','2022-05-22 00:00:00','Completed',311,311),(312,'Card','2022-10-02 00:00:00','Completed',312,312),(313,'Cash','2022-05-31 00:00:00','Declined',313,313),(314,'Card','2023-03-01 00:00:00','Completed',314,314),(315,'Card','2022-02-15 00:00:00','Completed',315,315),(316,'Cash','2021-10-04 00:00:00','Declined',316,316),(317,'Cash','2022-07-23 00:00:00','Declined',317,317),(318,'Paypal','2023-02-11 00:00:00','Completed',318,318),(319,'Paypal','2022-05-27 00:00:00','Declined',319,319),(320,'Transfer','2021-10-21 00:00:00','Pending',320,320),(321,'Cash','2022-06-04 00:00:00','Declined',321,321),(322,'Paypal','2021-08-13 00:00:00','Declined',322,322),(323,'Card','2021-08-15 00:00:00','Declined',323,323),(324,'Cash','2023-01-23 00:00:00','Declined',324,324),(325,'Paypal','2022-11-28 00:00:00','Declined',325,325),(326,'Cash','2023-03-18 00:00:00','Declined',326,326),(327,'Paypal','2021-11-04 00:00:00','Pending',327,327),(328,'Paypal','2023-02-05 00:00:00','Pending',328,328),(329,'Transfer','2022-07-31 00:00:00','Completed',329,329),(330,'Card','2022-06-04 00:00:00','Pending',330,330),(331,'Card','2021-08-08 00:00:00','Declined',331,331),(332,'Cash','2022-04-13 00:00:00','Completed',332,332),(333,'Paypal','2022-05-04 00:00:00','Completed',333,333),(334,'Paypal','2022-11-14 00:00:00','Declined',334,334),(335,'Transfer','2022-11-14 00:00:00','Declined',335,335),(336,'Paypal','2022-07-29 00:00:00','Pending',336,336),(337,'Transfer','2023-03-08 00:00:00','Completed',337,337),(338,'Paypal','2021-10-06 00:00:00','Declined',338,338),(339,'Card','2022-09-26 00:00:00','Completed',339,339),(340,'Transfer','2021-10-13 00:00:00','Pending',340,340),(341,'Card','2021-10-29 00:00:00','Pending',341,341),(342,'Cash','2022-11-17 00:00:00','Declined',342,342),(343,'Transfer','2022-06-10 00:00:00','Pending',343,343),(344,'Paypal','2021-11-01 00:00:00','Declined',344,344),(345,'Paypal','2022-01-03 00:00:00','Declined',345,345),(346,'Cash','2021-06-01 00:00:00','Completed',346,346),(347,'Paypal','2023-03-02 00:00:00','Pending',347,347),(348,'Paypal','2022-10-24 00:00:00','Declined',348,348),(349,'Cash','2023-02-06 00:00:00','Declined',349,349),(350,'Paypal','2023-01-09 00:00:00','Pending',350,350),(351,'Paypal','2021-08-04 00:00:00','Completed',351,351),(352,'Paypal','2022-03-22 00:00:00','Completed',352,352),(353,'Transfer','2022-09-01 00:00:00','Declined',353,353),(354,'Transfer','2022-06-27 00:00:00','Pending',354,354),(355,'Paypal','2021-06-14 00:00:00','Pending',355,355),(356,'Cash','2021-12-30 00:00:00','Pending',356,356),(357,'Paypal','2022-05-03 00:00:00','Completed',357,357),(358,'Paypal','2022-05-02 00:00:00','Completed',358,358),(359,'Transfer','2021-05-18 00:00:00','Pending',359,359),(360,'Transfer','2021-07-28 00:00:00','Completed',360,360),(361,'Transfer','2023-02-03 00:00:00','Declined',361,361),(362,'Transfer','2022-06-11 00:00:00','Declined',362,362),(363,'Paypal','2021-11-14 00:00:00','Pending',363,363),(364,'Paypal','2021-06-30 00:00:00','Declined',364,364),(365,'Cash','2022-06-22 00:00:00','Declined',365,365),(366,'Transfer','2021-10-11 00:00:00','Declined',366,366),(367,'Paypal','2022-10-08 00:00:00','Completed',367,367),(368,'Cash','2022-08-27 00:00:00','Declined',368,368),(369,'Paypal','2022-03-12 00:00:00','Declined',369,369),(370,'Transfer','2023-02-17 00:00:00','Declined',370,370),(371,'Cash','2021-11-11 00:00:00','Pending',371,371),(372,'Cash','2022-06-17 00:00:00','Declined',372,372),(373,'Cash','2021-05-18 00:00:00','Completed',373,373),(374,'Card','2022-09-14 00:00:00','Declined',374,374),(375,'Cash','2022-04-17 00:00:00','Declined',375,375),(376,'Transfer','2022-12-12 00:00:00','Pending',376,376),(377,'Paypal','2022-07-03 00:00:00','Declined',377,377),(378,'Paypal','2021-10-06 00:00:00','Pending',378,378),(379,'Paypal','2022-10-10 00:00:00','Declined',379,379),(380,'Paypal','2022-09-27 00:00:00','Completed',380,380),(381,'Card','2022-12-20 00:00:00','Declined',381,381),(382,'Cash','2022-11-02 00:00:00','Completed',382,382),(383,'Paypal','2022-08-30 00:00:00','Declined',383,383),(384,'Paypal','2021-09-11 00:00:00','Pending',384,384),(385,'Card','2022-06-13 00:00:00','Completed',385,385),(386,'Card','2021-08-11 00:00:00','Pending',386,386),(387,'Card','2021-05-08 00:00:00','Pending',387,387),(388,'Card','2021-10-15 00:00:00','Declined',388,388),(389,'Cash','2022-02-13 00:00:00','Completed',389,389),(390,'Card','2022-05-12 00:00:00','Completed',390,390),(391,'Card','2022-11-20 00:00:00','Pending',391,391),(392,'Paypal','2021-11-18 00:00:00','Pending',392,392),(393,'Paypal','2022-12-15 00:00:00','Completed',393,393),(394,'Transfer','2022-01-16 00:00:00','Declined',394,394),(395,'Card','2022-12-19 00:00:00','Completed',395,395),(396,'Cash','2022-08-12 00:00:00','Declined',396,396),(397,'Card','2022-04-13 00:00:00','Pending',397,397),(398,'Paypal','2023-03-12 00:00:00','Declined',398,398),(399,'Card','2022-11-12 00:00:00','Declined',399,399),(400,'Card','2022-10-02 00:00:00','Pending',400,400),(401,'Cash','2023-02-19 00:00:00','Completed',401,401),(402,'Paypal','2021-08-29 00:00:00','Completed',402,402),(403,'Paypal','2022-03-20 00:00:00','Completed',403,403),(404,'Paypal','2021-06-06 00:00:00','Declined',404,404),(405,'Card','2022-09-16 00:00:00','Completed',405,405),(406,'Cash','2022-02-27 00:00:00','Pending',406,406),(407,'Cash','2021-10-15 00:00:00','Completed',407,407),(408,'Cash','2021-06-22 00:00:00','Pending',408,408),(409,'Cash','2022-08-16 00:00:00','Declined',409,409),(410,'Card','2022-10-23 00:00:00','Pending',410,410),(411,'Paypal','2022-11-09 00:00:00','Pending',411,411),(412,'Card','2021-07-18 00:00:00','Completed',412,412),(413,'Paypal','2022-04-16 00:00:00','Completed',413,413),(414,'Transfer','2021-07-20 00:00:00','Completed',414,414),(415,'Card','2021-07-17 00:00:00','Declined',415,415),(416,'Cash','2021-08-26 00:00:00','Pending',416,416),(417,'Cash','2023-03-18 00:00:00','Declined',417,417),(418,'Paypal','2021-07-17 00:00:00','Pending',418,418),(419,'Cash','2022-10-29 00:00:00','Pending',419,419),(420,'Paypal','2022-09-28 00:00:00','Pending',420,420),(421,'Card','2022-12-24 00:00:00','Declined',421,421),(422,'Card','2022-10-24 00:00:00','Pending',422,422),(423,'Paypal','2022-12-01 00:00:00','Completed',423,423),(424,'Transfer','2021-06-06 00:00:00','Completed',424,424),(425,'Transfer','2021-11-08 00:00:00','Declined',425,425),(426,'Transfer','2021-09-28 00:00:00','Pending',426,426),(427,'Cash','2023-02-05 00:00:00','Pending',427,427),(428,'Cash','2022-12-28 00:00:00','Declined',428,428),(429,'Paypal','2021-11-22 00:00:00','Completed',429,429),(430,'Card','2022-04-01 00:00:00','Declined',430,430),(431,'Transfer','2023-03-16 00:00:00','Declined',431,431),(432,'Paypal','2021-12-26 00:00:00','Completed',432,432),(433,'Cash','2021-05-20 00:00:00','Completed',433,433),(434,'Transfer','2022-04-29 00:00:00','Pending',434,434),(435,'Cash','2022-09-09 00:00:00','Declined',435,435),(436,'Paypal','2023-03-05 00:00:00','Completed',436,436),(437,'Paypal','2023-02-21 00:00:00','Pending',437,437),(438,'Transfer','2022-06-16 00:00:00','Completed',438,438),(439,'Card','2022-01-07 00:00:00','Pending',439,439),(440,'Transfer','2022-06-03 00:00:00','Pending',440,440),(441,'Paypal','2022-09-13 00:00:00','Pending',441,441),(442,'Card','2021-10-24 00:00:00','Pending',442,442),(443,'Cash','2022-04-16 00:00:00','Declined',443,443),(444,'Cash','2022-08-01 00:00:00','Declined',444,444),(445,'Card','2022-01-02 00:00:00','Completed',445,445),(446,'Cash','2022-03-28 00:00:00','Completed',446,446),(447,'Paypal','2021-07-22 00:00:00','Pending',447,447),(448,'Transfer','2021-05-26 00:00:00','Declined',448,448),(449,'Paypal','2023-01-01 00:00:00','Pending',449,449),(450,'Paypal','2021-12-25 00:00:00','Declined',450,450),(451,'Transfer','2021-12-05 00:00:00','Pending',451,451),(452,'Transfer','2021-09-06 00:00:00','Pending',452,452),(453,'Card','2022-07-05 00:00:00','Pending',453,453),(454,'Paypal','2021-09-19 00:00:00','Declined',454,454),(455,'Card','2021-09-27 00:00:00','Pending',455,455),(456,'Paypal','2021-10-06 00:00:00','Completed',456,456),(457,'Transfer','2021-09-17 00:00:00','Declined',457,457),(458,'Card','2022-07-08 00:00:00','Pending',458,458),(459,'Transfer','2022-04-03 00:00:00','Pending',459,459),(460,'Paypal','2021-11-09 00:00:00','Declined',460,460),(461,'Cash','2022-04-14 00:00:00','Declined',461,461),(462,'Transfer','2021-06-28 00:00:00','Pending',462,462),(463,'Paypal','2022-01-04 00:00:00','Declined',463,463),(464,'Card','2022-10-04 00:00:00','Completed',464,464),(465,'Transfer','2021-10-30 00:00:00','Completed',465,465),(466,'Cash','2021-09-30 00:00:00','Completed',466,466),(467,'Cash','2021-09-12 00:00:00','Pending',467,467),(468,'Card','2022-01-21 00:00:00','Completed',468,468),(469,'Cash','2022-06-20 00:00:00','Declined',469,469),(470,'Cash','2021-05-16 00:00:00','Pending',470,470),(471,'Transfer','2022-03-10 00:00:00','Completed',471,471),(472,'Paypal','2021-08-27 00:00:00','Completed',472,472),(473,'Cash','2021-12-03 00:00:00','Completed',473,473),(474,'Transfer','2022-10-16 00:00:00','Completed',474,474),(475,'Card','2022-01-01 00:00:00','Completed',475,475),(476,'Card','2022-12-02 00:00:00','Declined',476,476),(477,'Cash','2021-06-18 00:00:00','Pending',477,477),(478,'Paypal','2022-12-30 00:00:00','Completed',478,478),(479,'Cash','2021-10-06 00:00:00','Declined',479,479),(480,'Paypal','2021-09-20 00:00:00','Pending',480,480),(481,'Cash','2023-03-24 00:00:00','Completed',481,481),(482,'Transfer','2022-12-27 00:00:00','Pending',482,482),(483,'Cash','2021-07-18 00:00:00','Declined',483,483),(484,'Transfer','2021-12-19 00:00:00','Pending',484,484),(485,'Cash','2021-07-26 00:00:00','Pending',485,485),(486,'Paypal','2021-10-23 00:00:00','Declined',486,486),(487,'Transfer','2022-01-27 00:00:00','Completed',487,487),(488,'Transfer','2021-09-09 00:00:00','Completed',488,488),(489,'Paypal','2022-10-06 00:00:00','Declined',489,489),(490,'Paypal','2022-10-12 00:00:00','Completed',490,490),(491,'Card','2021-08-12 00:00:00','Completed',491,491),(492,'Paypal','2022-06-27 00:00:00','Pending',492,492),(493,'Card','2022-11-09 00:00:00','Declined',493,493),(494,'Card','2022-08-31 00:00:00','Pending',494,494),(495,'Cash','2023-02-20 00:00:00','Pending',495,495),(496,'Cash','2022-09-25 00:00:00','Completed',496,496),(497,'Paypal','2022-01-09 00:00:00','Pending',497,497),(498,'Transfer','2023-03-05 00:00:00','Declined',498,498),(499,'Paypal','2021-06-28 00:00:00','Pending',499,499),(500,'Card','2022-03-28 00:00:00','Pending',500,500),(501,'Cash','2021-12-26 00:00:00','Completed',501,501),(502,'Transfer','2021-10-28 00:00:00','Pending',502,502),(503,'Card','2021-09-18 00:00:00','Declined',503,503),(504,'Cash','2022-11-17 00:00:00','Declined',504,504),(505,'Cash','2021-12-09 00:00:00','Completed',505,505),(506,'Transfer','2023-02-25 00:00:00','Declined',506,506),(507,'Cash','2022-04-18 00:00:00','Completed',507,507),(508,'Card','2021-10-22 00:00:00','Pending',508,508),(509,'Cash','2022-10-15 00:00:00','Declined',509,509),(510,'Transfer','2023-03-16 00:00:00','Pending',510,510),(511,'Transfer','2022-10-01 00:00:00','Completed',511,511),(512,'Paypal','2023-02-10 00:00:00','Declined',512,512),(513,'Card','2022-10-09 00:00:00','Pending',513,513),(514,'Paypal','2021-05-20 00:00:00','Declined',514,514),(515,'Paypal','2022-09-13 00:00:00','Completed',515,515),(516,'Cash','2021-07-07 00:00:00','Declined',516,516),(517,'Paypal','2021-11-19 00:00:00','Declined',517,517),(518,'Card','2022-05-30 00:00:00','Completed',518,518),(519,'Card','2022-08-26 00:00:00','Declined',519,519),(520,'Cash','2022-11-17 00:00:00','Pending',520,520),(521,'Cash','2022-10-23 00:00:00','Pending',521,521),(522,'Card','2022-01-10 00:00:00','Declined',522,522),(523,'Transfer','2022-04-03 00:00:00','Completed',523,523),(524,'Card','2022-02-27 00:00:00','Completed',524,524),(525,'Transfer','2021-11-30 00:00:00','Pending',525,525),(526,'Card','2022-07-24 00:00:00','Pending',526,526),(527,'Card','2021-09-12 00:00:00','Completed',527,527),(528,'Cash','2023-03-11 00:00:00','Declined',528,528),(529,'Card','2022-04-20 00:00:00','Declined',529,529),(530,'Card','2022-10-13 00:00:00','Pending',530,530),(531,'Paypal','2022-10-21 00:00:00','Completed',531,531),(532,'Transfer','2022-12-25 00:00:00','Pending',532,532),(533,'Paypal','2022-12-01 00:00:00','Declined',533,533),(534,'Cash','2022-11-14 00:00:00','Completed',534,534),(535,'Cash','2021-09-22 00:00:00','Declined',535,535),(536,'Paypal','2022-02-23 00:00:00','Pending',536,536),(537,'Card','2021-05-22 00:00:00','Pending',537,537),(538,'Cash','2022-10-21 00:00:00','Pending',538,538),(539,'Paypal','2023-02-16 00:00:00','Pending',539,539),(540,'Transfer','2021-07-03 00:00:00','Declined',540,540),(541,'Card','2021-11-01 00:00:00','Completed',541,541),(542,'Cash','2022-10-27 00:00:00','Completed',542,542),(543,'Transfer','2021-12-20 00:00:00','Completed',543,543),(544,'Cash','2021-08-04 00:00:00','Completed',544,544),(545,'Card','2021-05-11 00:00:00','Pending',545,545),(546,'Transfer','2021-08-19 00:00:00','Declined',546,546),(547,'Card','2023-01-18 00:00:00','Declined',547,547),(548,'Card','2022-10-06 00:00:00','Completed',548,548),(549,'Cash','2023-03-16 00:00:00','Pending',549,549),(550,'Paypal','2022-07-24 00:00:00','Completed',550,550),(551,'Cash','2023-02-03 00:00:00','Pending',551,551),(552,'Card','2022-11-26 00:00:00','Completed',552,552),(553,'Transfer','2021-11-13 00:00:00','Pending',553,553),(554,'Paypal','2022-10-01 00:00:00','Completed',554,554),(555,'Transfer','2021-05-31 00:00:00','Completed',555,555),(556,'Paypal','2022-01-25 00:00:00','Pending',556,556),(557,'Cash','2023-01-20 00:00:00','Pending',557,557),(558,'Transfer','2023-01-29 00:00:00','Pending',558,558),(559,'Cash','2021-06-03 00:00:00','Completed',559,559),(560,'Paypal','2023-02-04 00:00:00','Completed',560,560),(561,'Transfer','2021-07-13 00:00:00','Declined',561,561),(562,'Transfer','2022-09-14 00:00:00','Declined',562,562),(563,'Transfer','2021-08-17 00:00:00','Declined',563,563),(564,'Cash','2021-05-28 00:00:00','Completed',564,564),(565,'Card','2021-10-07 00:00:00','Completed',565,565),(566,'Transfer','2021-10-31 00:00:00','Declined',566,566),(567,'Cash','2023-02-06 00:00:00','Pending',567,567),(568,'Transfer','2022-08-08 00:00:00','Completed',568,568),(569,'Transfer','2021-09-23 00:00:00','Completed',569,569),(570,'Card','2022-08-27 00:00:00','Declined',570,570),(571,'Card','2021-11-13 00:00:00','Completed',571,571),(572,'Transfer','2022-05-15 00:00:00','Declined',572,572),(573,'Paypal','2022-07-25 00:00:00','Pending',573,573),(574,'Cash','2022-10-17 00:00:00','Completed',574,574),(575,'Paypal','2021-11-28 00:00:00','Declined',575,575),(576,'Cash','2022-01-20 00:00:00','Pending',576,576),(577,'Cash','2022-12-13 00:00:00','Declined',577,577),(578,'Transfer','2021-08-14 00:00:00','Completed',578,578),(579,'Cash','2021-08-23 00:00:00','Declined',579,579),(580,'Paypal','2023-01-22 00:00:00','Completed',580,580),(581,'Paypal','2021-12-28 00:00:00','Completed',581,581),(582,'Cash','2023-01-31 00:00:00','Pending',582,582),(583,'Paypal','2023-01-04 00:00:00','Declined',583,583),(584,'Card','2022-02-28 00:00:00','Pending',584,584),(585,'Card','2022-10-26 00:00:00','Declined',585,585),(586,'Card','2022-09-28 00:00:00','Completed',586,586),(587,'Paypal','2022-02-10 00:00:00','Declined',587,587),(588,'Transfer','2023-01-12 00:00:00','Completed',588,588),(589,'Card','2022-08-20 00:00:00','Pending',589,589),(590,'Card','2022-07-28 00:00:00','Declined',590,590),(591,'Paypal','2021-07-11 00:00:00','Pending',591,591),(592,'Cash','2021-12-23 00:00:00','Completed',592,592),(593,'Card','2021-09-17 00:00:00','Completed',593,593),(594,'Transfer','2022-07-30 00:00:00','Completed',594,594),(595,'Card','2022-09-12 00:00:00','Declined',595,595),(596,'Transfer','2022-10-29 00:00:00','Declined',596,596),(597,'Cash','2021-12-01 00:00:00','Pending',597,597),(598,'Paypal','2021-05-27 00:00:00','Pending',598,598),(599,'Paypal','2022-03-11 00:00:00','Declined',599,599),(600,'Transfer','2021-08-27 00:00:00','Declined',600,600),(601,'Card','2022-10-08 00:00:00','Pending',601,601),(602,'Transfer','2023-02-16 00:00:00','Pending',602,602),(603,'Card','2021-11-30 00:00:00','Pending',603,603),(604,'Cash','2023-03-22 00:00:00','Pending',604,604),(605,'Cash','2021-07-15 00:00:00','Pending',605,605),(606,'Paypal','2022-04-18 00:00:00','Pending',606,606),(607,'Cash','2022-10-13 00:00:00','Completed',607,607),(608,'Card','2023-01-23 00:00:00','Pending',608,608),(609,'Transfer','2021-08-09 00:00:00','Pending',609,609),(610,'Cash','2022-05-10 00:00:00','Pending',610,610),(611,'Card','2021-11-09 00:00:00','Declined',611,611),(612,'Card','2021-11-04 00:00:00','Pending',612,612),(613,'Cash','2023-02-24 00:00:00','Declined',613,613),(614,'Transfer','2022-11-27 00:00:00','Declined',614,614),(615,'Card','2022-06-20 00:00:00','Pending',615,615),(616,'Paypal','2021-09-12 00:00:00','Declined',616,616),(617,'Card','2022-09-07 00:00:00','Pending',617,617),(618,'Cash','2021-07-28 00:00:00','Completed',618,618),(619,'Paypal','2021-07-30 00:00:00','Pending',619,619),(620,'Cash','2022-05-16 00:00:00','Completed',620,620),(621,'Card','2021-09-07 00:00:00','Declined',621,621),(622,'Card','2021-08-24 00:00:00','Completed',622,622),(623,'Cash','2021-12-29 00:00:00','Declined',623,623),(624,'Card','2022-04-26 00:00:00','Completed',624,624),(625,'Card','2022-12-30 00:00:00','Declined',625,625),(626,'Card','2022-04-12 00:00:00','Declined',626,626),(627,'Cash','2022-01-18 00:00:00','Pending',627,627),(628,'Transfer','2022-10-25 00:00:00','Declined',628,628),(629,'Paypal','2022-05-24 00:00:00','Pending',629,629),(630,'Cash','2023-01-22 00:00:00','Pending',630,630),(631,'Transfer','2022-01-07 00:00:00','Pending',631,631),(632,'Paypal','2021-09-12 00:00:00','Declined',632,632),(633,'Card','2022-08-28 00:00:00','Pending',633,633),(634,'Transfer','2022-11-16 00:00:00','Pending',634,634),(635,'Cash','2023-01-11 00:00:00','Completed',635,635),(636,'Transfer','2022-04-19 00:00:00','Pending',636,636),(637,'Transfer','2022-11-29 00:00:00','Declined',637,637),(638,'Transfer','2021-10-22 00:00:00','Declined',638,638),(639,'Card','2021-10-20 00:00:00','Declined',639,639),(640,'Cash','2022-06-02 00:00:00','Pending',640,640),(641,'Card','2021-09-07 00:00:00','Completed',641,641),(642,'Paypal','2021-07-19 00:00:00','Pending',642,642),(643,'Transfer','2022-05-06 00:00:00','Declined',643,643),(644,'Card','2022-10-19 00:00:00','Declined',644,644),(645,'Transfer','2023-02-24 00:00:00','Declined',645,645),(646,'Transfer','2022-05-19 00:00:00','Declined',646,646),(647,'Card','2021-12-01 00:00:00','Declined',647,647),(648,'Cash','2021-06-06 00:00:00','Pending',648,648),(649,'Cash','2021-10-24 00:00:00','Pending',649,649),(650,'Transfer','2021-08-21 00:00:00','Declined',650,650),(651,'Paypal','2023-01-19 00:00:00','Completed',651,651),(652,'Transfer','2022-06-03 00:00:00','Pending',652,652),(653,'Card','2021-06-14 00:00:00','Declined',653,653),(654,'Transfer','2022-05-20 00:00:00','Declined',654,654),(655,'Paypal','2022-01-31 00:00:00','Declined',655,655),(656,'Cash','2023-01-04 00:00:00','Pending',656,656),(657,'Card','2021-12-20 00:00:00','Completed',657,657),(658,'Paypal','2021-05-07 00:00:00','Pending',658,658),(659,'Transfer','2021-10-04 00:00:00','Declined',659,659),(660,'Card','2022-03-23 00:00:00','Declined',660,660),(661,'Transfer','2022-08-20 00:00:00','Completed',661,661),(662,'Card','2021-10-12 00:00:00','Declined',662,662),(663,'Transfer','2021-12-04 00:00:00','Pending',663,663),(664,'Transfer','2022-03-31 00:00:00','Completed',664,664),(665,'Paypal','2021-11-16 00:00:00','Declined',665,665),(666,'Transfer','2022-10-25 00:00:00','Completed',666,666),(667,'Transfer','2021-06-03 00:00:00','Pending',667,667),(668,'Card','2021-07-21 00:00:00','Declined',668,668),(669,'Cash','2021-07-23 00:00:00','Completed',669,669),(670,'Paypal','2023-02-07 00:00:00','Pending',670,670),(671,'Paypal','2021-11-07 00:00:00','Declined',671,671),(672,'Card','2023-03-24 00:00:00','Pending',672,672),(673,'Paypal','2022-04-30 00:00:00','Completed',673,673),(674,'Paypal','2022-03-16 00:00:00','Completed',674,674),(675,'Transfer','2022-06-10 00:00:00','Completed',675,675),(676,'Paypal','2022-10-13 00:00:00','Declined',676,676),(677,'Transfer','2021-06-30 00:00:00','Pending',677,677),(678,'Cash','2021-08-26 00:00:00','Completed',678,678),(679,'Cash','2022-12-18 00:00:00','Pending',679,679),(680,'Cash','2022-04-19 00:00:00','Declined',680,680),(681,'Card','2022-03-19 00:00:00','Pending',681,681),(682,'Paypal','2023-01-29 00:00:00','Pending',682,682),(683,'Card','2021-07-08 00:00:00','Completed',683,683),(684,'Transfer','2023-03-13 00:00:00','Pending',684,684),(685,'Transfer','2021-10-30 00:00:00','Completed',685,685),(686,'Card','2023-03-28 00:00:00','Declined',686,686),(687,'Cash','2021-06-12 00:00:00','Pending',687,687),(688,'Card','2021-11-23 00:00:00','Declined',688,688),(689,'Transfer','2023-02-16 00:00:00','Pending',689,689),(690,'Cash','2022-09-19 00:00:00','Declined',690,690),(691,'Paypal','2023-03-21 00:00:00','Completed',691,691),(692,'Paypal','2021-09-28 00:00:00','Completed',692,692),(693,'Card','2021-08-31 00:00:00','Pending',693,693),(694,'Card','2022-10-31 00:00:00','Pending',694,694),(695,'Card','2022-08-21 00:00:00','Pending',695,695),(696,'Card','2022-04-14 00:00:00','Pending',696,696),(697,'Cash','2021-10-15 00:00:00','Declined',697,697),(698,'Paypal','2022-11-22 00:00:00','Completed',698,698),(699,'Card','2023-03-06 00:00:00','Declined',699,699),(700,'Card','2021-09-14 00:00:00','Pending',700,700),(701,'Paypal','2021-08-23 00:00:00','Pending',701,701),(702,'Transfer','2022-05-03 00:00:00','Pending',702,702),(703,'Cash','2021-09-10 00:00:00','Declined',703,703),(704,'Transfer','2022-01-21 00:00:00','Completed',704,704),(705,'Card','2021-06-21 00:00:00','Completed',705,705),(706,'Cash','2021-06-20 00:00:00','Declined',706,706),(707,'Card','2022-10-25 00:00:00','Declined',707,707),(708,'Transfer','2022-12-30 00:00:00','Completed',708,708),(709,'Transfer','2022-01-09 00:00:00','Pending',709,709),(710,'Transfer','2021-09-29 00:00:00','Completed',710,710),(711,'Cash','2021-12-27 00:00:00','Declined',711,711),(712,'Transfer','2022-04-03 00:00:00','Declined',712,712),(713,'Cash','2022-08-11 00:00:00','Pending',713,713),(714,'Paypal','2022-12-27 00:00:00','Pending',714,714),(715,'Transfer','2022-03-07 00:00:00','Completed',715,715),(716,'Paypal','2022-06-30 00:00:00','Completed',716,716),(717,'Cash','2022-07-08 00:00:00','Declined',717,717),(718,'Card','2021-08-06 00:00:00','Declined',718,718),(719,'Transfer','2022-08-15 00:00:00','Completed',719,719),(720,'Cash','2022-08-02 00:00:00','Completed',720,720),(721,'Transfer','2023-01-29 00:00:00','Pending',721,721),(722,'Transfer','2022-10-09 00:00:00','Pending',722,722),(723,'Card','2021-10-16 00:00:00','Completed',723,723),(724,'Paypal','2021-06-20 00:00:00','Completed',724,724),(725,'Transfer','2022-04-29 00:00:00','Declined',725,725),(726,'Cash','2022-04-07 00:00:00','Pending',726,726),(727,'Transfer','2023-01-30 00:00:00','Pending',727,727),(728,'Paypal','2022-10-05 00:00:00','Pending',728,728),(729,'Paypal','2023-02-05 00:00:00','Completed',729,729),(730,'Transfer','2022-10-14 00:00:00','Completed',730,730),(731,'Transfer','2022-08-24 00:00:00','Pending',731,731),(732,'Transfer','2022-04-18 00:00:00','Declined',732,732),(733,'Cash','2023-01-16 00:00:00','Declined',733,733),(734,'Cash','2021-05-02 00:00:00','Completed',734,734),(735,'Card','2023-03-18 00:00:00','Declined',735,735),(736,'Card','2022-07-28 00:00:00','Pending',736,736),(737,'Transfer','2021-05-01 00:00:00','Declined',737,737),(738,'Paypal','2023-03-28 00:00:00','Pending',738,738),(739,'Cash','2022-08-19 00:00:00','Pending',739,739),(740,'Transfer','2023-03-16 00:00:00','Pending',740,740),(741,'Cash','2022-08-25 00:00:00','Completed',741,741),(742,'Card','2022-10-14 00:00:00','Pending',742,742),(743,'Cash','2021-07-07 00:00:00','Pending',743,743),(744,'Card','2022-10-16 00:00:00','Declined',744,744),(745,'Paypal','2022-07-24 00:00:00','Declined',745,745),(746,'Card','2022-12-03 00:00:00','Completed',746,746),(747,'Cash','2022-03-06 00:00:00','Declined',747,747),(748,'Transfer','2022-01-24 00:00:00','Completed',748,748),(749,'Paypal','2021-08-14 00:00:00','Pending',749,749),(750,'Transfer','2023-01-16 00:00:00','Declined',750,750),(751,'Paypal','2021-07-15 00:00:00','Completed',751,751),(752,'Paypal','2021-10-08 00:00:00','Declined',752,752),(753,'Card','2022-11-19 00:00:00','Completed',753,753),(754,'Card','2021-05-02 00:00:00','Completed',754,754),(755,'Transfer','2022-03-02 00:00:00','Completed',755,755),(756,'Card','2022-02-16 00:00:00','Completed',756,756),(757,'Paypal','2021-07-27 00:00:00','Declined',757,757),(758,'Paypal','2022-10-11 00:00:00','Completed',758,758),(759,'Transfer','2022-03-31 00:00:00','Pending',759,759),(760,'Paypal','2022-08-25 00:00:00','Pending',760,760),(761,'Transfer','2021-07-30 00:00:00','Completed',761,761),(762,'Transfer','2022-10-28 00:00:00','Declined',762,762),(763,'Card','2021-06-30 00:00:00','Pending',763,763),(764,'Card','2021-05-05 00:00:00','Completed',764,764),(765,'Card','2022-04-11 00:00:00','Completed',765,765),(766,'Transfer','2021-11-05 00:00:00','Declined',766,766),(767,'Card','2022-01-31 00:00:00','Completed',767,767),(768,'Cash','2021-10-12 00:00:00','Completed',768,768),(769,'Transfer','2021-08-20 00:00:00','Declined',769,769),(770,'Cash','2021-10-02 00:00:00','Completed',770,770),(771,'Transfer','2022-05-02 00:00:00','Pending',771,771),(772,'Transfer','2022-05-13 00:00:00','Completed',772,772),(773,'Transfer','2021-12-01 00:00:00','Completed',773,773),(774,'Transfer','2021-11-21 00:00:00','Pending',774,774),(775,'Cash','2022-12-12 00:00:00','Pending',775,775),(776,'Card','2022-11-14 00:00:00','Declined',776,776),(777,'Card','2021-06-24 00:00:00','Completed',777,777),(778,'Paypal','2022-07-17 00:00:00','Completed',778,778),(779,'Transfer','2021-11-17 00:00:00','Declined',779,779),(780,'Transfer','2021-12-26 00:00:00','Completed',780,780),(781,'Paypal','2022-08-17 00:00:00','Pending',781,781),(782,'Cash','2022-12-23 00:00:00','Declined',782,782),(783,'Paypal','2023-02-01 00:00:00','Pending',783,783),(784,'Card','2022-02-08 00:00:00','Declined',784,784),(785,'Cash','2023-01-21 00:00:00','Pending',785,785),(786,'Transfer','2021-07-05 00:00:00','Pending',786,786),(787,'Cash','2023-03-24 00:00:00','Pending',787,787),(788,'Transfer','2021-08-14 00:00:00','Completed',788,788),(789,'Cash','2022-06-15 00:00:00','Pending',789,789),(790,'Cash','2023-01-01 00:00:00','Completed',790,790),(791,'Cash','2022-07-14 00:00:00','Pending',791,791),(792,'Transfer','2022-04-28 00:00:00','Pending',792,792),(793,'Card','2022-12-13 00:00:00','Declined',793,793),(794,'Card','2022-07-03 00:00:00','Completed',794,794),(795,'Cash','2023-02-26 00:00:00','Pending',795,795),(796,'Card','2023-03-26 00:00:00','Declined',796,796),(797,'Paypal','2022-10-03 00:00:00','Declined',797,797),(798,'Card','2021-09-08 00:00:00','Declined',798,798),(799,'Transfer','2021-09-05 00:00:00','Declined',799,799),(800,'Card','2022-11-19 00:00:00','Declined',800,800),(801,'Paypal','2023-03-26 00:00:00','Completed',801,801),(802,'Cash','2022-05-28 00:00:00','Completed',802,802),(803,'Card','2023-03-20 00:00:00','Pending',803,803),(804,'Paypal','2022-11-29 00:00:00','Declined',804,804),(805,'Cash','2021-07-26 00:00:00','Pending',805,805),(806,'Cash','2022-07-24 00:00:00','Pending',806,806),(807,'Transfer','2022-07-16 00:00:00','Pending',807,807),(808,'Transfer','2021-05-13 00:00:00','Declined',808,808),(809,'Paypal','2023-03-15 00:00:00','Pending',809,809),(810,'Transfer','2021-11-16 00:00:00','Declined',810,810),(811,'Card','2021-10-30 00:00:00','Declined',811,811),(812,'Paypal','2022-11-01 00:00:00','Completed',812,812),(813,'Paypal','2022-06-07 00:00:00','Completed',813,813),(814,'Cash','2022-12-02 00:00:00','Pending',814,814),(815,'Cash','2022-09-28 00:00:00','Pending',815,815),(816,'Paypal','2022-01-14 00:00:00','Completed',816,816),(817,'Card','2021-06-28 00:00:00','Declined',817,817),(818,'Card','2021-07-02 00:00:00','Completed',818,818),(819,'Card','2022-04-13 00:00:00','Completed',819,819),(820,'Card','2022-12-13 00:00:00','Declined',820,820),(821,'Transfer','2022-10-31 00:00:00','Pending',821,821),(822,'Cash','2022-04-17 00:00:00','Completed',822,822),(823,'Paypal','2022-09-11 00:00:00','Pending',823,823),(824,'Paypal','2021-07-13 00:00:00','Completed',824,824),(825,'Transfer','2022-08-03 00:00:00','Pending',825,825),(826,'Paypal','2021-05-12 00:00:00','Declined',826,826),(827,'Transfer','2021-05-09 00:00:00','Completed',827,827),(828,'Transfer','2022-08-26 00:00:00','Declined',828,828),(829,'Transfer','2022-10-26 00:00:00','Pending',829,829),(830,'Cash','2022-12-02 00:00:00','Pending',830,830),(831,'Transfer','2022-07-07 00:00:00','Completed',831,831),(832,'Paypal','2022-11-25 00:00:00','Completed',832,832),(833,'Card','2021-09-01 00:00:00','Pending',833,833),(834,'Card','2022-02-19 00:00:00','Pending',834,834),(835,'Cash','2023-01-23 00:00:00','Pending',835,835),(836,'Paypal','2022-08-28 00:00:00','Declined',836,836),(837,'Cash','2022-08-05 00:00:00','Completed',837,837),(838,'Card','2021-06-01 00:00:00','Declined',838,838),(839,'Card','2021-08-19 00:00:00','Completed',839,839),(840,'Paypal','2021-10-09 00:00:00','Completed',840,840),(841,'Card','2022-04-29 00:00:00','Pending',841,841),(842,'Paypal','2021-06-26 00:00:00','Declined',842,842),(843,'Cash','2022-06-15 00:00:00','Pending',843,843),(844,'Transfer','2022-01-03 00:00:00','Pending',844,844),(845,'Paypal','2022-06-06 00:00:00','Pending',845,845),(846,'Card','2021-05-26 00:00:00','Pending',846,846),(847,'Card','2021-11-13 00:00:00','Pending',847,847),(848,'Transfer','2021-08-16 00:00:00','Completed',848,848),(849,'Transfer','2022-04-22 00:00:00','Pending',849,849),(850,'Paypal','2022-11-05 00:00:00','Completed',850,850),(851,'Cash','2022-10-23 00:00:00','Completed',851,851),(852,'Transfer','2021-09-28 00:00:00','Completed',852,852),(853,'Paypal','2021-10-26 00:00:00','Completed',853,853),(854,'Card','2021-10-15 00:00:00','Completed',854,854),(855,'Paypal','2021-07-18 00:00:00','Pending',855,855),(856,'Card','2022-09-13 00:00:00','Declined',856,856),(857,'Transfer','2022-05-15 00:00:00','Pending',857,857),(858,'Paypal','2022-11-27 00:00:00','Declined',858,858),(859,'Paypal','2021-06-13 00:00:00','Pending',859,859),(860,'Card','2021-05-08 00:00:00','Completed',860,860),(861,'Transfer','2022-04-26 00:00:00','Completed',861,861),(862,'Card','2021-08-26 00:00:00','Completed',862,862),(863,'Paypal','2022-10-06 00:00:00','Declined',863,863),(864,'Card','2021-12-26 00:00:00','Completed',864,864),(865,'Cash','2023-02-04 00:00:00','Declined',865,865),(866,'Card','2022-10-14 00:00:00','Pending',866,866),(867,'Paypal','2021-07-18 00:00:00','Pending',867,867),(868,'Paypal','2022-06-05 00:00:00','Pending',868,868),(869,'Cash','2021-05-18 00:00:00','Pending',869,869),(870,'Card','2022-12-23 00:00:00','Completed',870,870),(871,'Paypal','2022-07-27 00:00:00','Completed',871,871),(872,'Transfer','2021-08-03 00:00:00','Declined',872,872),(873,'Cash','2021-08-27 00:00:00','Declined',873,873),(874,'Card','2022-04-01 00:00:00','Completed',874,874),(875,'Cash','2022-09-24 00:00:00','Pending',875,875),(876,'Paypal','2022-01-09 00:00:00','Completed',876,876),(877,'Transfer','2022-09-27 00:00:00','Pending',877,877),(878,'Transfer','2021-06-25 00:00:00','Declined',878,878),(879,'Cash','2022-01-31 00:00:00','Pending',879,879),(880,'Paypal','2021-12-12 00:00:00','Declined',880,880),(881,'Card','2022-02-28 00:00:00','Pending',881,881),(882,'Paypal','2021-07-12 00:00:00','Pending',882,882),(883,'Card','2023-02-11 00:00:00','Completed',883,883),(884,'Transfer','2022-01-06 00:00:00','Declined',884,884),(885,'Cash','2022-03-21 00:00:00','Pending',885,885),(886,'Paypal','2021-05-06 00:00:00','Pending',886,886),(887,'Card','2023-03-14 00:00:00','Completed',887,887),(888,'Transfer','2022-07-20 00:00:00','Declined',888,888),(889,'Paypal','2022-07-06 00:00:00','Declined',889,889),(890,'Paypal','2022-05-31 00:00:00','Completed',890,890),(891,'Paypal','2023-03-16 00:00:00','Declined',891,891),(892,'Card','2021-09-28 00:00:00','Completed',892,892),(893,'Cash','2022-10-23 00:00:00','Pending',893,893),(894,'Transfer','2021-08-14 00:00:00','Completed',894,894),(895,'Cash','2022-05-22 00:00:00','Pending',895,895),(896,'Paypal','2022-09-08 00:00:00','Completed',896,896),(897,'Paypal','2022-07-27 00:00:00','Declined',897,897),(898,'Transfer','2022-10-05 00:00:00','Declined',898,898),(899,'Card','2023-01-02 00:00:00','Completed',899,899),(900,'Cash','2022-05-30 00:00:00','Declined',900,900),(901,'Transfer','2021-10-19 00:00:00','Completed',901,901),(902,'Transfer','2023-02-27 00:00:00','Completed',902,902),(903,'Paypal','2021-09-11 00:00:00','Completed',903,903),(904,'Paypal','2022-11-05 00:00:00','Completed',904,904),(905,'Paypal','2022-10-27 00:00:00','Completed',905,905),(906,'Cash','2022-01-08 00:00:00','Pending',906,906),(907,'Cash','2022-06-07 00:00:00','Completed',907,907),(908,'Cash','2023-01-14 00:00:00','Completed',908,908),(909,'Card','2022-04-23 00:00:00','Pending',909,909),(910,'Cash','2022-07-11 00:00:00','Completed',910,910),(911,'Card','2022-06-12 00:00:00','Completed',911,911),(912,'Paypal','2021-05-30 00:00:00','Pending',912,912),(913,'Paypal','2021-08-01 00:00:00','Declined',913,913),(914,'Cash','2021-08-11 00:00:00','Pending',914,914),(915,'Cash','2022-09-19 00:00:00','Pending',915,915),(916,'Cash','2021-06-11 00:00:00','Declined',916,916),(917,'Paypal','2022-07-28 00:00:00','Pending',917,917),(918,'Card','2022-04-04 00:00:00','Declined',918,918),(919,'Paypal','2022-03-31 00:00:00','Completed',919,919),(920,'Transfer','2023-01-06 00:00:00','Completed',920,920),(921,'Transfer','2021-10-12 00:00:00','Declined',921,921),(922,'Cash','2022-07-22 00:00:00','Pending',922,922),(923,'Transfer','2023-02-24 00:00:00','Declined',923,923),(924,'Paypal','2022-10-27 00:00:00','Declined',924,924),(925,'Paypal','2021-09-10 00:00:00','Pending',925,925),(926,'Card','2022-03-18 00:00:00','Completed',926,926),(927,'Paypal','2021-11-09 00:00:00','Declined',927,927),(928,'Transfer','2022-02-28 00:00:00','Completed',928,928),(929,'Card','2021-06-11 00:00:00','Completed',929,929),(930,'Card','2021-09-21 00:00:00','Pending',930,930),(931,'Cash','2022-07-06 00:00:00','Pending',931,931),(932,'Cash','2021-12-26 00:00:00','Completed',932,932),(933,'Card','2022-08-21 00:00:00','Pending',933,933),(934,'Transfer','2021-10-29 00:00:00','Pending',934,934),(935,'Card','2022-11-20 00:00:00','Declined',935,935),(936,'Card','2021-09-16 00:00:00','Pending',936,936),(937,'Card','2022-05-19 00:00:00','Pending',937,937),(938,'Transfer','2022-08-05 00:00:00','Completed',938,938),(939,'Cash','2022-09-29 00:00:00','Completed',939,939),(940,'Transfer','2022-08-17 00:00:00','Pending',940,940),(941,'Paypal','2021-09-18 00:00:00','Completed',941,941),(942,'Transfer','2021-07-11 00:00:00','Pending',942,942),(943,'Card','2022-11-10 00:00:00','Declined',943,943),(944,'Transfer','2022-10-20 00:00:00','Declined',944,944),(945,'Cash','2021-09-11 00:00:00','Completed',945,945),(946,'Transfer','2022-04-03 00:00:00','Completed',946,946),(947,'Cash','2023-03-04 00:00:00','Declined',947,947),(948,'Cash','2021-08-25 00:00:00','Declined',948,948),(949,'Transfer','2022-11-15 00:00:00','Pending',949,949),(950,'Card','2023-02-06 00:00:00','Pending',950,950),(951,'Transfer','2021-11-01 00:00:00','Completed',951,951),(952,'Card','2022-04-18 00:00:00','Declined',952,952),(953,'Cash','2022-03-17 00:00:00','Declined',953,953),(954,'Paypal','2022-12-10 00:00:00','Pending',954,954),(955,'Transfer','2021-05-16 00:00:00','Completed',955,955),(956,'Transfer','2023-01-01 00:00:00','Declined',956,956),(957,'Cash','2022-02-26 00:00:00','Completed',957,957),(958,'Card','2022-03-04 00:00:00','Completed',958,958),(959,'Transfer','2022-08-24 00:00:00','Declined',959,959),(960,'Cash','2021-09-22 00:00:00','Declined',960,960),(961,'Paypal','2022-07-06 00:00:00','Pending',961,961),(962,'Transfer','2022-07-28 00:00:00','Pending',962,962),(963,'Card','2022-08-08 00:00:00','Pending',963,963),(964,'Transfer','2022-12-28 00:00:00','Declined',964,964),(965,'Cash','2022-02-27 00:00:00','Pending',965,965),(966,'Transfer','2022-03-05 00:00:00','Pending',966,966),(967,'Transfer','2022-08-05 00:00:00','Declined',967,967),(968,'Transfer','2021-05-21 00:00:00','Declined',968,968),(969,'Cash','2022-03-12 00:00:00','Declined',969,969),(970,'Paypal','2022-08-04 00:00:00','Completed',970,970),(971,'Card','2022-05-19 00:00:00','Completed',971,971),(972,'Transfer','2021-06-06 00:00:00','Completed',972,972),(973,'Transfer','2021-08-21 00:00:00','Declined',973,973),(974,'Cash','2022-10-26 00:00:00','Declined',974,974),(975,'Transfer','2022-05-27 00:00:00','Declined',975,975),(976,'Transfer','2023-01-29 00:00:00','Declined',976,976),(977,'Card','2021-12-20 00:00:00','Declined',977,977),(978,'Paypal','2022-07-23 00:00:00','Pending',978,978),(979,'Card','2022-01-28 00:00:00','Completed',979,979),(980,'Card','2022-04-10 00:00:00','Declined',980,980),(981,'Cash','2022-08-12 00:00:00','Completed',981,981),(982,'Paypal','2021-07-14 00:00:00','Declined',982,982),(983,'Transfer','2022-08-03 00:00:00','Completed',983,983),(984,'Paypal','2022-11-20 00:00:00','Completed',984,984),(985,'Cash','2022-11-03 00:00:00','Declined',985,985),(986,'Paypal','2022-07-15 00:00:00','Declined',986,986),(987,'Transfer','2022-03-27 00:00:00','Declined',987,987),(988,'Cash','2021-07-26 00:00:00','Pending',988,988),(989,'Cash','2022-06-09 00:00:00','Declined',989,989),(990,'Cash','2022-05-21 00:00:00','Completed',990,990),(991,'Card','2022-06-25 00:00:00','Pending',991,991),(992,'Card','2022-08-29 00:00:00','Completed',992,992),(993,'Card','2021-06-02 00:00:00','Pending',993,993),(994,'Transfer','2021-06-09 00:00:00','Completed',994,994),(995,'Cash','2022-12-09 00:00:00','Completed',995,995),(996,'Paypal','2021-07-24 00:00:00','Completed',996,996),(997,'Card','2022-02-16 00:00:00','Declined',997,997),(998,'Paypal','2021-08-24 00:00:00','Declined',998,998),(999,'Card','2021-10-10 00:00:00','Pending',999,999),(1000,'Paypal','2022-12-24 00:00:00','Pending',1000,1000);
/*!40000 ALTER TABLE `booking_transaction` ENABLE KEYS */;
UNLOCK TABLES;

--
-- Table structure for table `category`
--

DROP TABLE IF EXISTS `category`;
/*!40101 SET @saved_cs_client     = @@character_set_client */;
/*!50503 SET character_set_client = utf8mb4 */;
CREATE TABLE `category` (
  `category_ID` int NOT NULL,
  `category_type` int DEFAULT NULL,
  `category_name` varchar(50) DEFAULT NULL,
  `category_description` varchar(255) DEFAULT NULL,
  PRIMARY KEY (`category_ID`)
) ENGINE=InnoDB DEFAULT CHARSET=utf8mb4 COLLATE=utf8mb4_0900_ai_ci;
/*!40101 SET character_set_client = @saved_cs_client */;

--
-- Dumping data for table `category`
--

LOCK TABLES `category` WRITE;
/*!40000 ALTER TABLE `category` DISABLE KEYS */;
INSERT INTO `category` VALUES (1,1,'House','Entire House'),(2,2,'Apartment','Entire Apartment'),(3,3,'Private Room','Private Room in a house or apartment'),(4,4,'Shared Room','Shared room in a house or apartment'),(5,5,'Hotel','Hotel Room');
/*!40000 ALTER TABLE `category` ENABLE KEYS */;
UNLOCK TABLES;

--
-- Table structure for table `charge`
--

DROP TABLE IF EXISTS `charge`;
/*!40101 SET @saved_cs_client     = @@character_set_client */;
/*!50503 SET character_set_client = utf8mb4 */;
CREATE TABLE `charge` (
  `charge_ID` int NOT NULL,
  `rent_cost` float DEFAULT NULL,
  `tax_amount` float DEFAULT NULL,
  `app_fee` float DEFAULT NULL,
  `discount_ID` int DEFAULT NULL,
  `additional_fee` float DEFAULT NULL,
  `booking_ID` int DEFAULT NULL,
  `total_amount` float DEFAULT NULL,
  `currency_ID` int DEFAULT NULL,
  PRIMARY KEY (`charge_ID`),
  KEY `booking_ID` (`booking_ID`),
  KEY `currency_ID` (`currency_ID`),
  KEY `discount_ID` (`discount_ID`),
  CONSTRAINT `charge_ibfk_1` FOREIGN KEY (`booking_ID`) REFERENCES `booking` (`booking_ID`),
  CONSTRAINT `charge_ibfk_2` FOREIGN KEY (`currency_ID`) REFERENCES `currency` (`currency_ID`),
  CONSTRAINT `charge_ibfk_3` FOREIGN KEY (`discount_ID`) REFERENCES `discount` (`discount_ID`)
) ENGINE=InnoDB DEFAULT CHARSET=utf8mb4 COLLATE=utf8mb4_0900_ai_ci;
/*!40101 SET character_set_client = @saved_cs_client */;

--
-- Dumping data for table `charge`
--

LOCK TABLES `charge` WRITE;
/*!40000 ALTER TABLE `charge` DISABLE KEYS */;
INSERT INTO `charge` VALUES (1,1302.5,45.3,14.2,1,15.7,1,1377.7,1),(2,1287.4,24.4,7.9,35,18.6,2,1338.3,39),(3,148.8,27.5,5.6,30,6.4,3,188.3,3),(4,864,5.1,11.2,11,14.8,4,895.1,37),(5,815,19.7,18.7,19,13.5,5,866.9,25),(6,1132.9,12.2,7.1,39,15.8,6,1168,7),(7,83.8,9.5,8.1,41,10.7,7,112.1,10),(8,1342.9,42,8.8,23,15.5,8,1409.2,49),(9,953,6.8,12.8,32,9.3,9,981.9,46),(10,1247,37.8,14.2,15,17.7,10,1316.7,15),(11,854.5,16.1,19.9,47,19,11,909.5,49),(12,497,11.4,3,10,9.4,12,520.8,22),(13,808.5,39.9,18,38,9.7,13,876.1,11),(14,505.2,44.1,19,31,16.3,14,584.6,28),(15,1389.6,25.5,3.9,33,9.9,15,1428.9,38),(16,648.2,33.1,4.1,36,18.1,16,703.5,6),(17,144.1,23.6,3.8,19,11.6,17,183.1,11),(18,932,36.5,11.8,50,11.3,18,991.6,18),(19,1366.1,17.3,19.4,26,18.4,19,1421.2,1),(20,816.4,50,7.1,28,10.3,20,883.8,2),(21,1415.5,25.7,12.3,5,13.4,21,1466.9,43),(22,1192.9,14.9,5.3,35,13.6,22,1226.7,48),(23,636.2,16.7,13.2,13,11.9,23,678,16),(24,1495.4,35.7,7.2,40,18.4,24,1556.7,16),(25,1437.6,13,11.9,31,18.6,25,1481.1,29),(26,679,20.1,10.1,39,5.5,26,714.7,32),(27,728.3,36.5,7.1,15,6.5,27,778.4,7),(28,777.4,25.3,20,39,19.6,28,842.3,35),(29,1158.5,7.1,5.9,10,13,29,1184.5,47),(30,1259.1,45.8,11.2,18,12,30,1328.1,33),(31,1137.7,44.2,10.4,42,9.1,31,1201.4,28),(32,259.4,38.3,19,44,19.6,32,336.3,9),(33,812.8,31.7,12,20,11.5,33,868,2),(34,286.8,14,3.2,12,11.2,34,315.2,32),(35,688.5,10.4,10.8,28,17.4,35,727.1,24),(36,625.2,7.2,16.5,6,6.3,36,655.2,32),(37,760.7,9,9.8,45,17.9,37,797.4,15),(38,94,7.4,2.4,21,11.1,38,114.9,39),(39,466.5,14.9,19.4,5,5.2,39,506,21),(40,1329.6,35.9,2.4,1,12.2,40,1380.1,41),(41,346.3,31.8,9.6,38,18.2,41,405.9,38),(42,1487.8,11,12.7,12,14.4,42,1525.9,28),(43,1393.7,12.1,17.5,47,19.4,43,1442.7,23),(44,1313.3,16.3,10.3,10,15,44,1354.9,5),(45,1292,34.8,10.8,23,9.8,45,1347.4,3),(46,76.4,42.9,19.5,25,12.6,46,151.4,38),(47,1171.5,47.4,17.4,45,7.6,47,1243.9,19),(48,720.8,8.6,10.7,7,15.9,48,756,5),(49,1234,47.4,16.3,17,20,49,1317.7,15),(50,1239.5,27.6,12.1,45,6.4,50,1285.6,33),(51,1091,33.1,7.5,17,13.2,51,1144.8,34),(52,1433.1,14,15.6,46,5.4,52,1468.1,34),(53,1251.7,37.5,19.6,13,11.5,53,1320.3,46),(54,797.7,26.8,19.3,5,20,54,863.8,47),(55,1254.9,46.5,9.3,43,19.7,55,1330.4,34),(56,1227,26.5,3.6,31,10.9,56,1268,30),(57,89.7,34.3,19.7,3,17.2,57,160.9,26),(58,812.9,11.3,2,24,12.9,58,839.1,38),(59,652.5,32.3,14.7,33,10.6,59,710.1,32),(60,641.4,5.4,7.4,34,10,60,664.2,26),(61,382,24.1,7.7,9,15.9,61,429.7,1),(62,72.9,32.1,15.8,38,9.9,62,130.7,48),(63,1397,17.8,13.4,2,18.3,63,1446.5,27),(64,733.4,14,14.2,16,14.3,64,775.9,34),(65,373.9,10.4,10.6,30,11.6,65,406.5,4),(66,117.4,21.3,19.8,47,18.8,66,177.3,43),(67,1104.1,13.5,19.9,25,12.6,67,1150.1,2),(68,686.1,15.1,19.8,36,6.5,68,727.5,31),(69,176.7,8.8,13.1,41,14.4,69,213,36),(70,304.3,14,9.9,43,8.6,70,336.8,46),(71,557.9,20.6,6.1,8,18.4,71,603,43),(72,780.3,48.3,10.8,13,15.1,72,854.5,46),(73,477.7,22.3,12.5,47,9.5,73,522,9),(74,964.5,12.2,15,11,18.4,74,1010.1,35),(75,404.9,26.5,6.9,18,12.3,75,450.6,27),(76,952.6,42.4,17.8,45,16,76,1028.8,28),(77,1417.3,13.5,3.2,47,18,77,1452,10),(78,579.7,36.4,19.1,24,14.2,78,649.4,31),(79,127.6,43,3.5,40,7,79,181.1,5),(80,1001.2,36.2,9.3,48,12.5,80,1059.2,11),(81,1029.5,29.2,17.9,31,8.9,81,1085.5,21),(82,914.8,22.3,15.3,35,13.2,82,965.6,12),(83,994.1,35.1,17.8,18,11.7,83,1058.7,14),(84,1483.6,38,15.9,19,17.5,84,1555,14),(85,1074.9,23.3,11.9,49,9.6,85,1119.7,48),(86,635.4,29.9,4.7,41,6.8,86,676.8,4),(87,414.8,37.4,19.5,48,14.9,87,486.6,30),(88,1175.5,31.3,3,47,8.9,88,1218.7,48),(89,996.2,17.5,3.4,16,17.6,89,1034.7,16),(90,951.4,27.7,2.2,23,13.4,90,994.7,41),(91,343.1,28.8,11.1,20,14.7,91,397.7,45),(92,1275.2,37.2,10.5,50,14.2,92,1337.1,41),(93,161.6,18.9,2.8,31,8.3,93,191.6,29),(94,1475.5,48.9,14.4,35,9.1,94,1547.9,6),(95,947.4,42.2,17.3,17,16.4,95,1023.3,9),(96,699.9,22.3,7.8,49,13.5,96,743.5,2),(97,985.1,35.9,6.4,15,17.9,97,1045.3,49),(98,767.9,28.6,11.4,25,14.5,98,822.4,34),(99,537.3,22.5,6.3,4,5.2,99,571.3,6),(100,838.3,36.5,9.4,49,8.8,100,893,40),(101,386.6,8.3,10.9,44,9.5,101,415.3,46),(102,256.6,25.6,5.6,18,19.7,102,307.5,24),(103,1472.4,6.8,11.2,44,6.5,103,1496.9,48),(104,1427.8,18.3,18.2,11,18.2,104,1482.5,35),(105,720.3,21.6,2.6,2,18.8,105,763.3,49),(106,1181.6,38.5,12.4,8,19.7,106,1252.2,40),(107,532.6,38,9.2,3,19.5,107,599.3,6),(108,446.7,12.3,16.6,31,12.6,108,488.2,4),(109,691.7,47.8,10,42,7.9,109,757.4,25),(110,435.9,47.8,17.8,25,17.3,110,518.8,23),(111,125.3,13.7,15.2,28,10,111,164.2,19),(112,698.4,6.5,4.1,29,10.4,112,719.4,44),(113,1412.9,5.5,8.1,13,8,113,1434.5,11),(114,878,36,19.6,4,8.6,114,942.2,39),(115,413.9,5.1,5.2,29,5.2,115,429.4,15),(116,981.5,15.2,6.2,19,10.8,116,1013.7,34),(117,1029.6,13.7,10.9,45,18.4,117,1072.6,38),(118,1253.3,42.7,16.1,30,7.6,118,1319.7,6),(119,566.9,17.2,14,17,12.2,119,610.3,37),(120,98.5,34.2,9.2,50,9.4,120,151.3,46),(121,520,23.5,12.2,9,9.2,121,564.9,24),(122,362.9,39.6,6.3,38,10.8,122,419.6,7),(123,781.1,43.4,17.4,2,5.5,123,847.4,45),(124,803.3,12.5,6.4,39,8.3,124,830.5,12),(125,359,9.5,15.6,35,17.8,125,401.9,41),(126,1362.3,8.7,8.6,28,8.7,126,1388.3,37),(127,207.2,10.3,8.8,41,19.5,127,245.8,30),(128,1155.1,14.1,12.8,19,17.9,128,1199.9,11),(129,242.1,18.4,17,6,6.2,129,283.7,31),(130,253.3,43,18.4,18,11.4,130,326.1,32),(131,61.2,34.4,4.1,16,13,131,112.7,6),(132,904.1,41.4,7.7,26,6.2,132,959.4,19),(133,1418.2,41.3,15.9,27,8,133,1483.4,7),(134,826,28.3,2.5,20,11.3,134,868.1,18),(135,203.5,15.2,2.2,18,12.9,135,233.8,33),(136,555.1,45.1,18.1,40,19.8,136,638.1,29),(137,680.6,24.1,16.7,15,5.7,137,727.1,47),(138,1083.7,36.6,5.2,25,12.7,138,1138.2,2),(139,410.1,25.7,15.1,31,12.9,139,463.8,12),(140,96.9,21.4,13.6,22,18.8,140,150.7,30),(141,1465.6,47.3,13.2,9,16.8,141,1542.9,39),(142,702.3,11.6,3.1,13,11.8,142,728.8,33),(143,110,32.2,5.1,14,11.6,143,158.9,37),(144,746.2,33.3,15.5,28,18.2,144,813.2,12),(145,1092.5,47.4,14.2,7,12.9,145,1167,35),(146,775.9,15.8,8.2,42,16.7,146,816.6,16),(147,255.3,28.1,10.7,34,5.2,147,299.3,41),(148,1424,17.8,18.8,15,13.8,148,1474.4,9),(149,739.6,28.4,14.3,3,12.4,149,794.7,44),(150,373.5,30.3,4.5,5,9.8,150,418.1,16),(151,416.7,37.6,14,11,10.9,151,479.2,25),(152,607.2,37.9,9.8,28,11.5,152,666.4,14),(153,264.6,35.5,17.7,14,14.8,153,332.6,7),(154,1166.3,47.6,4.7,31,9.8,154,1228.4,37),(155,888.8,29.6,18.7,14,5.8,155,942.9,18),(156,1341,18.7,15.8,3,11.4,156,1386.9,44),(157,1195.2,37.4,12.6,48,15.1,157,1260.3,28),(158,229.3,48.6,4.6,50,7.3,158,289.8,32),(159,1351.9,5.9,18.2,33,6,159,1382,35),(160,731.2,33.5,15.2,18,19.6,160,799.5,40),(161,286.8,28,16.7,16,10.4,161,341.9,12),(162,622.2,37.7,2.1,8,16.3,162,678.3,47),(163,656.9,7.6,14.2,47,12.5,163,691.2,46),(164,207.9,49.3,4.3,37,14.9,164,276.4,33),(165,1052.7,49.2,5.2,21,9.1,165,1116.2,15),(166,638.6,5.6,5.3,42,7.9,166,657.4,21),(167,1490.5,32,15.1,39,18.3,167,1555.9,38),(168,1092.6,42.7,10.9,16,15.8,168,1162,31),(169,395.1,45.7,14.1,40,11.9,169,466.8,19),(170,528,42.2,5.3,26,14.2,170,589.7,45),(171,1258.7,8.2,19.7,13,11.3,171,1297.9,23),(172,386.5,8.2,16.8,46,13.3,172,424.8,14),(173,480.6,25.7,8.3,16,13.8,173,528.4,34),(174,1328.7,46.1,12,45,16.1,174,1402.9,21),(175,679.5,10.7,8.4,44,8.9,175,707.5,49),(176,1175.1,23,13.2,41,14,176,1225.3,45),(177,381.4,23.3,3.4,14,11.4,177,419.5,16),(178,155.8,43.9,16.2,25,14,178,229.9,34),(179,1121.6,28.2,4.7,28,10,179,1164.5,11),(180,614.8,38.2,18.8,31,9.5,180,681.3,10),(181,763.4,24.7,19.4,37,13.3,181,820.8,49),(182,1173.8,27.7,6.6,15,14.8,182,1222.9,31),(183,914,45.1,2,3,12.6,183,973.7,21),(184,550.4,36.8,6,41,17.9,184,611.1,29),(185,1459.1,5.1,11.2,25,9.8,185,1485.2,21),(186,510.9,49.9,14.1,36,10.2,186,585.1,35),(187,350.2,32.4,8.2,18,7.1,187,397.9,20),(188,1290.3,23.7,17.8,1,13.3,188,1345.1,33),(189,48.3,43.2,2.3,42,14.5,189,108.3,14),(190,813.1,39.2,7.3,34,12.8,190,872.4,11),(191,1020.4,14.2,11.7,8,9.1,191,1055.4,35),(192,514.2,30.2,17.5,9,5.5,192,567.4,20),(193,1196.8,36.4,6.4,34,16.1,193,1255.7,30),(194,31.5,49,4.4,50,6.8,194,91.7,28),(195,487.6,14,7.3,4,20,195,528.9,30),(196,1369.8,18.1,18.1,46,19.4,196,1425.4,10),(197,724.8,37.8,8.3,28,8.2,197,779.1,18),(198,915.5,33.6,6.7,14,16.4,198,972.2,22),(199,986.1,27,14.8,12,7.7,199,1035.6,3),(200,1001,27.8,13,5,17.3,200,1059.1,34),(201,60.7,19.4,14.1,7,6.9,201,101.1,38),(202,341,29.5,4.7,45,7,202,382.2,19),(203,1327.3,16,8.1,6,5.5,203,1356.9,14),(204,1131.8,44.1,10.9,5,14.9,204,1201.7,7),(205,1322.8,8.5,7.4,36,14.2,205,1352.9,41),(206,1094.3,20.1,5.3,42,9.2,206,1128.9,3),(207,256.6,15.8,19.4,33,11.3,207,303.1,27),(208,1170.2,38.1,9.3,8,6.1,208,1223.7,45),(209,1194.9,45.2,4.4,50,12.7,209,1257.2,38),(210,521.8,29,4,12,17.1,210,571.9,49),(211,968.2,5.5,3.1,48,6.6,211,983.4,3),(212,385.2,22.4,18.2,23,13.9,212,439.7,42),(213,1196.2,6.1,3,43,6.9,213,1212.2,11),(214,347.3,10,6.7,16,19.6,214,383.6,47),(215,844.4,36.9,12.6,29,5.9,215,899.8,6),(216,175.1,28.3,9.8,23,18.2,216,231.4,37),(217,400.1,11.9,10.9,6,6.3,217,429.2,35),(218,820.1,40.6,5.7,24,5.1,218,871.5,46),(219,1197.8,42.7,13.9,16,8.1,219,1262.5,45),(220,270.6,37.8,16,22,16.8,220,341.2,14),(221,1186,11.7,15.4,29,17.3,221,1230.4,12),(222,102.8,23.5,9.7,41,6.5,222,142.5,18),(223,412.6,32.5,10,24,11.2,223,466.3,22),(224,748.1,29.9,9.5,36,16.8,224,804.3,18),(225,243.9,14.6,3.3,28,17.9,225,279.7,3),(226,1031.8,11.2,13.9,8,15.8,226,1072.7,1),(227,892.8,5.9,18.1,10,5.1,227,921.9,16),(228,105,25.1,12.8,28,6.2,228,149.1,36),(229,1258.7,9.2,19.3,22,19.9,229,1307.1,42),(230,785.6,19.3,17.1,32,12.1,230,834.1,29),(231,201,38.4,6.4,1,10.1,231,255.9,25),(232,988.3,22.9,19.9,27,15.7,232,1046.8,37),(233,1229,22.7,8.2,34,9.5,233,1269.4,44),(234,1204.3,17.6,6.6,38,14.5,234,1243,13),(235,818.7,13.2,16.2,12,15.6,235,863.7,36),(236,158.9,26,9.5,12,15.3,236,209.7,19),(237,307.5,39,6.4,48,17.7,237,370.6,3),(238,789.4,5.9,17.8,32,11.9,238,825,1),(239,1480.6,13,16,18,9.1,239,1518.7,40),(240,295.1,12.2,10.7,23,6.5,240,324.5,12),(241,685.2,32.1,12.6,46,6.5,241,736.4,27),(242,1366.7,38.9,18.3,21,11.1,242,1435,43),(243,1481.8,22,3.7,32,13.5,243,1521,19),(244,797.3,26.7,10.4,23,11.2,244,845.6,32),(245,1000.3,31.8,5.6,27,16.2,245,1053.9,3),(246,323.3,25.5,7,27,16.1,246,371.9,29),(247,613.4,18.2,17.2,31,16.6,247,665.4,27),(248,714.8,34.6,5.9,47,13.4,248,768.7,26),(249,1386.9,28.4,4,7,16.1,249,1435.4,39),(250,1329.9,46.2,2.6,16,5.5,250,1384.2,1),(251,678.3,26.7,11.4,49,16.1,251,732.5,46),(252,213.9,15.1,12.8,19,14.8,252,256.6,11),(253,1046.2,43.6,16.5,6,13.8,253,1120.1,23),(254,1161.7,34.7,6.7,4,13.8,254,1216.9,1),(255,588.1,22.3,16.3,1,15,255,641.7,37),(256,61.2,48.2,2.6,11,17.3,256,129.3,14),(257,204.7,48.1,13.4,26,19.8,257,286,34),(258,851.2,9,13,42,16.5,258,889.7,37),(259,776.5,45,6.5,2,12.5,259,840.5,40),(260,685.5,49.1,11.9,47,5.5,260,752,41),(261,303.9,17.2,8.9,46,10.4,261,340.4,33),(262,667.7,49.8,5.5,30,13.6,262,736.6,6),(263,104.8,27.3,9.3,22,10.9,263,152.3,16),(264,607.2,43.1,14.9,50,7.2,264,672.4,19),(265,1190.4,49.7,13.1,1,15.2,265,1268.4,40),(266,403.8,5.3,19.6,9,10.8,266,439.5,1),(267,1049.9,30.4,10.9,49,13.7,267,1104.9,2),(268,1057.7,47.3,17.4,40,14.5,268,1136.9,17),(269,1239.7,10.1,5.9,37,16.4,269,1272.1,39),(270,372.1,39.5,12.5,25,14.6,270,438.7,17),(271,675.8,35.9,17.7,45,9.9,271,739.3,27),(272,333.1,36.2,3.3,25,15.5,272,388.1,37),(273,876.6,23.6,4.2,17,11.5,273,915.9,48),(274,113.5,35.7,9.2,12,13.5,274,171.9,36),(275,1253.8,17.2,10.9,48,11.3,275,1293.2,42),(276,872.2,30.8,12.4,20,6.9,276,922.3,3),(277,117.3,28.6,9.8,50,16.2,277,171.9,28),(278,1490.1,38,2.9,41,13.1,278,1544.1,42),(279,1173.2,39,7.7,37,19,279,1238.9,10),(280,1022.6,32.6,14.9,35,13,280,1083.1,45),(281,1467.7,27.3,15.2,45,14.3,281,1524.5,15),(282,965.1,18.2,18,21,7.7,282,1009,27),(283,593.2,5.8,17.7,34,13,283,629.7,20),(284,952.9,10.1,8.1,15,11,284,982.1,39),(285,1165.3,14.7,6.3,43,16.3,285,1202.6,25),(286,1340.1,30.2,14,48,13.4,286,1397.7,28),(287,1348.1,16.2,4.8,40,17.1,287,1386.2,19),(288,937.8,5.7,9.3,21,6.1,288,958.9,27),(289,1459.1,48.1,9.4,48,16.5,289,1533.1,6),(290,590.9,24.7,13.6,20,18.5,290,647.7,26),(291,1431.1,43,4.9,9,15.4,291,1494.4,37),(292,24.9,21.8,16.6,20,18.8,292,82.1,45),(293,1496.1,7.7,5.3,17,9,293,1518.1,41),(294,466.7,31.6,8.1,24,18.3,294,524.7,11),(295,312.8,48,10.5,42,6.5,295,377.8,5),(296,729.6,15.1,9.5,30,14.8,296,769,18),(297,759.1,8.6,7.1,42,12.4,297,787.2,6),(298,589.6,40.7,14.3,26,8.6,298,653.2,42),(299,1077.2,8.5,3.9,12,10.7,299,1100.3,13),(300,978.7,9.3,7.8,28,10.7,300,1006.5,21),(301,1058.8,47.9,7.7,21,12,301,1126.4,38),(302,1323.6,15.2,11.8,21,17.7,302,1368.3,28),(303,251.9,29.8,6,12,13,303,300.7,28),(304,113.4,36.4,15.6,4,6.3,304,171.7,42),(305,1120.9,47.5,6.5,27,6.9,305,1181.8,49),(306,1457.7,29.9,8.2,27,15.9,306,1511.7,39),(307,388.1,23.7,3.9,5,7,307,422.7,42),(308,1264,30.7,6.3,23,12.2,308,1313.2,39),(309,350.5,21.8,5.2,43,14.7,309,392.2,39),(310,950.4,30.9,19,23,18.9,310,1019.2,21),(311,1202.7,11.8,18.4,35,17.2,311,1250.1,16),(312,239.2,22.1,17,50,13.8,312,292.1,4),(313,173.1,23.7,5.6,48,6.1,313,208.5,40),(314,87.8,43.9,8.2,49,10.1,314,150,6),(315,1294.7,17.3,16.5,25,13.2,315,1341.7,41),(316,943.3,46.3,17.8,39,5.3,316,1012.7,6),(317,208.9,11.2,9,16,13.9,317,243,30),(318,350.7,13.9,3.6,7,16.3,318,384.5,39),(319,819.7,15.7,6.9,50,15.5,319,857.8,11),(320,716.3,31.7,3.4,28,12.1,320,763.5,45),(321,910.1,28,18.4,17,17.4,321,973.9,25),(322,605.4,5.5,18.1,7,7.9,322,636.9,25),(323,65.5,10.3,18.1,18,15.5,323,109.4,48),(324,1042.4,23.8,6,22,10.1,324,1082.3,23),(325,547.2,30.9,16.9,17,8.5,325,603.5,31),(326,1189,44.2,5.5,2,15.8,326,1254.5,40),(327,1399.4,30.8,5.7,15,14.4,327,1450.3,38),(328,1160,39.3,9.5,5,9.2,328,1218,39),(329,1185.5,39.5,18.9,6,19.1,329,1263,6),(330,829,40.1,5.4,2,9.5,330,884,38),(331,62.9,24.1,13.5,11,14.9,331,115.4,23),(332,848.1,40.6,19.1,1,8.3,332,916.1,25),(333,57.8,14.5,4.1,24,17.8,333,94.2,44),(334,482.7,23.4,14.8,38,5.8,334,526.7,3),(335,433.3,38.3,15.5,4,12.9,335,500,32),(336,24,31.3,3,14,15,336,73.3,23),(337,1486,49.7,3.8,17,15.7,337,1555.2,46),(338,53.8,18.5,17.8,10,12.3,338,102.4,10),(339,455.5,35.7,6.4,10,9.8,339,507.4,44),(340,358.9,30.3,15.7,9,6.7,340,411.6,47),(341,433.1,25.7,18.5,6,12.3,341,489.6,9),(342,377,23.5,7.8,50,13.2,342,421.5,43),(343,409,21.1,7.5,3,10.6,343,448.2,35),(344,426,34.5,8.3,28,18,344,486.8,40),(345,572.7,48.2,19,7,5.3,345,645.2,12),(346,79.6,30.9,19.8,13,17.2,346,147.5,10),(347,963.4,31.1,6.4,35,13.5,347,1014.4,25),(348,1011.1,21.6,9.9,23,14.3,348,1056.9,28),(349,909.3,40.8,4.1,8,12.2,349,966.4,47),(350,617.2,38.5,9.3,43,6.4,350,671.4,14),(351,529,38.1,6.5,38,9.1,351,582.7,13),(352,154.6,36.4,16.8,3,16.6,352,224.4,7),(353,857.4,28.9,18.4,10,15.9,353,920.6,28),(354,161.7,5.3,11.9,11,19.5,354,198.4,27),(355,1272.6,23.3,5.5,45,8.5,355,1309.9,48),(356,94.9,15.5,7.8,50,9.9,356,128.1,1),(357,1344.6,25,16.7,25,16.2,357,1402.5,34),(358,315.6,39.7,17.2,26,8.7,358,381.2,41),(359,529.5,18,5,32,10.2,359,562.7,31),(360,656.2,8.1,15.6,43,9,360,688.9,16),(361,1359.2,13.1,13.8,18,11.1,361,1397.2,24),(362,657.8,15.4,14.7,13,12.4,362,700.3,15),(363,249.8,42.2,9.9,47,18.2,363,320.1,7),(364,1233.4,23.9,6.3,15,7.4,364,1271,20),(365,206.5,16.2,4,46,17.8,365,244.5,10),(366,734.2,25.4,12.8,23,18.6,366,791,18),(367,1030.9,20.4,11,12,17.1,367,1079.4,44),(368,174.3,40,7.5,1,7.6,368,229.4,15),(369,1124.9,32.7,4.9,33,11.7,369,1174.2,21),(370,277.6,19.2,11.4,7,5,370,313.2,9),(371,1483.8,17.4,4.7,23,15.4,371,1521.3,9),(372,1133.6,39.2,3.9,14,8.1,372,1184.8,46),(373,1210,29.9,8.3,27,14.5,373,1262.7,23),(374,1490.9,18.6,13.5,40,15.5,374,1538.5,6),(375,559.4,32,16.8,41,11.3,375,619.5,16),(376,1174.5,21.8,9,1,14.6,376,1219.9,23),(377,96.7,16.4,15.1,39,8.4,377,136.6,41),(378,1077.7,17.6,5.3,13,8.8,378,1109.4,18),(379,792,20.9,9.8,11,8.1,379,830.8,19),(380,1064,29.5,8.9,48,17.4,380,1119.8,49),(381,38.7,46.8,16.9,9,18.1,381,120.5,12),(382,513.2,12.7,4.6,7,9.6,382,540.1,22),(383,448.7,7,2.9,30,11.6,383,470.2,27),(384,152.7,45.9,13,38,8,384,219.6,49),(385,682,8.7,6.8,37,20,385,717.5,5),(386,811.1,6,17.5,38,5.5,386,840.1,35),(387,20.5,35.3,5.8,32,5.4,387,67,1),(388,348.8,38.7,4.5,22,11.8,388,403.8,4),(389,1307.6,21.4,10.6,26,19,389,1358.6,42),(390,348.3,24.9,14.7,49,17.9,390,405.8,41),(391,429.8,30.4,10.5,35,16.7,391,487.4,45),(392,1043.3,43.8,12.3,30,15.1,392,1114.5,3),(393,1355,47.1,11.2,45,9.7,393,1423,33),(394,217.3,21.1,17.6,43,9,394,265,40),(395,456.8,34.9,16.8,15,19.1,395,527.6,31),(396,748.2,19.7,12.3,26,17.6,396,797.8,32),(397,342.5,9.9,15.9,7,17.3,397,385.6,12),(398,1207.2,25.3,11.4,18,11.6,398,1255.5,47),(399,297.1,8.9,3.4,25,10.4,399,319.8,23),(400,1398.4,20.4,14.6,25,6,400,1439.4,4),(401,1163.2,48.7,4.1,28,16.4,401,1232.4,21),(402,875.2,7.5,4.8,12,14.8,402,902.3,18),(403,21.9,10.5,7.8,48,9.3,403,49.5,30),(404,915.1,30.3,14.1,18,17.2,404,976.7,49),(405,110.8,12.4,16.3,15,6.8,405,146.3,33),(406,1000.9,49.4,14.3,30,5.9,406,1070.5,15),(407,939.8,41.2,3.7,10,10.8,407,995.5,17),(408,687.7,44.9,9.9,15,18.7,408,761.2,18),(409,332.1,35.6,10.2,37,18.2,409,396.1,48),(410,1114.7,45,17.2,39,15.4,410,1192.3,16),(411,1230.6,12.6,14.7,38,10.6,411,1268.5,34),(412,853.3,20.7,9.9,5,12.2,412,896.1,40),(413,1330.9,20.3,18.6,17,8.6,413,1378.4,17),(414,998.4,34.9,5.3,42,17.3,414,1055.9,35),(415,151.8,31,16.9,27,11.9,415,211.6,43),(416,901.4,35.4,15.8,47,11,416,963.6,7),(417,449.8,21.1,16.6,2,15.9,417,503.4,33),(418,499.4,46.7,13.2,49,12.8,418,572.1,16),(419,896.1,27.2,13.5,44,11.3,419,948.1,30),(420,1145.6,6.4,9.8,8,12.9,420,1174.7,29),(421,722.1,35.6,8,50,14.6,421,780.3,11),(422,685.7,27.3,6.2,13,17.5,422,736.7,31),(423,919.8,22.3,17.1,23,7.3,423,966.5,42),(424,1036.1,31.9,18.1,9,15.9,424,1102,2),(425,220.9,37.1,19.3,23,18,425,295.3,10),(426,164.8,21.2,13.9,15,7.7,426,207.6,29),(427,1453.3,28.4,8.9,40,19.4,427,1510,34),(428,1133,8.5,6.2,39,5.7,428,1153.4,31),(429,1354.3,48.1,17.9,50,8.3,429,1428.6,28),(430,1374.5,6.9,13.8,24,10.3,430,1405.5,48),(431,1129.3,22.6,18.2,30,9.5,431,1179.6,34),(432,339.2,7.3,8.4,8,19.7,432,374.6,27),(433,854.2,45.2,16.7,40,19.4,433,935.5,49),(434,1246.1,7,16.9,36,10.4,434,1280.4,31),(435,830.2,29.7,16.3,4,13.3,435,889.5,36),(436,144.6,13.7,5.4,11,17.3,436,181,5),(437,964.9,26.2,13,8,11,437,1015.1,47),(438,811.8,9.9,3.2,12,6,438,830.9,7),(439,738.3,11.1,17.8,15,13.8,439,781,12),(440,1077.5,22,12.4,8,16.1,440,1128,33),(441,1183.2,35.6,3.8,20,15.8,441,1238.4,37),(442,681.8,7.4,8.7,23,18.9,442,716.8,40),(443,511.9,39.4,16.5,8,8.9,443,576.7,30),(444,359.6,6.4,7.6,24,10.3,444,383.9,25),(445,1194.2,40.6,16.9,47,16.3,445,1268,38),(446,878.5,32.9,3.5,7,9.2,446,924.1,31),(447,525.9,21.7,13,44,18.6,447,579.2,3),(448,343.9,49.8,8,10,7.5,448,409.2,35),(449,946,9,16.3,43,15.1,449,986.4,42),(450,682.2,11.3,4,28,6,450,703.5,4),(451,1492,22.3,8.3,26,13.7,451,1536.3,17),(452,479.9,40.4,14.5,38,13,452,547.8,39),(453,509.1,28.2,8.8,38,19.6,453,565.7,23),(454,196.7,36.9,10,22,12.1,454,255.7,25),(455,256.8,21.2,12.7,42,13.7,455,304.4,24),(456,254.5,18.1,19.8,16,19.9,456,312.3,19),(457,1291.3,20.5,12.6,49,12.3,457,1336.7,17),(458,378.8,27.3,9,46,14.8,458,429.9,9),(459,471.2,27.4,3.2,32,9.4,459,511.2,45),(460,1277.8,45,12.6,25,12.2,460,1347.6,14),(461,337.5,47.4,19.6,32,15.8,461,420.3,43),(462,535.3,44.7,10.4,15,11,462,601.4,33),(463,1391.1,49.4,10.4,44,9.4,463,1460.3,5),(464,1107.4,33.1,18.5,50,5.1,464,1164.1,4),(465,1381.2,8.9,5.7,44,17.2,465,1413,36),(466,1462.2,22.2,10.9,1,16.3,466,1511.6,27),(467,1063.6,25.5,5.8,22,12.6,467,1107.5,43),(468,848.1,31.2,4.8,36,14.8,468,898.9,42),(469,626,46.7,10.3,14,11.7,469,694.7,46),(470,527.6,28.1,3.9,39,12.8,470,572.4,38),(471,247.6,20.2,7.4,1,14.6,471,289.8,38),(472,1429.5,18.4,7.5,48,12.9,472,1468.3,44),(473,982.2,26.2,17.7,14,13.9,473,1040,17),(474,944.3,15.6,10.9,15,19.1,474,989.9,30),(475,136.7,33.6,2.7,16,5.1,475,178.1,18),(476,1222.5,28,8.6,7,19.9,476,1279,28),(477,1469.8,41.1,7.3,7,12.1,477,1530.3,24),(478,946.5,17.7,13.5,4,12.7,478,990.4,48),(479,1234.6,26.3,7.7,43,18.5,479,1287.1,37),(480,1094.3,45.5,19.6,19,7.3,480,1166.7,20),(481,752.4,48.7,16.7,31,13.8,481,831.6,40),(482,496.1,32.6,4.6,3,10.3,482,543.6,44),(483,511,14.3,13.6,35,14.4,483,553.3,17),(484,1404.7,24.9,13.3,31,9.5,484,1452.4,2),(485,383.5,16.2,13.6,9,19.8,485,433.1,6),(486,1166.4,9.8,4.8,23,6.5,486,1187.5,2),(487,452.9,29.7,8,22,9.7,487,500.3,20),(488,468.7,40.6,19.1,45,6.2,488,534.6,7),(489,410,37.1,6,19,17.9,489,471,26),(490,211.8,49.8,7.3,40,7.5,490,276.4,24),(491,86.6,5.6,14.6,48,6,491,112.8,14),(492,1175.9,48.6,8.4,27,5.3,492,1238.2,3),(493,1479.4,44.1,8.3,36,16.2,493,1548,29),(494,579.1,29.6,17.9,35,14.3,494,640.9,37),(495,646,26.7,16.5,42,14,495,703.2,19),(496,930.2,37.2,16.2,28,16.4,496,1000,6),(497,1475.6,21.2,2.5,33,5.6,497,1504.9,37),(498,199.8,5.5,5.9,8,12,498,223.2,41),(499,1341.4,25.6,12.5,44,14.5,499,1394,1),(500,43.9,16.1,13.1,26,14.9,500,88,17),(501,1411.1,43.2,16.4,6,11.9,501,1482.6,45),(502,488.1,27,18.6,1,19.1,502,552.8,28),(503,457.3,46.3,10.2,28,18.2,503,532,21),(504,964.8,5.3,2.1,43,13.1,504,985.3,46),(505,1161.7,13.4,3.9,14,18.4,505,1197.4,48),(506,811.1,42.3,6,45,7.9,506,867.3,27),(507,1055.9,12.1,16.1,4,8.3,507,1092.4,21),(508,186,6.1,15.4,25,8,508,215.5,15),(509,1417.6,11.2,19.6,38,16.4,509,1464.8,31),(510,1380.4,30.1,15.8,5,17.4,510,1443.7,48),(511,969.6,19.7,13,37,12.2,511,1014.5,5),(512,1187.5,27.7,18,30,13,512,1246.2,48),(513,447.3,7.3,17.7,13,10.7,513,483,3),(514,903.4,16.8,13.6,44,7.1,514,940.9,2),(515,178.1,45.8,3.2,33,7.1,515,234.2,2),(516,111.1,14.1,3.7,1,7.1,516,136,35),(517,1322.1,14.2,12.3,45,8.1,517,1356.7,17),(518,1196.2,33.5,6.1,21,8.5,518,1244.3,37),(519,999.1,16.1,12.4,20,15.1,519,1042.7,4),(520,440.3,5.1,11.6,43,10.4,520,467.4,7),(521,970.8,21,2.4,7,15,521,1009.2,33),(522,297.2,26,14.7,31,9.7,522,347.6,32),(523,659.8,6.9,19.6,43,14.1,523,700.4,43),(524,888.2,31.8,19.5,8,15.6,524,955.1,9),(525,1343.8,15.1,11.2,19,18.8,525,1388.9,1),(526,1392.8,17.7,17.1,3,18,526,1445.6,5),(527,973.9,26.6,16.9,38,19.4,527,1036.8,1),(528,963.3,46.1,12.5,12,16.6,528,1038.5,19),(529,1113.8,44.9,17.8,44,8.3,529,1184.8,40),(530,531.9,31.6,18.5,49,11.2,530,593.2,24),(531,371.7,40.8,13.4,9,11.3,531,437.2,3),(532,415.2,36.4,7.7,42,10.9,532,470.2,41),(533,975.2,16,2.3,4,18.1,533,1011.6,46),(534,1266.5,20.3,16,44,10,534,1312.8,13),(535,313.6,11.9,12.8,10,13,535,351.3,49),(536,145.9,8.2,14.2,2,17.1,536,185.4,19),(537,329.5,12.5,18.4,22,6.6,537,367,11),(538,1281.9,19.6,8.3,49,6.9,538,1316.7,16),(539,1178.9,31,17,16,11.4,539,1238.3,32),(540,1037,11.2,19.3,45,10.2,540,1077.7,47),(541,1286.8,33,18.4,12,8.3,541,1346.5,18),(542,1066.5,27.6,9.8,35,18,542,1121.9,35),(543,820.9,45.3,14.1,15,7.5,543,887.8,1),(544,882.8,36.6,8.7,50,6.6,544,934.7,28),(545,882.9,26.4,6.3,1,11.1,545,926.7,10),(546,568.4,18.9,17.7,45,19.4,546,624.4,15),(547,1470.1,33.1,13.7,1,16.7,547,1533.6,11),(548,1419,42.3,17.2,48,18.5,548,1497,21),(549,981.7,18,16.7,36,11.5,549,1027.9,36),(550,354.7,24.2,3.6,36,13.3,550,395.8,43),(551,1056,13.1,11.4,41,10.6,551,1091.1,24),(552,735.2,25.9,16.1,45,15.4,552,792.6,38),(553,499.5,28,12.2,3,14.1,553,553.8,17),(554,1356,5.7,3.6,3,6.2,554,1371.5,22),(555,850.3,36.9,12.4,36,8.5,555,908.1,23),(556,834.3,29,3.8,17,17,556,884.1,38),(557,777.9,19.5,9.7,37,10,557,817.1,5),(558,1099.1,43.8,8,8,6.1,558,1157,27),(559,751.9,13.4,17.9,2,17.4,559,800.6,14),(560,334.6,13.1,16.6,31,8.4,560,372.7,49),(561,604.7,40.6,17.3,24,10.5,561,673.1,27),(562,680.2,34.7,19,3,14.2,562,748.1,30),(563,565.3,23.2,13,28,19.9,563,621.4,3),(564,927.6,33.2,16.8,2,12,564,989.6,22),(565,355.3,10,16,49,10,565,391.3,27),(566,1205.5,36,4.8,23,14,566,1260.3,10),(567,695,43.3,17.6,27,18.7,567,774.6,32),(568,446.2,48.4,18.5,46,6.5,568,519.6,7),(569,897.1,25.8,16.8,37,19.3,569,959,30),(570,1067.8,32.6,4.1,49,19.7,570,1124.2,25),(571,526.9,47.2,3.3,32,14.2,571,591.6,19),(572,75,50,4.9,39,14.7,572,144.6,38),(573,1468,10.8,6.4,18,13.9,573,1499.1,14),(574,662.4,7,8.4,24,12.4,574,690.2,3),(575,1391,28.6,10.3,44,19.5,575,1449.4,41),(576,1235.4,10.9,10.2,2,6.2,576,1262.7,5),(577,104.9,20.5,9.9,1,12.9,577,148.2,47),(578,485.1,5.6,11.3,11,8.4,578,510.4,49),(579,968.8,19.9,7.2,11,13.6,579,1009.5,18),(580,530.6,9.7,16.7,10,17.9,580,574.9,49),(581,834.8,34.7,14.4,10,15.4,581,899.3,26),(582,1408.8,18.8,19.2,8,6.4,582,1453.2,22),(583,609.8,23.1,15.2,5,5.7,583,653.8,39),(584,1386.7,7.4,14.2,5,8.8,584,1417.1,26),(585,1474.9,13,2.9,14,16.1,585,1506.9,36),(586,243.3,6.7,12.5,44,18.3,586,280.8,6),(587,453.6,22.2,12.9,5,15.5,587,504.2,17),(588,802.2,18.2,12.2,6,5.5,588,838.1,34),(589,791.3,32,4.1,39,16.1,589,843.5,41),(590,1460.4,7.2,15.6,14,17.8,590,1501,2),(591,660.6,6.1,3.4,17,9.1,591,679.2,18),(592,788.4,32.6,6.3,24,5.6,592,832.9,35),(593,1014.7,6.9,8.7,15,16.2,593,1046.5,46),(594,1335.6,28.8,11.3,47,9.8,594,1385.5,41),(595,128.9,21.4,10.2,28,5.3,595,165.8,37),(596,428.1,48.4,5.1,48,14.8,596,496.4,12),(597,369.7,49,13.6,23,10.4,597,442.7,28),(598,489.8,50,5.8,42,6.5,598,552.1,34),(599,787.1,6.3,3.4,49,15.8,599,812.6,30),(600,1072.6,23.2,6.7,6,18.3,600,1120.8,1),(601,70.1,7.7,11.8,10,19.4,601,109,9),(602,623,28.1,8.8,3,14.8,602,674.7,19),(603,1398.8,34.9,3.1,34,6.7,603,1443.5,16),(604,669.5,35.7,15.6,46,14.1,604,734.9,9),(605,446.6,13,18.5,29,11,605,489.1,34),(606,1256.8,30,7.6,24,16.6,606,1311,38),(607,583.2,9.9,8.5,17,12.1,607,613.7,14),(608,380,16.5,13.2,5,10.9,608,420.6,30),(609,42.5,23,14,10,7.8,609,87.3,23),(610,463.7,47.9,10.2,47,8.9,610,530.7,20),(611,687.1,28.4,18.9,46,15.8,611,750.2,5),(612,1351.9,44.6,9.2,4,17.8,612,1423.5,27),(613,1312.9,21.6,4.5,47,10.4,613,1349.4,16),(614,1077.5,28.1,13.5,25,16.1,614,1135.2,19),(615,1280.2,14.5,19.1,23,8.2,615,1322,10),(616,1130.5,31.8,11.8,33,8.4,616,1182.5,24),(617,848.8,48.1,14.1,26,14.3,617,925.3,36),(618,32.1,42.6,12,25,16.7,618,103.4,1),(619,1181.2,32.8,18.4,28,6.5,619,1238.9,4),(620,1396.5,12.8,16.6,5,17.4,620,1443.3,47),(621,378,25.7,7.4,50,15.9,621,427,45),(622,959.1,19.7,6.5,44,7.1,622,992.4,12),(623,815.3,46.7,19.8,44,12.6,623,894.4,25),(624,607.5,48.1,6.2,29,7.7,624,669.5,6),(625,1212.4,19.8,3.5,3,19.5,625,1255.2,11),(626,180.6,49.6,14.5,33,19.4,626,264.1,15),(627,1202.3,15.7,9.5,36,11.4,627,1238.9,28),(628,164.3,28.8,10.8,33,5.2,628,209.1,48),(629,761.5,47.6,8,50,17.5,629,834.6,19),(630,226.6,28.5,8.8,11,19.8,630,283.7,19),(631,568,12.1,17.1,49,10.5,631,607.7,4),(632,175.4,14,18.5,38,5.9,632,213.8,21),(633,1056.1,7.9,6,49,14.6,633,1084.6,26),(634,1460.4,14.7,13.3,20,8.8,634,1497.2,7),(635,1117.8,9.8,15,20,10.5,635,1153.1,45),(636,477.5,46.3,9.7,19,13.5,636,547,49),(637,992.3,9.6,5.6,38,11.7,637,1019.2,23),(638,396.2,26.8,4.8,44,7.8,638,435.6,5),(639,285.1,15.5,17.4,2,19.8,639,337.8,47),(640,1143.9,21.1,9.4,16,7.5,640,1181.9,27),(641,1214,48.6,9.6,45,13.3,641,1285.5,6),(642,842,7.3,12.6,16,10.3,642,872.2,4),(643,835.2,39.5,10.8,4,6.2,643,891.7,13),(644,358.7,34.8,3.6,9,18.6,644,415.7,25),(645,588.8,32.5,8.3,6,7.2,645,636.8,20),(646,251.3,8.8,11.2,15,8.8,646,280.1,26),(647,553.3,44.7,14.9,35,6.1,647,619,41),(648,1198.5,8.6,11.1,45,18.8,648,1237,39),(649,602.5,13.8,9.1,13,13.8,649,639.2,31),(650,55.4,17.2,15.2,16,8.4,650,96.2,26),(651,394.7,43.9,11.5,31,8.2,651,458.3,49),(652,157.5,8.7,10.3,4,16.4,652,192.9,9),(653,792,35.8,7.3,29,16.7,653,851.8,6),(654,1279.7,8.1,8.8,37,18.7,654,1315.3,2),(655,909.4,34.7,3.4,31,10.3,655,957.8,27),(656,525.9,21.1,7.6,19,15.8,656,570.4,1),(657,1202.9,21.6,5.8,3,15.8,657,1246.1,32),(658,814.6,45.7,6.9,32,14.3,658,881.5,5),(659,1003.2,13.8,14.5,38,12.2,659,1043.7,39),(660,427,30,17.3,44,18.4,660,492.7,32),(661,709.2,32.8,8.8,48,20,661,770.8,21),(662,914.8,7.8,6.2,42,13.9,662,942.7,41),(663,842.1,20.5,15.7,38,10.9,663,889.2,29),(664,535.4,35.2,3.3,37,19,664,592.9,35),(665,110.2,28.4,7,20,18.2,665,163.8,12),(666,432.5,39.7,9.3,31,13.3,666,494.8,7),(667,1443,8.9,18.9,16,10.9,667,1481.7,33),(668,83.8,23.8,11.6,38,11.6,668,130.8,26),(669,519.3,23.6,19.6,39,14.9,669,577.4,28),(670,884.9,31.9,7.2,17,11.1,670,935.1,12),(671,1171.4,16.6,15.5,31,15.3,671,1218.8,48),(672,281,39.9,5.6,42,18.4,672,344.9,34),(673,1211.2,11.7,12.5,50,18,673,1253.4,1),(674,196.9,13.9,19.3,11,12.3,674,242.4,23),(675,235.8,23.8,8,37,8.2,675,275.8,16),(676,1240.8,12.9,10.3,45,16.6,676,1280.6,7),(677,1201.2,17.9,16.3,18,7.9,677,1243.3,28),(678,58.2,15.8,10.2,42,8.9,678,93.1,2),(679,278.3,29.9,10.9,47,16.7,679,335.8,25),(680,432,25.8,9.2,41,8.4,680,475.4,33),(681,238.2,28.3,2.6,33,11.5,681,280.6,20),(682,466.4,11,5.2,17,18.4,682,501,46),(683,1456.1,7.8,6.2,3,11.3,683,1481.4,28),(684,453.1,12.7,19.1,25,6.5,684,491.4,12),(685,1395.6,21,3,29,18.7,685,1438.3,28),(686,708.6,48.1,15.2,18,6.3,686,778.2,47),(687,1347,22.4,5.3,47,15.4,687,1390.1,36),(688,803.7,38.4,3,45,5.2,688,850.3,34),(689,599.7,29.7,13.9,38,9,689,652.3,21),(690,827.9,13,12.3,40,12.5,690,865.7,10),(691,333.2,22.4,18.9,4,9.3,691,383.8,41),(692,720.9,47.8,18.9,21,11.2,692,798.8,3),(693,1232.4,24.5,10.3,16,7.3,693,1274.5,6),(694,22.6,13.6,15.1,27,5.5,694,56.8,10),(695,650,34.8,4.4,49,5.7,695,694.9,47),(696,190.4,44.5,14.6,27,19.3,696,268.8,22),(697,82.3,13.6,3.3,25,6.4,697,105.6,27),(698,873.4,42.8,4.1,23,12.3,698,932.6,18),(699,956,32.2,2.9,9,8.1,699,999.2,38),(700,269.2,6.9,3.6,34,18,700,297.7,43),(701,1091.6,42.3,17.4,38,17.4,701,1168.7,32),(702,1227.5,42.8,18.3,48,12.9,702,1301.5,35),(703,968.9,28.9,15.6,15,7.3,703,1020.7,24),(704,419.6,46,2.6,21,18.4,704,486.6,6),(705,340,30.2,15,25,17.9,705,403.1,1),(706,975,12.6,19.3,4,14.1,706,1021,37),(707,1069,8.7,12.2,7,11.6,707,1101.5,4),(708,1384.5,24.1,4.5,18,5.9,708,1419,16),(709,1484.4,34.7,9.9,30,5,709,1534,39),(710,1495.8,36.7,17.5,11,9.2,710,1559.2,25),(711,491.8,22.7,18.3,16,19.1,711,551.9,11),(712,1032.5,12.6,5.8,29,9.2,712,1060.1,19),(713,1362.2,32.2,10.2,45,10.7,713,1415.3,29),(714,811.8,7.7,4.7,17,14.7,714,838.9,4),(715,1453.2,13.2,14.5,11,8.4,715,1489.3,10),(716,1305.4,15.9,2.3,26,8.2,716,1331.8,10),(717,409.4,39.1,15.2,27,14.4,717,478.1,37),(718,888.9,48.1,4.8,7,10.5,718,952.3,48),(719,969.4,44.2,13.9,18,5.4,719,1032.9,19),(720,1162.7,5.5,17.9,22,9.4,720,1195.5,43),(721,1039.1,37.2,16.8,44,13.1,721,1106.2,45),(722,1465.6,42.4,10.4,37,6.1,722,1524.5,41),(723,800.4,34.9,13.1,50,13,723,861.4,4),(724,117,15.6,8.5,44,15.7,724,156.8,26),(725,838.8,36,11,42,9.3,725,895.1,32),(726,598.4,7.2,11.9,7,10.9,726,628.4,12),(727,860,44.4,15.7,43,8.4,727,928.5,39),(728,903.4,39.5,9,38,12.8,728,964.7,21),(729,1276.5,48.5,5.9,7,16.3,729,1347.2,20),(730,975.5,34,10.2,43,18.6,730,1038.3,11),(731,539.4,29.8,14.3,18,13.8,731,597.3,35),(732,1373.5,10,10,25,13.6,732,1407.1,4),(733,439,47.5,13.2,25,18.5,733,518.2,1),(734,663.2,16.7,3.6,28,11.6,734,695.1,31),(735,965.9,35.6,16.4,14,8,735,1025.9,47),(736,641.8,5.7,3.9,13,13.8,736,665.2,7),(737,148.7,37,11.1,1,13,737,209.8,42),(738,423.8,35.5,9.7,22,8.3,738,477.3,33),(739,1307.2,28.1,7.8,27,16.5,739,1359.6,49),(740,389,13.3,16,6,19.5,740,437.8,37),(741,1370.5,15.7,2.8,46,6.8,741,1395.8,36),(742,1306.1,9.3,17.7,23,9.7,742,1342.8,17),(743,1424.7,39.6,18.8,24,5.1,743,1488.2,35),(744,648.4,44.5,5.1,48,15.3,744,713.3,47),(745,542.9,9.3,3.5,30,14.6,745,570.3,15),(746,87.4,9.5,14.9,13,13.7,746,125.5,47),(747,316.2,49,19.3,48,7.7,747,392.2,20),(748,1158.2,34,13.8,41,16,748,1222,2),(749,537.9,50,16.9,39,6.6,749,611.4,26),(750,254.7,38.8,8.7,25,16.8,750,319,21),(751,344.2,35.3,5,19,12.7,751,397.2,20),(752,262.8,47.3,11.1,8,17,752,338.2,13),(753,409.4,6.4,8.4,50,18.5,753,442.7,18),(754,134.7,33.1,14.4,49,7.6,754,189.8,45),(755,30.8,32.7,16.8,9,19.7,755,100,24),(756,70.8,19.1,7.3,44,16.3,756,113.5,17),(757,679.8,14.3,6.5,39,12.6,757,713.2,17),(758,979.3,46.1,6.7,48,14,758,1046.1,32),(759,1093.5,9.4,6.4,4,13,759,1122.3,15),(760,105.6,27.9,12.5,3,16,760,162,34),(761,640.7,21.1,9.9,22,18.5,761,690.2,11),(762,703.2,41.7,11.3,22,9.1,762,765.3,14),(763,785.6,49,2.8,33,16.8,763,854.2,39),(764,994.8,28.7,11.8,8,11.1,764,1046.4,17),(765,1042.6,20.3,3.5,25,12.3,765,1078.7,26),(766,955.8,17.2,3.7,39,10.1,766,986.8,1),(767,399.6,6.5,16.3,2,11,767,433.4,42),(768,1209.1,38.4,18,39,13.8,768,1279.3,1),(769,351.8,25.7,15.1,29,11.5,769,404.1,40),(770,490.6,6.5,11.6,40,17.1,770,525.8,2),(771,502.8,12.6,6.6,1,15.4,771,537.4,4),(772,1071.5,18.6,11,12,13.3,772,1114.4,32),(773,275.2,46.6,7.7,11,7.3,773,336.8,20),(774,1086.7,16.7,13.4,38,19.6,774,1136.4,26),(775,301.4,19.9,10.7,37,11.2,775,343.2,34),(776,333.6,23.4,16.8,32,5.3,776,379.1,9),(777,627.7,25.9,18.3,47,18.5,777,690.4,23),(778,344.3,45.3,2.6,30,18.8,778,411,27),(779,200.7,47.1,19.3,18,11.3,779,278.4,27),(780,405.9,13.9,16.9,16,17.1,780,453.8,22),(781,957.1,20.1,9.2,50,9.5,781,995.9,27),(782,853.4,37.8,17.6,41,8,782,916.8,9),(783,668.7,11.9,5.2,32,9.7,783,695.5,28),(784,604.4,17.6,9.8,40,7.1,784,638.9,40),(785,382.7,6.9,5.2,29,5.2,785,400,43),(786,804.1,24,7.5,37,13.9,786,849.5,11),(787,1425.8,22.7,13.9,29,13.1,787,1475.5,39),(788,241.5,22.3,9.1,41,18.7,788,291.6,33),(789,1322.9,34,14.3,37,17.1,789,1388.3,35),(790,241,46,4.7,50,13.4,790,305.1,28),(791,842.5,44.9,3.4,48,15.1,791,905.9,1),(792,348.6,43.3,15.2,16,12.1,792,419.2,24),(793,352.9,15.1,10.8,35,15.2,793,394,4),(794,797.3,49.8,11.1,50,13,794,871.2,34),(795,88.3,17.3,9.3,13,8.5,795,123.4,30),(796,679.2,14.8,8.6,21,15,796,717.6,4),(797,683.9,28.1,16.2,39,12.3,797,740.5,42),(798,1374,29.6,4.7,5,14.4,798,1422.7,44),(799,1163,24.1,14.2,31,9.6,799,1210.9,49),(800,1281.6,7.2,10.2,24,14.6,800,1313.6,22),(801,745.3,8,2.4,15,13.6,801,769.3,37),(802,1490.9,28.6,9.5,17,16.7,802,1545.7,41),(803,457.2,15.2,12,41,5.8,803,490.2,44),(804,1013,5.1,3.5,2,11.9,804,1033.5,13),(805,221.6,37.2,14.1,13,10.8,805,283.7,37),(806,1101.3,36.5,5.6,10,8.9,806,1152.3,49),(807,792.3,49,12.2,33,6.8,807,860.3,3),(808,139.6,34.1,6.3,1,5.5,808,185.5,21),(809,795.5,11.4,10,28,13.3,809,830.2,10),(810,1106.6,10.4,13.8,44,10.6,810,1141.4,26),(811,1034.2,26.2,14.9,50,18.6,811,1093.9,16),(812,735.5,29.9,12.9,44,17.3,812,795.6,26),(813,21.7,6.1,18.2,36,5.7,813,51.7,22),(814,694.4,19.9,6.8,25,16.1,814,737.2,14),(815,63.4,44.3,19.5,1,19.1,815,146.3,4),(816,1000,38.4,3.5,43,19.5,816,1061.4,48),(817,37.6,26.1,3.2,26,8.4,817,75.3,47),(818,377.8,20.7,10.1,17,7.3,818,415.9,48),(819,561.6,22.8,3.3,38,6.6,819,594.3,32),(820,213.9,14.1,2.9,21,5.5,820,236.4,29),(821,574.8,36,13.4,39,15.1,821,639.3,33),(822,1231.8,47.4,17.7,29,8.5,822,1305.4,38),(823,624.6,35.9,5.7,33,19.4,823,685.6,48),(824,999.7,36,2.9,22,12.8,824,1051.4,3),(825,1468.9,32.5,19,19,12.9,825,1533.3,19),(826,745.4,16.7,15.6,23,10.2,826,787.9,9),(827,1489.4,32.2,17.5,49,13,827,1552.1,40),(828,94.6,20.2,9.9,4,19.9,828,144.6,32),(829,607.3,9.2,15.7,38,6.6,829,638.8,12),(830,970.1,31.9,15,38,9.8,830,1026.8,36),(831,614.6,11.4,12.5,43,19.6,831,658.1,39),(832,1134.2,45.7,5.9,9,5.7,832,1191.5,34),(833,1123.2,22.4,19.6,36,11.1,833,1176.3,13),(834,130.2,31.1,12.6,8,15.8,834,189.7,16),(835,746.8,43.3,18.4,45,15.6,835,824.1,22),(836,109.7,48,16.9,47,18.6,836,193.2,40),(837,421.7,20.7,3.1,9,18.3,837,463.8,13),(838,299.4,14.9,13.8,4,6.8,838,334.9,3),(839,509,26.5,2.1,8,10,839,547.6,4),(840,60.7,38.1,10.8,44,10.9,840,120.5,5),(841,591.6,14.4,19.9,4,6.7,841,632.6,10),(842,1236.1,25.3,17.8,38,9.6,842,1288.8,31),(843,877.6,34.7,8,31,8.3,843,928.6,15),(844,30.7,18.5,6.2,48,6.2,844,61.6,13),(845,1312,48.9,13.5,20,11.5,845,1385.9,38),(846,1311.3,42.8,12.4,47,5.8,846,1372.3,33),(847,904.7,46.4,15.1,26,16.1,847,982.3,34),(848,171.4,28.6,17.7,13,12.9,848,230.6,14),(849,220.7,43.1,2.4,7,8,849,274.2,26),(850,679.1,36.4,2.1,5,13.3,850,730.9,33),(851,1077.1,47,9.6,33,18.1,851,1151.8,4),(852,995.8,21.1,5.2,23,9,852,1031.1,33),(853,1191.6,44.7,7.5,8,17.6,853,1261.4,22),(854,292.4,36.3,10.8,40,9,854,348.5,31),(855,556.3,20.4,11.9,49,6.4,855,595,45),(856,209.2,49.2,16.9,25,14.5,856,289.8,44),(857,770.1,14.3,19.2,35,7.9,857,811.5,33),(858,1207.9,12.4,19.6,47,13.2,858,1253.1,39),(859,1224.4,13.6,17.3,49,8.7,859,1264,37),(860,1256.2,33,6.3,49,15.5,860,1311,25),(861,33.1,40,11.3,18,6.5,861,90.9,30),(862,453,20.4,11.7,10,18.8,862,503.9,5),(863,973.6,21.8,14,1,8.8,863,1018.2,43),(864,412.1,38.7,11.8,25,10.7,864,473.3,14),(865,207.4,42.2,14.4,37,13.4,865,277.4,22),(866,336.6,13,9.9,35,14.3,866,373.8,7),(867,207.7,36.1,7.9,10,9.7,867,261.4,28),(868,526.6,49,12.9,20,9.3,868,597.8,31),(869,1498.4,45.5,10,13,17.7,869,1571.6,17),(870,350.3,48.8,14.5,6,19.3,870,432.9,27),(871,1282.9,11.5,5.9,40,15.9,871,1316.2,1),(872,1018.9,35.6,17.4,44,7.7,872,1079.6,39),(873,792.2,17.6,19.9,23,10.4,873,840.1,40),(874,1165.8,34.8,15.9,42,7.7,874,1224.2,4),(875,64.1,7.7,4.2,30,11.8,875,87.8,18),(876,650.8,20,5.7,7,19.6,876,696.1,46),(877,1246.2,46.4,18.4,9,5.5,877,1316.5,16),(878,1102.7,21.6,14.9,21,9.3,878,1148.5,18),(879,687.6,36.8,13.8,3,8.3,879,746.5,14),(880,1269,46.3,17.8,34,10.6,880,1343.7,20),(881,1092.3,43.5,7.4,5,6.2,881,1149.4,20),(882,706.8,20.9,16.7,17,13.4,882,757.8,31),(883,1018.1,47.8,7.6,16,15,883,1088.5,23),(884,781.6,33.8,13.9,27,6.6,884,835.9,41),(885,1413.7,22,16,39,13,885,1464.7,33),(886,239.3,46.9,17.5,12,7.7,886,311.4,46),(887,676.5,14.4,10.6,28,14.3,887,715.8,17),(888,296.1,5.9,17.6,41,18.6,888,338.2,34),(889,254,43.8,15.4,7,16.7,889,329.9,27),(890,1304.2,10.1,15.8,9,8.2,890,1338.3,24),(891,983.7,21.1,8,31,16.2,891,1029,19),(892,744.2,47.1,13.2,22,8.3,892,812.8,7),(893,414.9,35.7,17.4,43,14.2,893,482.2,5),(894,1264.5,9.4,15.8,50,19.3,894,1309,20),(895,1032.4,10.1,15,46,5.5,895,1063,2),(896,1150.5,35.2,8.3,6,9.6,896,1203.6,9),(897,1247.7,36,4.1,7,5.8,897,1293.6,37),(898,657.2,25.2,17.4,37,10.7,898,710.5,38),(899,915.9,12.2,12.7,13,17.2,899,958,24),(900,1198.9,36.2,17.4,24,10.8,900,1263.3,19),(901,1037.1,25.5,14.1,39,8.1,901,1084.8,48),(902,705.3,14.1,10.1,19,16.7,902,746.2,10),(903,1153.8,16.8,12,44,15.9,903,1198.5,22),(904,826.2,22.8,6.1,46,15.5,904,870.6,10),(905,1112.6,21.7,13.1,27,9.1,905,1156.5,14),(906,927.4,33.4,6.6,45,11.7,906,979.1,32),(907,938.3,25.9,17.3,46,6.2,907,987.7,2),(908,1059,14.1,7.1,8,5.9,908,1086.1,46),(909,553.3,46.6,4.4,4,8.9,909,613.2,15),(910,231,47.9,6.8,48,6.6,910,292.3,38),(911,490.2,28.8,4.9,21,6.7,911,530.6,27),(912,1369.5,42.4,6.1,50,8.3,912,1426.3,16),(913,1048.1,46.5,2.9,4,12,913,1109.5,1),(914,1202,5.5,18.8,17,5.7,914,1232,37),(915,964.5,37,12.6,14,15,915,1029.1,4),(916,995.9,11.8,8.5,42,8.8,916,1025,9),(917,835.4,28.7,16.8,37,18.1,917,899,5),(918,842,19.6,2.1,12,5.1,918,868.8,25),(919,772.7,25.5,18.3,17,6.7,919,823.2,42),(920,1380.2,20.9,3.4,21,10.7,920,1415.2,11),(921,188.4,33.9,13,37,15.5,921,250.8,18),(922,1046.4,40.8,11,37,10.5,922,1108.7,45),(923,815.9,21.5,8.8,19,8.4,923,854.6,6),(924,605,13.9,9.3,25,16.7,924,644.9,47),(925,388.3,29.1,8.9,7,9,925,435.3,40),(926,531.4,14.2,4.1,23,7.5,926,557.2,16),(927,1355.1,45,19.3,40,19.1,927,1438.5,21),(928,486.2,17.9,2.4,45,18.4,928,524.9,49),(929,875.1,42.7,19.3,32,6.3,929,943.4,33),(930,959.9,28.9,11.5,13,19.9,930,1020.2,18),(931,380.1,10.1,9.8,42,19.9,931,419.9,45),(932,1081.7,17.2,9.5,35,14.5,932,1122.9,18),(933,649.1,11.9,18,37,18,933,697,5),(934,82.7,49.8,16.1,19,7.8,934,156.4,31),(935,52,20.2,15.4,50,17.8,935,105.4,3),(936,1177.7,28.6,12.8,25,14.7,936,1233.8,48),(937,962,34.8,8.4,16,18,937,1023.2,11),(938,1439.4,17.8,6.1,3,19.8,938,1483.1,20),(939,33,15.5,4.2,42,10.2,939,62.9,37),(940,505.1,25.5,3.6,15,8.3,940,542.5,28),(941,920.9,35,8.5,46,19.8,941,984.2,27),(942,226.7,49,18.8,27,11.4,942,305.9,1),(943,192.3,15.1,2.2,33,14.6,943,224.2,17),(944,1038.8,26.4,17.8,1,16.3,944,1099.3,25),(945,1495,44.8,18.6,2,13.5,945,1571.9,48),(946,710.1,38,12.1,49,6.3,946,766.5,24),(947,1206.3,33.3,14.5,24,15.9,947,1270,46),(948,463.5,7.8,14.2,28,10.4,948,495.9,11),(949,95.7,18.4,11.8,21,15.7,949,141.6,32),(950,459.8,28.8,3.3,30,6.8,950,498.7,7),(951,740.3,10.2,12.9,46,18.1,951,781.5,42),(952,680.7,30,6.1,41,12,952,728.8,17),(953,1085.5,5.5,13,49,15.9,953,1119.9,23),(954,1263.9,7.4,16.3,18,19.2,954,1306.8,4),(955,349.9,5.9,3.7,35,9.9,955,369.4,48),(956,1197.3,40.8,12.5,6,8.2,956,1258.8,16),(957,1452.4,33.5,18.7,36,9.8,957,1514.4,13),(958,542.9,38.1,7.8,50,10.8,958,599.6,25),(959,822.3,27.4,7.2,44,16.6,959,873.5,47),(960,1401.9,15,3.8,41,9.3,960,1430,31),(961,657.9,31.6,10.2,31,17.9,961,717.6,49),(962,974.3,46.5,11,19,13.3,962,1045.1,15),(963,1237.6,27,5.5,43,19.7,963,1289.8,24),(964,84.9,40.7,15.3,9,13.9,964,154.8,40),(965,930.2,47.4,14.2,50,10.6,965,1002.4,17),(966,1316.9,11.4,7.3,19,14.5,966,1350.1,24),(967,1405.9,23.9,5.6,43,13,967,1448.4,2),(968,734.2,30,2.1,5,12.2,968,778.5,27),(969,749.4,14.3,10.8,23,17.8,969,792.3,40),(970,909.6,19.6,10.7,13,10.2,970,950.1,12),(971,433.3,32.1,8.4,17,15.7,971,489.5,24),(972,1158.3,32.9,6.7,50,8,972,1205.9,11),(973,972.6,38,3.2,31,16.4,973,1030.2,38),(974,1396.5,38,7.1,11,18.8,974,1460.4,26),(975,1065.5,7.2,17.8,38,15.3,975,1105.8,44),(976,1242.6,42.6,10.8,27,10.3,976,1306.3,48),(977,885.8,30.4,18.9,29,18.7,977,953.8,44),(978,393.2,37.7,5.2,40,19.7,978,455.8,17),(979,253.2,5.3,8.2,18,14.3,979,281,36),(980,246,23.4,11.8,21,10.8,980,292,27),(981,563.1,39.1,3,17,18.3,981,623.5,46),(982,1157.5,36.3,2.1,8,19.6,982,1215.5,24),(983,985.7,10.9,12.2,2,8,983,1016.8,3),(984,167.7,14.9,8.2,14,6.8,984,197.6,43),(985,1423.2,24.4,13.7,9,10.2,985,1471.5,47),(986,1493,31.2,7.1,39,19.6,986,1550.9,7),(987,67.7,33,2.4,26,16.2,987,119.3,3),(988,324.1,41.1,14.6,25,19.6,988,399.4,12),(989,243.3,19.9,19.3,15,19.1,989,301.6,35),(990,1066.5,49.5,19.3,11,8.3,990,1143.6,46),(991,1174.5,26.8,14.4,47,10.1,991,1225.8,7),(992,28,25.1,12.9,47,5.1,992,71.1,38),(993,948.9,5.8,5.3,21,10.8,993,970.8,34),(994,400.2,28.4,7.1,37,10.2,994,445.9,3),(995,550.9,31.2,5.7,3,8.1,995,595.9,46),(996,123,44.1,6.8,27,7.3,996,181.2,40),(997,1346.3,36,10.1,50,11.8,997,1404.2,4),(998,1335.2,13.1,6.3,2,15.5,998,1370.1,12),(999,502.9,45.7,8.5,14,17.4,999,574.5,11),(1000,1497.8,12.6,12.3,13,16.2,1000,1538.9,43);
/*!40000 ALTER TABLE `charge` ENABLE KEYS */;
UNLOCK TABLES;

--
-- Table structure for table `city`
--

DROP TABLE IF EXISTS `city`;
/*!40101 SET @saved_cs_client     = @@character_set_client */;
/*!50503 SET character_set_client = utf8mb4 */;
CREATE TABLE `city` (
  `city_ID` int NOT NULL,
  `city_name` varchar(255) DEFAULT NULL,
  `country_ID` int DEFAULT NULL,
  PRIMARY KEY (`city_ID`),
  KEY `country_ID` (`country_ID`),
  CONSTRAINT `city_ibfk_1` FOREIGN KEY (`country_ID`) REFERENCES `country` (`country_ID`)
) ENGINE=InnoDB DEFAULT CHARSET=utf8mb4 COLLATE=utf8mb4_0900_ai_ci;
/*!40101 SET character_set_client = @saved_cs_client */;

--
-- Dumping data for table `city`
--

LOCK TABLES `city` WRITE;
/*!40000 ALTER TABLE `city` DISABLE KEYS */;
INSERT INTO `city` VALUES (1,'Shengze',46),(2,'Darband',36),(3,'Frzbd',45),(4,'Grodkw',22),(5,'Santa Cruz',6),(6,'Pagnag',30),(7,'Banjar Delodrurung',33),(8,'Gunungjulang',31),(9,'Ciudad Choluteca',7),(10,'Kavalerovo',32),(11,'Coaticook',7),(12,'Borowno',26),(13,'Kadugadung',54),(14,'San Agustn',4),(15,'Badm',2),(16,'Qiashui',27),(17,'Pulangbato',55),(18,'Homeyo',14),(19,'Yelenendorf',11),(20,'Granada',56),(21,'Jacksonville',25),(22,'Pachr wa gm',36),(23,'Jiangwan',28),(24,'Ciudad Bolvar',38),(25,'Lapid',10),(26,'Muurla',13),(27,'Gombangan',54),(28,'Zhaodong',3),(29,'Min Channn',35),(30,'Sudimara',15),(31,'Toyokawa',20),(32,'sterbybruk',23),(33,'Poajewo',39),(34,'Placencia',45),(35,'Padre Las Casas',2),(36,'Capinzal',16),(37,'Levuka',3),(38,'Hng Yn',45),(39,'Wesoa',14),(40,'Kovsk',49),(41,'Lgota Wielka',34),(42,'Mari',22),(43,'Gaoan',22),(44,'Loo',47),(45,'Sidenreng',8),(46,'Sonicowice',1),(47,'Paizhou',18),(48,'Myski',56),(49,'Ziliang',34),(50,'Ngondokandawu',18),(51,'Tanglag',39),(52,'Karis',44),(53,'Sezemice',26),(54,'Shchuchin',30),(55,'Orleans',35),(56,'Cho-airong',28),(57,'Burauen',16),(58,'Rohacha',47),(59,'Bukama',38),(60,'Tiet',18),(61,'Majalengka',14),(62,'Sfax',37),(63,'Fulu',31),(64,'Orange',3),(65,'Shuangjie',7),(66,'Calada',48),(67,'Shuanghe',36),(68,'Huamachuco',52),(69,'Serere',31),(70,'Momignies',21),(71,'Nida',23),(72,'Puerto Guzmn',14),(73,'Kunice pod Ondejnkem',47),(74,'Liuhe',18),(75,'Rumenka',16),(76,'Pananaw',34),(77,'Juanshui',6),(78,'Estrada',50),(79,'So Mamede',19),(80,'Jaworzyna lska',54),(81,'Laironja',42),(82,'Sandur',41),(83,'Kakogawach-honmachi',8),(84,'Wilczyce',9),(85,'Albacete',36),(86,'Cololaca',29),(87,'Devitsa',54),(88,'Nyzen',23),(89,'Renshan',47),(90,'umice',15),(91,'Coronda',11),(92,'Abadou',17),(93,'Tsimkavichy',47),(94,'Iwatsuki',40),(95,'San Mariano',25),(96,'Abuochiche',49),(97,'Charat',22),(98,'Huolongping',29),(99,'Nhn Trch',46),(100,'Espinal',38),(101,'Stepnogorsk',43),(102,'Komsomolsk-on-Amur',7),(103,'Sacsamarca',3),(104,'Balagui',33),(105,'Huicheng',29),(106,'Xiaochengzi',48),(107,'Doudleby nad Orlic',54),(108,'Hongyang',31),(109,'Monteiro',43),(110,'La Jagua de Ibirico',7),(111,'Mashava',21),(112,'Triba',25),(113,'Seremban',41),(114,'Depok',9),(115,'Akwanga',45),(116,'entilj v Slov. Goricah',37),(117,'Shicheng',32),(118,'Timteo',45),(119,'Pathum Ratchawongsa',54),(120,'smayll',9),(121,'omianki',2),(122,'Shani',11),(123,'Shing',34),(124,'Gorno-Altaysk',18),(125,'Alegrete',18),(126,'La Rochelle',25),(127,'Wahang Dua',46),(128,'Genova',52),(129,'Aswan',25),(130,'Huotian',52),(131,'Hyesan-si',23),(132,'Los Crdobas',51),(133,'Wenceslau Braz',24),(134,'Drezdenko',19),(135,'Valejas',32),(136,'Daxing',12),(137,'Kokubu-matsuki',18),(138,'Yanggan',9),(139,'Wielgie',25),(140,'Behbahn',13),(141,'Piran',18),(142,'Mingshan',50),(143,'Sakai',27),(144,'Tagoloan',45),(145,'Hantang',38),(146,'Hushan',5),(147,'Bansko',33),(148,'Pappdos',18),(149,'Phoenix',27),(150,'Skrcz',33),(151,'La Azulita',44),(152,'Si Narong',29),(153,'Yliman',43),(154,'San Javier',42),(155,'Dobromice',42),(156,'Mulifanua',43),(157,'Dabu',31),(158,'Yangsi',49),(159,'Meica',51),(160,'Laszki',36),(161,'Brive-la-Gaillarde',19),(162,'Marangan',7),(163,'Rpina',22),(164,'Donja Dubica',48),(165,'Karangtengah',22),(166,'Corinto',2),(167,'Sloboda',41),(168,'Argayash',46),(169,'Tortosa',30),(170,'San Miguel',48),(171,'Shuangshan',19),(172,'Baizhu',9),(173,'Nieuwegein',52),(174,'Sidamulya Satu',24),(175,'Dbie',18),(176,'Linzi',39),(177,'Zigong',10),(178,'Pibyslav',27),(179,'Sarrebourg',27),(180,'Soi Dao',4),(181,'Heshui',45),(182,'Narutoch-mitsuishi',48),(183,'Raofeng',30),(184,'Cafe',2),(185,'Nikulino',5),(186,'Temayang',21),(187,'Huzhen',40),(188,'Bizhbulyak',43),(189,'Astyplaia',5),(190,'Zheshart',27),(191,'Bechatw',50),(192,'Sangba',1),(193,'Asemanis',48),(194,'Rio',38),(195,'Malk',22),(196,'Saravia',38),(197,'Turku',50),(198,'Patrang',2),(199,'Fuzhuang',25),(200,'Guruafin',19);
/*!40000 ALTER TABLE `city` ENABLE KEYS */;
UNLOCK TABLES;

--
-- Table structure for table `country`
--

DROP TABLE IF EXISTS `country`;
/*!40101 SET @saved_cs_client     = @@character_set_client */;
/*!50503 SET character_set_client = utf8mb4 */;
CREATE TABLE `country` (
  `country_ID` int NOT NULL,
  `region_ID` int DEFAULT NULL,
  `flag_icon` varchar(255) DEFAULT NULL,
  `country_name` varchar(100) DEFAULT NULL,
  PRIMARY KEY (`country_ID`),
  KEY `region_ID` (`region_ID`),
  CONSTRAINT `country_ibfk_1` FOREIGN KEY (`region_ID`) REFERENCES `region` (`region_ID`)
) ENGINE=InnoDB DEFAULT CHARSET=utf8mb4 COLLATE=utf8mb4_0900_ai_ci;
/*!40101 SET character_set_client = @saved_cs_client */;

--
-- Dumping data for table `country`
--

LOCK TABLES `country` WRITE;
/*!40000 ALTER TABLE `country` DISABLE KEYS */;
INSERT INTO `country` VALUES (1,1,'.../flag_icons/Canada.png','Canada'),(2,1,'.../flag_icons/United_States.png','United States'),(3,2,'.../flag_icons/Peru.png','Peru'),(4,2,'.../flag_icons/Brazil.png','Brazil'),(5,2,'.../flag_icons/Argentina.png','Argentina'),(6,2,'.../flag_icons/Colombia.png','Colombia'),(7,2,'.../flag_icons/Chile.png','Chile'),(8,2,'.../flag_icons/Ecuador.png','Ecuador'),(9,2,'.../flag_icons/Venezuela.png','Venezuela'),(10,2,'.../flag_icons/Bolivia.png','Bolivia'),(11,2,'.../flag_icons/Uruguay.png','Uruguay'),(12,3,'.../flag_icons/Germany.png','Germany'),(13,3,'.../flag_icons/United_Kingdom.png','United Kingdom'),(14,3,'.../flag_icons/Russia.png','Russia'),(15,3,'.../flag_icons/France.png','France'),(16,3,'.../flag_icons/Italy.png','Italy'),(17,3,'.../flag_icons/Spain.png','Spain'),(18,3,'.../flag_icons/Ukraine.png','Ukraine'),(19,3,'.../flag_icons/Poland.png','Poland'),(20,3,'.../flag_icons/Romania.png','Romania'),(21,3,'.../flag_icons/Netherlands.png','Netherlands'),(22,3,'.../flag_icons/Belgium.png','Belgium'),(23,3,'.../flag_icons/Greece.png','Greece'),(24,3,'.../flag_icons/Portugal.png','Portugal'),(25,3,'.../flag_icons/Sweden.png','Sweden'),(26,3,'.../flag_icons/Norway.png','Norway'),(27,3,'.../flag_icons/Denmark.png','Denmark'),(28,3,'.../flag_icons/Bahrain.png','Bahrain'),(29,3,'.../flag_icons/Iran.png','Iran'),(30,3,'.../flag_icons/Saudia Arabia.png','Saudia Arabia'),(31,3,'.../flag_icons/Jordan.png','Jordan'),(32,3,'.../flag_icons/Iraq.png','Iraq'),(33,3,'.../flag_icons/Oman.png','Oman'),(34,3,'.../flag_icons/United Arab Emirates.png','United Arab Emirates'),(35,3,'.../flag_icons/Lebanon.png','Lebanon'),(36,5,'.../flag_icons/Nigeria.png','Nigeria'),(37,5,'.../flag_icons/Egypt.png','Egypt'),(38,5,'.../flag_icons/Ethiopia.png','Ethiopia'),(39,5,'.../flag_icons/Algeria.png','Algeria'),(40,5,'.../flag_icons/South Africa.png','South Africa'),(41,5,'.../flag_icons/Morocco.png','Morocco'),(42,5,'.../flag_icons/Tunisia.png','Tunisia'),(43,5,'.../flag_icons/Sudan.png','Sudan'),(44,6,'.../flag_icons/Singapore.png','Singapore'),(45,6,'.../flag_icons/Pakistan.png','Pakistan'),(46,6,'.../flag_icons/Phillipines.png','Phillipines'),(47,6,'.../flag_icons/China.png','China'),(48,6,'.../flag_icons/Indonesia.png','Indonesia'),(49,6,'.../flag_icons/India.png','India'),(50,6,'.../flag_icons/Bangladesh.png','Bangladesh'),(51,6,'.../flag_icons/Veitnam.png','Veitnam'),(52,6,'.../flag_icons/Thailand.png','Thailand'),(53,6,'.../flag_icons/Laos.png','Laos'),(54,6,'.../flag_icons/Nepal.png','Nepal'),(55,7,'.../flag_icons/Australia.png','Australia'),(56,7,'.../flag_icons/New Zealand.png','New Zealand');
/*!40000 ALTER TABLE `country` ENABLE KEYS */;
UNLOCK TABLES;

--
-- Table structure for table `currency`
--

DROP TABLE IF EXISTS `currency`;
/*!40101 SET @saved_cs_client     = @@character_set_client */;
/*!50503 SET character_set_client = utf8mb4 */;
CREATE TABLE `currency` (
  `currency_ID` int NOT NULL,
  `currency_name` varchar(50) DEFAULT NULL,
  `currency_symbol` varchar(5) DEFAULT NULL,
  `country_ID` int DEFAULT NULL,
  `conversion_rate` float DEFAULT NULL,
  PRIMARY KEY (`currency_ID`),
  KEY `country_ID` (`country_ID`),
  CONSTRAINT `currency_ibfk_1` FOREIGN KEY (`country_ID`) REFERENCES `country` (`country_ID`)
) ENGINE=InnoDB DEFAULT CHARSET=utf8mb4 COLLATE=utf8mb4_0900_ai_ci;
/*!40101 SET character_set_client = @saved_cs_client */;

--
-- Dumping data for table `currency`
--

LOCK TABLES `currency` WRITE;
/*!40000 ALTER TABLE `currency` DISABLE KEYS */;
INSERT INTO `currency` VALUES (1,'Canadian Dollar','CAD',1,81.28),(2,'US Dollar','USD',2,1),(3,'Peruvian Sol','PEN',3,32.9),(4,'Brazilian Real','BRL',4,45.89),(5,'Argentine Peso','ARS',5,60.48),(6,'Colombian Peso','COP',6,49.14),(7,'Chilean Peso','CLP',7,77.32),(9,'Venezuelan Bolivar','VES',9,36.66),(10,'BBolivian Boliviano','BOB',10,7.96),(11,'Uruguayan Peso','UYU',11,92.16),(12,'Euro','EUR',12,1.2),(13,'British Pound','GBP',13,1.5),(14,'Russian Ruble','RUB',14,91.81),(15,'Ukrainian Hryvnia','UAH',18,6.46),(16,'Polish Zloty','PLN',19,94.34),(17,'Romanian Leu','RON',20,70.79),(18,'Swedish Krone','SEK',25,40.51),(19,'Norwegian Krone','NOK',26,10.52),(20,'Danish Krone','DKK',27,63.82),(21,'Bahraini Dinar','BHD',28,83.55),(22,'Iranian Rial','IRR',29,14.76),(23,'Saudi Rial','SAR',30,71.76),(24,'Jordanian Dinar','JOD',31,3.54),(25,'Iraqi Dinar','IQD',32,99.51),(26,'Omani Rial','OMR',33,47.84),(27,'UAE Dirham','AED',34,11.66),(28,'Lebanese Pound','LBP',35,77.56),(29,'Nigerian Naira','NGN',36,2.46),(30,'Egyptian Pound','EGP',37,51.87),(31,'Ethiopian Birr','ETB',38,53.9),(32,'Algerian Dinar','DZC',39,53.01),(33,'South African Rand','ZAR',40,17.47),(34,'Moroccan Dirham','MAD',41,9.32),(35,'Tunisian Dinar','TND',42,16.23),(36,'Sudanese Pound','SDG',43,34.2),(37,'Brunei Dollar','BND',44,71.12),(38,'Pakistani Rupee','PKR',45,73.47),(39,'Phillipine Peso','PHP',46,3.91),(40,'Renminbi','CNY',47,76.02),(41,'Indonesian Rupiah','IDR',48,59.91),(42,'Indian Rupee','INR',49,93.09),(43,'Bangladeshi Taka','BDT',50,63.34),(44,'Vietnamese Dong','VND',51,59.73),(45,'Thai Bhat','THB',52,68.46),(46,'Lao Kip','LAK',53,53.33),(47,'Nepalese Rupee','NPR',54,56.19),(48,'Australian Dollar','AUD',55,7.71),(49,'New Zealand Dollar','NZD',56,16.22);
/*!40000 ALTER TABLE `currency` ENABLE KEYS */;
UNLOCK TABLES;

--
-- Table structure for table `discount`
--

DROP TABLE IF EXISTS `discount`;
/*!40101 SET @saved_cs_client     = @@character_set_client */;
/*!50503 SET character_set_client = utf8mb4 */;
CREATE TABLE `discount` (
  `discount_ID` int NOT NULL,
  `discount_name` varchar(100) DEFAULT NULL,
  `discount_code` varchar(15) DEFAULT NULL,
  `discount_percentage` float DEFAULT NULL,
  `valid_till` date DEFAULT NULL,
  `use_count` int DEFAULT NULL,
  `discount_status` tinyint(1) DEFAULT NULL,
  PRIMARY KEY (`discount_ID`)
) ENGINE=InnoDB DEFAULT CHARSET=utf8mb4 COLLATE=utf8mb4_0900_ai_ci;
/*!40101 SET character_set_client = @saved_cs_client */;

--
-- Dumping data for table `discount`
--

LOCK TABLES `discount` WRITE;
/*!40000 ALTER TABLE `discount` DISABLE KEYS */;
INSERT INTO `discount` VALUES (1,'superstructure','48MTI',42,'2021-09-13',81,0),(2,'asymmetric','61RAG',36,'2021-12-29',76,0),(3,'hybrid','21AVS',51,'2022-01-24',6,1),(4,'contextually-based','47KJL',32,'2021-11-10',43,0),(5,'demand-driven','68SUT',30,'2021-09-22',11,0),(6,'attitude','91QWQ',12,'2023-03-13',10,1),(7,'real-time','44OWP',10,'2022-10-12',67,0),(8,'Devolved','41LYH',67,'2023-03-11',84,0),(9,'non-volatile','28PXY',28,'2023-01-11',23,0),(10,'background','12MEL',43,'2022-04-05',10,1),(11,'Object-based','00KCG',27,'2022-07-12',67,1),(12,'Synergized','13PBO',36,'2023-03-13',57,1),(13,'optimizing','80PIK',51,'2023-01-02',7,0),(14,'needs-based','61NIU',70,'2021-12-11',50,1),(15,'protocol','55NLT',49,'2023-01-30',48,0),(16,'multi-state','25DFS',64,'2022-01-10',0,1),(17,'model','22BIJ',38,'2022-05-24',18,0),(18,'Balanced','40MVB',56,'2022-03-19',51,0),(19,'stable','07CYH',32,'2022-07-22',17,1),(20,'Innovative','59MOW',27,'2022-11-25',60,0),(21,'secondary','12KCN',26,'2021-09-02',48,1),(22,'Upgradable','45PTW',22,'2021-12-30',31,1),(23,'object-oriented','51AQX',15,'2022-06-17',23,0),(24,'Right-sized','90MLB',65,'2022-10-17',81,1),(25,'Streamlined','84KPP',60,'2022-03-29',72,1),(26,'high-level','58IDN',46,'2022-08-07',15,1),(27,'national','10KSE',48,'2022-09-29',69,0),(28,'Monitored','21FIN',45,'2022-02-19',8,1),(29,'intangible','55IZH',57,'2022-02-25',86,1),(30,'Future-proofed','98AIP',5,'2022-01-17',84,1),(31,'De-engineered','57ZBO',54,'2022-06-10',85,1),(32,'standardization','98PWK',48,'2022-10-10',23,1),(33,'paradigm','19EUV',24,'2022-03-20',26,0),(34,'responsive','34KZI',26,'2021-11-01',59,1),(35,'Persistent','56HOT',29,'2022-12-02',12,1),(36,'intangible','34JUP',40,'2022-07-28',28,1),(37,'Switchable','83AGW',26,'2021-12-16',94,0),(38,'complexity','54GNS',8,'2023-03-12',87,0),(39,'multi-state','76NEJ',38,'2022-03-31',68,0),(40,'multi-tasking','51GNA',68,'2022-08-06',80,0),(41,'frame','55VMK',36,'2022-11-19',20,0),(42,'object-oriented','33HOX',59,'2022-07-20',30,1),(43,'6th generation','05QRG',46,'2021-09-21',49,0),(44,'challenge','55FEP',25,'2022-08-11',19,0),(45,'migration','20DCO',32,'2023-03-04',16,1),(46,'benchmark','77JRU',36,'2021-10-04',7,0),(47,'Devolved','99LKY',52,'2021-10-11',43,0),(48,'eco-centric','48ZRX',13,'2021-09-03',10,1),(49,'synergy','86VVY',18,'2022-05-23',67,0),(50,'Cross-group','15AZE',45,'2021-11-23',72,1);
/*!40000 ALTER TABLE `discount` ENABLE KEYS */;
UNLOCK TABLES;

--
-- Table structure for table `display_language`
--

DROP TABLE IF EXISTS `display_language`;
/*!40101 SET @saved_cs_client     = @@character_set_client */;
/*!50503 SET character_set_client = utf8mb4 */;
CREATE TABLE `display_language` (
  `language_ID` int NOT NULL,
  `language_name` varchar(100) DEFAULT NULL,
  `country_ID` int DEFAULT NULL,
  `dictionary_file` varchar(255) DEFAULT NULL,
  PRIMARY KEY (`language_ID`),
  KEY `country_ID` (`country_ID`),
  CONSTRAINT `display_language_ibfk_1` FOREIGN KEY (`country_ID`) REFERENCES `country` (`country_ID`)
) ENGINE=InnoDB DEFAULT CHARSET=utf8mb4 COLLATE=utf8mb4_0900_ai_ci;
/*!40101 SET character_set_client = @saved_cs_client */;

--
-- Dumping data for table `display_language`
--

LOCK TABLES `display_language` WRITE;
/*!40000 ALTER TABLE `display_language` DISABLE KEYS */;
INSERT INTO `display_language` VALUES (1,'English',2,'*.../files/dictionaries/english.dic'),(2,'French',15,'*.../files/dictionaries/french.dic'),(3,'German',12,'*.../files/dictionaries/german.dic'),(4,'Arabic',30,'*.../files/dictionaries/arabic.dic'),(5,'Spanish',17,'*.../files/dictionaries/spanish.dic'),(6,'Chinese',47,'*.../files/dictionaries/chinese.dic'),(7,'Russian',14,'*.../files/dictionaries/russian.dic');
/*!40000 ALTER TABLE `display_language` ENABLE KEYS */;
UNLOCK TABLES;

--
-- Table structure for table `dispute`
--

DROP TABLE IF EXISTS `dispute`;
/*!40101 SET @saved_cs_client     = @@character_set_client */;
/*!50503 SET character_set_client = utf8mb4 */;
CREATE TABLE `dispute` (
  `dispute_ID` int NOT NULL,
  `booking_ID` int DEFAULT NULL,
  `title` varchar(100) DEFAULT NULL,
  `dispute_description` varchar(100) DEFAULT NULL,
  `attachment` varchar(255) DEFAULT NULL,
  `status` varchar(50) DEFAULT NULL,
  PRIMARY KEY (`dispute_ID`),
  KEY `booking_ID` (`booking_ID`),
  CONSTRAINT `dispute_ibfk_1` FOREIGN KEY (`booking_ID`) REFERENCES `booking` (`booking_ID`)
) ENGINE=InnoDB DEFAULT CHARSET=utf8mb4 COLLATE=utf8mb4_0900_ai_ci;
/*!40101 SET character_set_client = @saved_cs_client */;

--
-- Dumping data for table `dispute`
--

LOCK TABLES `dispute` WRITE;
/*!40000 ALTER TABLE `dispute` DISABLE KEYS */;
INSERT INTO `dispute` VALUES (1,342,'Re-engineered national policy','Repair Pancreatic Duct, Via Natural or Artificial Opening','http://dummyimage.com/101x100.png/5fa2dd/ffffff','Cancelled'),(2,34,'Organic secondary system engine','Fluoroscopy of Other Veins using H Osm Contrast, Guidance','http://dummyimage.com/195x100.png/dddddd/000000','Cancelled'),(3,144,'Decentralized zero tolerance open system','Dilation of Pancreatic Duct with Intralum Dev, Open Approach','http://dummyimage.com/125x100.png/cc0000/ffffff','Resolved'),(4,945,'Monitored bi-directional capability','Removal of Ext Fix from L Femur Shaft, Perc Endo Approach','http://dummyimage.com/140x100.png/cc0000/ffffff','Cancelled'),(5,315,'Balanced regional adapter','Extirpation of Matter from L Int Mamm Art, Perc Approach','http://dummyimage.com/115x100.png/dddddd/000000','Cancelled'),(6,203,'Robust multi-state model','Change Packing Material on Left Inguinal Region','http://dummyimage.com/161x100.png/5fa2dd/ffffff','Denied'),(7,440,'Managed 6th generation firmware','Inspection of Right Tympanic Membrane, Percutaneous Approach','http://dummyimage.com/175x100.png/5fa2dd/ffffff','Denied'),(8,551,'Optional even-keeled emulation','Insertion of Monitor Dev into Cereb Vent, Perc Approach','http://dummyimage.com/163x100.png/dddddd/000000','Cancelled'),(9,721,'Organized multi-tasking website','Excision of Vagina, External Approach','http://dummyimage.com/138x100.png/ff4444/ffffff','Resolved'),(10,314,'Persistent heuristic secured line','Assistance with Respiratory Ventilation, >96 Hrs, CPAP','http://dummyimage.com/243x100.png/cc0000/ffffff','Denied'),(11,485,'Ameliorated responsive website','Inspection of Chest Wall, Open Approach','http://dummyimage.com/201x100.png/cc0000/ffffff','Resolved'),(12,77,'Re-engineered incremental workforce','Bypass R Atrium to R Pulm Art w Nonaut Sub, Perc Endo','http://dummyimage.com/121x100.png/dddddd/000000','Resolved'),(13,729,'Organic impactful architecture','Revision of Nonaut Sub in Diaphragm, Via Opening','http://dummyimage.com/218x100.png/dddddd/000000','Cancelled'),(14,731,'Future-proofed analyzing pricing structure','Drainage of Right Metacarpal, Percutaneous Approach, Diagn','http://dummyimage.com/213x100.png/cc0000/ffffff','Denied'),(15,259,'Synergized systematic migration','Extirpation of Matter from Left Renal Artery, Perc Approach','http://dummyimage.com/238x100.png/ff4444/ffffff','Active'),(16,541,'Ameliorated zero defect framework','Drainage of Bladder, Via Natural or Artificial Opening','http://dummyimage.com/140x100.png/5fa2dd/ffffff','Active'),(17,453,'Total multimedia core','Fusion 2-7 T Jt w Autol Sub, Post Appr A Col, Perc','http://dummyimage.com/195x100.png/5fa2dd/ffffff','Cancelled'),(18,446,'Synergistic cohesive function','Release Nasopharynx, Via Natural or Artificial Opening','http://dummyimage.com/111x100.png/cc0000/ffffff','Denied'),(19,83,'Open-source well-modulated circuit','Bypass Abd Aorta to B Renal A with Autol Vn, Open Approach','http://dummyimage.com/155x100.png/cc0000/ffffff','Resolved'),(20,84,'Visionary motivating customer loyalty','Removal of Intralum Dev from Mouth/Throat, Open Approach','http://dummyimage.com/220x100.png/cc0000/ffffff','Active'),(21,760,'Reduced non-volatile collaboration','Dilate of R Ant Tib Art with 4+ Intralum Dev, Perc Approach','http://dummyimage.com/114x100.png/cc0000/ffffff','Cancelled'),(22,916,'Pre-emptive high-level flexibility','Extirpation of Matter from Right Carpal, Perc Endo Approach','http://dummyimage.com/129x100.png/cc0000/ffffff','Denied'),(23,905,'Integrated uniform superstructure','Insertion of Other Device into R Axilla, Perc Endo Approach','http://dummyimage.com/225x100.png/cc0000/ffffff','Denied'),(24,37,'Customer-focused client-driven ability','Extirpation of Matter from Left Trunk Muscle, Perc Approach','http://dummyimage.com/122x100.png/5fa2dd/ffffff','Resolved'),(25,339,'Open-architected disintermediate time-frame','Beam Radiation of Mandible using Heavy Particles','http://dummyimage.com/103x100.png/5fa2dd/ffffff','Active'),(26,653,'Reverse-engineered needs-based structure','Release Right Femoral Shaft, Percutaneous Approach','http://dummyimage.com/161x100.png/ff4444/ffffff','Active'),(27,924,'Function-based mission-critical core','Revision of Intralum Dev in Pancreat Duct, Via Opening','http://dummyimage.com/207x100.png/cc0000/ffffff','Cancelled'),(28,232,'Customer-focused background portal','Fusion C-thor Jt w Nonaut Sub, Post Appr A Col, Perc','http://dummyimage.com/165x100.png/ff4444/ffffff','Resolved'),(29,796,'Automated needs-based open architecture','Revision of Neuro Lead in L Innom Vein, Extern Approach','http://dummyimage.com/223x100.png/ff4444/ffffff','Resolved'),(30,707,'Re-contextualized didactic adapter','Removal of Monitoring Device from Urethra, Open Approach','http://dummyimage.com/102x100.png/cc0000/ffffff','Denied'),(31,774,'Synergistic heuristic knowledge base','Insertion of Radioactive Element into Left Lung, Via Opening','http://dummyimage.com/104x100.png/cc0000/ffffff','Denied'),(32,246,'Fundamental responsive capability','Resection of Vestibular Gland, External Approach','http://dummyimage.com/217x100.png/5fa2dd/ffffff','Active'),(33,788,'Intuitive attitude-oriented conglomeration','Reposition L Frontal Bone with Int Fix, Perc Endo Approach','http://dummyimage.com/151x100.png/dddddd/000000','Cancelled'),(34,633,'Phased bifurcated interface','Extirpate of Matter from R Sphenoid Bone, Perc Endo Approach','http://dummyimage.com/154x100.png/dddddd/000000','Denied'),(35,945,'Customizable explicit collaboration','Repair Cisterna Chyli, Open Approach','http://dummyimage.com/243x100.png/cc0000/ffffff','Resolved'),(36,654,'Polarised heuristic monitoring','Reposition Right Foot Vein, Open Approach','http://dummyimage.com/203x100.png/cc0000/ffffff','Resolved'),(37,879,'Inverse mission-critical paradigm','Replacement of Pericardium with Nonaut Sub, Open Approach','http://dummyimage.com/103x100.png/cc0000/ffffff','Active'),(38,922,'Re-contextualized maximized alliance','Insertion of Infusion Device into Respiratory Tract, Endo','http://dummyimage.com/209x100.png/ff4444/ffffff','Active'),(39,516,'Decentralized modular architecture','HDR Brachytherapy of Esophagus using Iridium 192','http://dummyimage.com/135x100.png/5fa2dd/ffffff','Cancelled'),(40,991,'Synergized content-based installation','Reattachment of Left Upper Eyelid, External Approach','http://dummyimage.com/250x100.png/cc0000/ffffff','Resolved'),(41,147,'Down-sized fault-tolerant hub','Remove of Autol Sub from R Thumb Phalanx, Perc Endo Approach','http://dummyimage.com/190x100.png/dddddd/000000','Denied'),(42,651,'Digitized background structure','Supplement Buccal Mucosa with Autol Sub, Extern Approach','http://dummyimage.com/241x100.png/ff4444/ffffff','Resolved'),(43,547,'Exclusive 24 hour function','Drainage of Cerebral Meninges, Percutaneous Approach','http://dummyimage.com/188x100.png/dddddd/000000','Resolved'),(44,267,'Public-key foreground approach','Replace of R Knee Jt with Unicondyl, Uncement, Open Approach','http://dummyimage.com/163x100.png/dddddd/000000','Cancelled'),(45,70,'Devolved stable attitude','Sinus Vert Axis Rotation Assess w Vestib/Balance Equip','http://dummyimage.com/230x100.png/dddddd/000000','Cancelled'),(46,516,'Customizable reciprocal throughput','Dilation of Sigmoid Colon, Endo','http://dummyimage.com/100x100.png/ff4444/ffffff','Denied'),(47,729,'Fully-configurable clear-thinking approach','Restrict of R Com Carotid with Extralum Dev, Perc Approach','http://dummyimage.com/137x100.png/cc0000/ffffff','Resolved'),(48,178,'Operative dedicated system engine','Beam Radiation of Eye using Photons >10 MeV','http://dummyimage.com/236x100.png/cc0000/ffffff','Active'),(49,397,'Advanced discrete extranet','Drainage of R Knee Bursa/Lig, Perc Approach, Diagn','http://dummyimage.com/236x100.png/cc0000/ffffff','Cancelled'),(50,422,'Re-contextualized exuding archive','Beam Radiation of Colon using Electrons','http://dummyimage.com/216x100.png/ff4444/ffffff','Denied'),(51,887,'Monitored scalable capability','Restriction of Int Mamm, R Lymph, Open Approach','http://dummyimage.com/133x100.png/ff4444/ffffff','Resolved'),(52,124,'Enterprise-wide value-added website','Replacement of L Hepatic Duct with Autol Sub, Open Approach','http://dummyimage.com/235x100.png/5fa2dd/ffffff','Denied'),(53,76,'Open-architected maximized collaboration','Change Drainage Device in Cisterna Chyli, External Approach','http://dummyimage.com/235x100.png/5fa2dd/ffffff','Resolved'),(54,416,'Optimized radical utilisation','Revise Nonaut Sub in Sacrococcygeal Jt, Perc Endo','http://dummyimage.com/184x100.png/ff4444/ffffff','Resolved'),(55,51,'Stand-alone dynamic workforce','Supplement Bilateral Breast with Synthetic Substitute, Endo','http://dummyimage.com/176x100.png/5fa2dd/ffffff','Resolved'),(56,289,'Re-engineered holistic access','Destruction of Right Thorax Muscle, Perc Endo Approach','http://dummyimage.com/156x100.png/ff4444/ffffff','Denied'),(57,61,'Virtual incremental application','Release Right Metatarsal-Tarsal Joint, Percutaneous Approach','http://dummyimage.com/114x100.png/cc0000/ffffff','Denied'),(58,556,'Customizable hybrid intranet','Dilate L Foot Art, Bifurc, w 2 Intralum Dev, Perc','http://dummyimage.com/158x100.png/5fa2dd/ffffff','Resolved'),(59,731,'Monitored well-modulated help-desk','Introduction of Clofarabine into Central Vein, Open Approach','http://dummyimage.com/245x100.png/ff4444/ffffff','Denied'),(60,29,'Visionary 24/7 portal','Release Left Colic Artery, Percutaneous Endoscopic Approach','http://dummyimage.com/118x100.png/5fa2dd/ffffff','Cancelled'),(61,195,'Reduced systematic utilisation','Bypass R Subclav Art to L Up Arm Art, Open Approach','http://dummyimage.com/222x100.png/5fa2dd/ffffff','Resolved'),(62,663,'Synergistic coherent database','Dilate L Post Tib Art w 2 Drug-elut, Perc Endo','http://dummyimage.com/218x100.png/dddddd/000000','Denied'),(63,600,'Secured client-server architecture','Voice Assessment','http://dummyimage.com/226x100.png/cc0000/ffffff','Resolved'),(64,739,'Digitized optimizing encryption','Plaque Radiation of Buttock Skin','http://dummyimage.com/247x100.png/5fa2dd/ffffff','Resolved'),(65,963,'Right-sized dedicated knowledge user','Reposition Right Tibia, Percutaneous Approach','http://dummyimage.com/233x100.png/ff4444/ffffff','Active'),(66,670,'Quality-focused content-based support','Dilation of Right Peroneal Artery, Bifurc, Open Approach','http://dummyimage.com/239x100.png/dddddd/000000','Resolved'),(67,558,'Advanced well-modulated protocol','Revision of Drainage Device in R Hip Jt, Perc Approach','http://dummyimage.com/129x100.png/cc0000/ffffff','Active'),(68,885,'Quality-focused grid-enabled Graphic Interface','Supplement Esophagus with Synthetic Substitute, Endo','http://dummyimage.com/108x100.png/ff4444/ffffff','Resolved'),(69,174,'Expanded contextually-based circuit','Imaging, Skull & Facial Bones, CT Scan','http://dummyimage.com/145x100.png/dddddd/000000','Denied'),(70,334,'Object-based bi-directional strategy','Drainage of Right Vocal Cord, Via Opening, Diagn','http://dummyimage.com/161x100.png/dddddd/000000','Resolved'),(71,482,'Proactive optimizing capability','Chiropractic Manipulation of Thoracic Region, Non-Manual','http://dummyimage.com/142x100.png/5fa2dd/ffffff','Active'),(72,611,'Face to face local local area network','Removal of Int Fix from Lumsac Jt, Open Approach','http://dummyimage.com/197x100.png/ff4444/ffffff','Cancelled'),(73,37,'Automated neutral emulation','Drainage of Bilateral Fallopian Tubes, Percutaneous Approach','http://dummyimage.com/233x100.png/ff4444/ffffff','Active'),(74,387,'Team-oriented homogeneous solution','Inspection of Right Toe Phalangeal Joint, Open Approach','http://dummyimage.com/234x100.png/5fa2dd/ffffff','Cancelled'),(75,878,'Intuitive national paradigm','Destruction of Right Retinal Vessel, Percutaneous Approach','http://dummyimage.com/103x100.png/ff4444/ffffff','Denied'),(76,451,'Compatible empowering knowledge base','Transfuse of Nonaut Globulin into Central Art, Perc Approach','http://dummyimage.com/225x100.png/cc0000/ffffff','Cancelled'),(77,757,'Focused global infrastructure','Revision of Monitoring Device in Ureter, Endo','http://dummyimage.com/192x100.png/ff4444/ffffff','Resolved'),(78,755,'Streamlined systematic hardware','Supplement L Ext Iliac Vein with Nonaut Sub, Open Approach','http://dummyimage.com/250x100.png/5fa2dd/ffffff','Denied'),(79,65,'Open-source executive project','Drainage of Lumbar Vertebra, Percutaneous Approach, Diagn','http://dummyimage.com/197x100.png/5fa2dd/ffffff','Denied'),(80,775,'Robust modular contingency','Inspection of R Temporomandib Jt, Perc Endo Approach','http://dummyimage.com/226x100.png/dddddd/000000','Cancelled'),(81,236,'Optimized intangible open system','Excision of Left Foot Muscle, Percutaneous Approach','http://dummyimage.com/168x100.png/dddddd/000000','Cancelled'),(82,864,'Seamless uniform standardization','Bypass L Fem Art to Low Ex Art w Synth Sub, Perc Endo','http://dummyimage.com/173x100.png/5fa2dd/ffffff','Active'),(83,131,'Virtual multi-tasking access','Fluoroscopy of Thoracic Disc(s) using Other Contrast','http://dummyimage.com/126x100.png/ff4444/ffffff','Denied'),(84,141,'Multi-layered user-facing projection','Occlusion Mesenteric Lymph w Intralum Dev, Perc','http://dummyimage.com/142x100.png/5fa2dd/ffffff','Cancelled'),(85,961,'Face to face uniform internet solution','Dilation of Hepatic Artery with 2 Drug-elut, Perc Approach','http://dummyimage.com/216x100.png/ff4444/ffffff','Resolved'),(86,820,'Virtual human-resource pricing structure','Repair Conduction Mechanism, Percutaneous Approach','http://dummyimage.com/227x100.png/dddddd/000000','Active'),(87,855,'Synergistic maximized portal','Supplement R Int Iliac Art with Nonaut Sub, Open Approach','http://dummyimage.com/133x100.png/cc0000/ffffff','Denied'),(88,787,'Customer-focused disintermediate function','Removal of Synth Sub from Spinal Canal, Open Approach','http://dummyimage.com/114x100.png/5fa2dd/ffffff','Denied'),(89,31,'Organic holistic functionalities','Insertion of Ext Fix into R Thumb Phalanx, Open Approach','http://dummyimage.com/238x100.png/dddddd/000000','Denied'),(90,857,'Customer-focused responsive architecture','Extirpate matter from L Low Extrem Bursa/Lig, Perc Endo','http://dummyimage.com/141x100.png/cc0000/ffffff','Denied'),(91,355,'Inverse global infrastructure','Insert of Radioact Elem into R Low Leg, Perc Endo Approach','http://dummyimage.com/148x100.png/5fa2dd/ffffff','Resolved'),(92,110,'Persevering zero administration benchmark','Drainage of Right Hip Muscle, Open Approach, Diagnostic','http://dummyimage.com/217x100.png/cc0000/ffffff','Resolved'),(93,303,'Visionary background capacity','Release Right Eustachian Tube, Open Approach','http://dummyimage.com/166x100.png/5fa2dd/ffffff','Active'),(94,897,'Re-engineered cohesive ability','Radiation Therapy, Anatomical Regions, Beam Radiation','http://dummyimage.com/193x100.png/cc0000/ffffff','Resolved'),(95,320,'Secured bifurcated hub','Plain Radiography of Oth Up Art using H Osm Contrast','http://dummyimage.com/128x100.png/ff4444/ffffff','Resolved'),(96,934,'Decentralized content-based standardization','Inspection of Left Femoral Region, Open Approach','http://dummyimage.com/203x100.png/cc0000/ffffff','Denied'),(97,872,'Vision-oriented multi-state hub','Destruction of Left Foot Tendon, Open Approach','http://dummyimage.com/108x100.png/dddddd/000000','Cancelled'),(98,649,'Multi-lateral bandwidth-monitored leverage','MRI of Oth Vein using Oth Contrast, Unenh, Enhance','http://dummyimage.com/124x100.png/ff4444/ffffff','Denied'),(99,357,'Function-based demand-driven knowledge user','Removal of Synth Sub from L Metatarsotars Jt, Open Approach','http://dummyimage.com/240x100.png/ff4444/ffffff','Cancelled'),(100,315,'Down-sized hybrid budgetary management','Supplement Right Ulnar Artery with Synth Sub, Perc Approach','http://dummyimage.com/136x100.png/5fa2dd/ffffff','Active');
/*!40000 ALTER TABLE `dispute` ENABLE KEYS */;
UNLOCK TABLES;

--
-- Table structure for table `email_content`
--

DROP TABLE IF EXISTS `email_content`;
/*!40101 SET @saved_cs_client     = @@character_set_client */;
/*!50503 SET character_set_client = utf8mb4 */;
CREATE TABLE `email_content` (
  `email_ID` int NOT NULL,
  `email_subject` varchar(100) DEFAULT NULL,
  `email_content` varchar(255) DEFAULT NULL,
  `user_ID` int DEFAULT NULL,
  `language_ID` int DEFAULT NULL,
  PRIMARY KEY (`email_ID`),
  KEY `user_ID` (`user_ID`),
  KEY `language_ID` (`language_ID`),
  CONSTRAINT `email_content_ibfk_1` FOREIGN KEY (`user_ID`) REFERENCES `users` (`user_ID`),
  CONSTRAINT `email_content_ibfk_2` FOREIGN KEY (`language_ID`) REFERENCES `display_language` (`language_ID`)
) ENGINE=InnoDB DEFAULT CHARSET=utf8mb4 COLLATE=utf8mb4_0900_ai_ci;
/*!40101 SET character_set_client = @saved_cs_client */;

--
-- Dumping data for table `email_content`
--

LOCK TABLES `email_content` WRITE;
/*!40000 ALTER TABLE `email_content` DISABLE KEYS */;
INSERT INTO `email_content` VALUES (1,'syndicate innovative convergence','Balanced clear-thinking encoding',35,2),(2,'reinvent granular infomediaries','Phased upward-trending focus group',8,1),(3,'transition virtual e-tailers','Switchable foreground support',4,7),(4,'morph dynamic experiences','Function-based content-based artificial intelligence',28,1),(5,'disintermediate one-to-one metrics','Cross-platform maximized local area network',14,6),(6,'enhance bricks-and-clicks supply-chains','Face to face next generation secured line',53,3),(7,'evolve real-time deliverables','Automated attitude-oriented attitude',16,2),(8,'optimize sticky channels','Enhanced fault-tolerant challenge',79,2),(9,'recontextualize seamless e-business','Streamlined secondary Graphical User Interface',49,2),(10,'incentivize global eyeballs','Persistent client-server time-frame',87,1),(11,'matrix global applications','Front-line human-resource model',46,3),(12,'whiteboard integrated solutions','Multi-lateral 24/7 utilisation',50,4),(13,'exploit holistic technologies','Mandatory bi-directional Graphic Interface',73,5),(14,'syndicate back-end e-commerce','Inverse scalable moderator',87,6),(15,'envisioneer value-added architectures','Extended bandwidth-monitored solution',77,4),(16,'evolve mission-critical mindshare','Multi-lateral non-volatile installation',14,5),(17,'brand compelling bandwidth','Optional holistic installation',43,2),(18,'enhance interactive metrics','Down-sized demand-driven model',18,3),(19,'maximize customized web-readiness','Grass-roots needs-based product',47,4),(20,'generate intuitive synergies','Centralized client-driven intranet',33,3),(21,'implement B2B markets','Implemented systematic standardization',74,4),(22,'grow interactive systems','Business-focused dedicated standardization',80,6),(23,'enhance end-to-end networks','Cloned multimedia function',91,4),(24,'seize sexy content','Ergonomic stable hub',75,1),(25,'transition e-business e-markets','Profound 3rd generation groupware',54,3),(26,'exploit rich infrastructures','Multi-lateral incremental productivity',58,7),(27,'reintermediate cutting-edge systems','Profound full-range policy',91,3),(28,'innovate dynamic paradigms','Focused high-level forecast',10,1),(29,'disintermediate seamless action-items','Robust clear-thinking product',9,6),(30,'seize user-centric experiences','Extended human-resource productivity',90,5),(31,'recontextualize user-centric supply-chains','Versatile optimal structure',64,2),(32,'drive efficient niches','Streamlined foreground internet solution',70,1),(33,'repurpose collaborative markets','Switchable systemic project',36,5),(34,'evolve user-centric eyeballs','User-friendly local installation',18,5),(35,'incubate B2C experiences','Right-sized contextually-based local area network',40,3),(36,'embrace end-to-end infrastructures','Quality-focused fresh-thinking task-force',81,7),(37,'scale synergistic web-readiness','Monitored attitude-oriented core',57,1),(38,'target efficient markets','Profound demand-driven neural-net',71,3),(39,'iterate real-time convergence','Phased global solution',86,2),(40,'recontextualize leading-edge eyeballs','Adaptive encompassing projection',22,6),(41,'redefine 24/365 web-readiness','Synchronised 3rd generation strategy',2,1),(42,'whiteboard leading-edge markets','Up-sized radical alliance',59,5),(43,'whiteboard holistic paradigms','Synergized mobile toolset',99,5),(44,'reinvent robust metrics','Object-based 6th generation project',78,7),(45,'implement viral interfaces','Stand-alone logistical installation',69,3),(46,'expedite intuitive infrastructures','Quality-focused next generation extranet',9,4),(47,'aggregate proactive solutions','Decentralized foreground collaboration',49,3),(48,'visualize bleeding-edge synergies','Pre-emptive leading edge toolset',20,3),(49,'drive best-of-breed methodologies','Assimilated scalable superstructure',51,1),(50,'seize mission-critical action-items','Robust tangible protocol',89,2);
/*!40000 ALTER TABLE `email_content` ENABLE KEYS */;
UNLOCK TABLES;

--
-- Table structure for table `employee`
--

DROP TABLE IF EXISTS `employee`;
/*!40101 SET @saved_cs_client     = @@character_set_client */;
/*!50503 SET character_set_client = utf8mb4 */;
CREATE TABLE `employee` (
  `employee_ID` int NOT NULL,
  `employee_type` varchar(10) DEFAULT NULL,
  `access_level` int DEFAULT NULL,
  `title` varchar(50) DEFAULT NULL,
  `department` varchar(30) DEFAULT NULL,
  `join_date` date DEFAULT NULL,
  `user_ID` int NOT NULL,
  PRIMARY KEY (`employee_ID`),
  KEY `user_ID` (`user_ID`),
  CONSTRAINT `employee_ibfk_1` FOREIGN KEY (`user_ID`) REFERENCES `users` (`user_ID`)
) ENGINE=InnoDB DEFAULT CHARSET=utf8mb4 COLLATE=utf8mb4_0900_ai_ci;
/*!40101 SET character_set_client = @saved_cs_client */;

--
-- Dumping data for table `employee`
--

LOCK TABLES `employee` WRITE;
/*!40000 ALTER TABLE `employee` DISABLE KEYS */;
INSERT INTO `employee` VALUES (1,'4',3,'Structural Analysis Engineer','Accounting','2022-10-18',23),(2,'3',1,'Structural Analysis Engineer','Support','2022-03-05',26),(3,'3',4,'Computer Systems Analyst I','Research and Development','2021-11-05',28),(4,'5',1,'Developer IV','Human Resources','2022-04-20',29),(5,'1',3,'Financial Advisor','Human Resources','2022-04-16',32),(6,'1',1,'Recruiting Manager','Research and Development','2020-07-03',33),(7,'5',2,'Executive Secretary','Human Resources','2022-07-22',34),(8,'4',2,'Internal Auditor','Sales','2020-07-11',48),(9,'3',3,'Pharmacist','Human Resources','2021-02-25',56),(10,'5',4,'Executive Secretary','Business Development','2020-09-14',57),(11,'2',1,'Sales Associate','Marketing','2020-11-27',67),(12,'1',1,'Clinical Specialist','Marketing','2020-07-27',68),(13,'1',2,'Structural Engineer','Legal','2020-05-04',70),(14,'4',1,'Associate Professor','Services','2021-07-29',78),(15,'3',3,'Administrative Officer','Engineering','2021-08-25',90),(16,'5',2,'Paralegal','Human Resources','2020-11-17',92),(17,'5',4,'Environmental Specialist','Product Management','2022-02-17',93),(18,'3',4,'Office Assistant IV','Services','2022-07-08',94),(19,'4',1,'Sales Associate','Engineering','2022-08-11',95);
/*!40000 ALTER TABLE `employee` ENABLE KEYS */;
UNLOCK TABLES;

--
-- Table structure for table `guest`
--

DROP TABLE IF EXISTS `guest`;
/*!40101 SET @saved_cs_client     = @@character_set_client */;
/*!50503 SET character_set_client = utf8mb4 */;
CREATE TABLE `guest` (
  `guest_ID` int NOT NULL,
  `payment_info` varchar(50) DEFAULT NULL,
  `review_history` int DEFAULT NULL,
  `dispute_history` int DEFAULT NULL,
  `guest_rating` int DEFAULT NULL,
  `past_bookings` int DEFAULT NULL,
  `user_ID` int NOT NULL,
  PRIMARY KEY (`guest_ID`),
  KEY `user_ID` (`user_ID`),
  CONSTRAINT `guest_ibfk_1` FOREIGN KEY (`user_ID`) REFERENCES `users` (`user_ID`)
) ENGINE=InnoDB DEFAULT CHARSET=utf8mb4 COLLATE=utf8mb4_0900_ai_ci;
/*!40101 SET character_set_client = @saved_cs_client */;

--
-- Dumping data for table `guest`
--

LOCK TABLES `guest` WRITE;
/*!40000 ALTER TABLE `guest` DISABLE KEYS */;
INSERT INTO `guest` VALUES (1,'4041371239211',15,17,6,47,18),(2,'5108753531600561',19,3,7,56,51),(3,'5100139235592312',6,14,6,68,7),(4,'4041597095982938',6,17,6,22,27),(5,'374283726869456',4,9,2,25,77),(6,'5100136835472697',17,7,2,43,9),(7,'4017956512841723',2,17,5,72,52),(8,'4194331611993855',20,8,9,84,38),(9,'4041593221146',8,3,3,39,79),(10,'4041592572062122',19,14,2,56,80),(11,'374288856303770',12,20,5,21,24),(12,'372301033578941',18,13,9,60,83),(13,'371223060690269',10,15,2,46,1),(14,'5187360180917215',4,17,1,64,21),(15,'374283313622599',5,7,10,54,39),(16,'4041597448711',7,7,9,53,86),(17,'5108754687252561',9,4,7,47,31),(18,'349109994719713',1,14,7,36,50),(19,'337941276677142',18,16,8,60,82),(20,'337941492098032',17,5,4,20,89),(21,'5048378058532733',8,9,9,51,59),(22,'5569528080687959',2,17,5,77,12),(23,'5002357585432272',8,13,10,85,49),(24,'5100140628478028',7,7,4,94,11),(25,'372301570071870',16,14,9,32,3),(26,'5100176448218087',11,11,9,59,97),(27,'4017954076535',10,12,9,55,37),(28,'4017953905031',10,3,7,58,66),(29,'4041379006684964',3,2,6,57,42),(30,'5261806742382909',5,2,6,70,47),(31,'4638238354420',1,2,8,85,36),(32,'5100174681610953',18,6,4,77,10),(33,'4041598123263',17,18,6,32,22),(34,'4041592587240',18,7,4,70,46),(35,'4041595613911587',1,13,5,63,17),(36,'5383033491254212',13,7,9,81,77),(37,'372301828606477',3,14,7,69,45),(38,'4041374922430618',15,17,2,57,99),(39,'5100145382424811',6,4,2,44,91),(40,'348013904296393',12,9,7,50,15),(41,'372301759768387',1,16,6,52,81),(42,'5444606248353184',6,15,5,39,85),(43,'4041598279918300',6,10,4,38,55),(44,'5100136409072931',7,20,5,94,40),(45,'5536126219029936',14,17,6,32,87),(46,'4041597362151',17,9,7,44,98),(47,'5002352279016895',19,8,8,64,88),(48,'337941409199758',15,13,8,48,35),(49,'374283656587219',18,1,5,48,19),(50,'4314718159839067',18,9,5,77,58),(51,'4017951037985',7,19,3,57,16),(52,'5318088098052195',7,19,8,40,41),(53,'5129568125786310',17,5,9,29,53),(54,'5387781888001234',18,15,2,42,25),(55,'374622994542602',9,1,8,98,20),(56,'373372973230230',17,8,4,44,60),(57,'5108759234844547',14,11,9,90,61),(58,'5002353112658315',10,6,5,44,62),(59,'337941390459161',13,1,6,24,43),(60,'4041593506272',17,5,3,52,64);
/*!40000 ALTER TABLE `guest` ENABLE KEYS */;
UNLOCK TABLES;

--
-- Table structure for table `property`
--

DROP TABLE IF EXISTS `property`;
/*!40101 SET @saved_cs_client     = @@character_set_client */;
/*!50503 SET character_set_client = utf8mb4 */;
CREATE TABLE `property` (
  `property_ID` int NOT NULL,
  `property_name` varchar(100) DEFAULT NULL,
  `listing_date` date DEFAULT NULL,
  `property_description` varchar(255) DEFAULT NULL,
  `rating` float DEFAULT NULL,
  `property_media` varchar(255) DEFAULT NULL,
  `availability` tinyint(1) DEFAULT NULL,
  `size` varchar(50) DEFAULT NULL,
  `max_guests` int DEFAULT NULL,
  `rent` float DEFAULT NULL,
  `category_ID` int DEFAULT NULL,
  `address_ID` int DEFAULT NULL,
  `host_ID` int DEFAULT NULL,
  `room_count` int DEFAULT NULL,
  `bed_count` int DEFAULT NULL,
  `bath_count` int DEFAULT NULL,
  `ktchn_count` int DEFAULT NULL,
  PRIMARY KEY (`property_ID`),
  KEY `category_ID` (`category_ID`),
  KEY `host_ID` (`host_ID`),
  KEY `address_ID` (`address_ID`),
  CONSTRAINT `property_ibfk_1` FOREIGN KEY (`category_ID`) REFERENCES `category` (`category_ID`),
  CONSTRAINT `property_ibfk_2` FOREIGN KEY (`host_ID`) REFERENCES `property_host` (`host_ID`),
  CONSTRAINT `property_ibfk_3` FOREIGN KEY (`address_ID`) REFERENCES `address` (`address_ID`)
) ENGINE=InnoDB DEFAULT CHARSET=utf8mb4 COLLATE=utf8mb4_0900_ai_ci;
/*!40101 SET character_set_client = @saved_cs_client */;

--
-- Dumping data for table `property`
--

LOCK TABLES `property` WRITE;
/*!40000 ALTER TABLE `property` DISABLE KEYS */;
INSERT INTO `property` VALUES (1,'Rowland','2020-06-27','grow distributed e-commerce',3.2,'.../property/picture_library',0,'174.7',16,3305.98,5,42,10,8,13,2,3),(2,'Blackbird','2020-08-01','integrate viral users',3.5,'.../property/picture_library',1,'57.6',8,2024.93,4,38,5,9,7,5,2),(3,'Calypso','2021-11-18','empower B2C models',4.8,'.../property/picture_library',0,'326.1',3,297.6,5,136,20,3,19,5,4),(4,'Warbler','2021-01-27','productize B2B networks',4,'.../property/picture_library',1,'679.5',13,2540.36,3,70,14,18,6,4,4),(5,'Troy','2020-05-11','transform impactful solutions',4.4,'.../property/picture_library',0,'302.8',4,1810.85,4,128,15,1,3,3,1),(6,'Dennis','2020-01-13','evolve cutting-edge supply-chains',4.8,'.../property/picture_library',1,'839.9',11,1685.69,4,137,8,19,15,3,5),(7,'Artisan','2022-01-16','strategize strategic paradigms',4.5,'.../property/picture_library',0,'141.4',20,1185.55,1,6,9,3,18,4,5),(8,'Arkansas','2020-03-26','embrace interactive action-items',3.3,'.../property/picture_library',1,'269.7',14,4458.49,2,145,3,20,17,1,5),(9,'Del Mar','2022-10-07','exploit clicks-and-mortar e-tailers',3.1,'.../property/picture_library',0,'460.9',18,3628.45,1,113,6,1,9,5,1),(10,'Golden Leaf','2020-08-17','facilitate distributed methodologies',2.7,'.../property/picture_library',1,'256.1',2,3744.55,2,190,11,8,11,3,5),(11,'Center','2022-09-08','streamline holistic systems',3.7,'.../property/picture_library',0,'195.7',11,2035.58,4,84,16,4,4,5,4),(12,'Acker','2023-01-09','utilize holistic action-items',4.9,'.../property/picture_library',1,'65.0',14,658.69,1,61,5,19,2,1,5),(13,'Clove','2020-05-20','mesh proactive portals',3.7,'.../property/picture_library',0,'841.0',13,817.49,5,21,17,11,4,3,2),(14,'Florence','2020-10-10','synergize cross-platform e-commerce',3.4,'.../property/picture_library',1,'818.1',19,86.93,1,22,4,6,8,4,4),(15,'Ronald Regan','2022-07-10','optimize integrated synergies',3.7,'.../property/picture_library',0,'840.3',14,2019.31,5,122,12,1,7,5,3),(16,'Manitowish','2023-01-18','matrix innovative paradigms',2.6,'.../property/picture_library',1,'265.5',4,4521.51,2,187,16,12,4,4,4),(17,'Killdeer','2021-04-26','redefine impactful models',2,'.../property/picture_library',0,'744.3',5,544.23,1,68,16,4,12,5,2),(18,'Southridge','2022-02-10','disintermediate impactful technologies',2.7,'.../property/picture_library',1,'949.8',3,358.61,3,76,17,5,17,3,3),(19,'Ronald Regan','2021-07-12','redefine frictionless convergence',4.4,'.../property/picture_library',0,'557.4',11,2493.19,2,85,4,13,12,5,2),(20,'Lighthouse Bay','2021-01-31','integrate vertical supply-chains',4.1,'.../property/picture_library',1,'255.1',7,347.2,2,87,3,5,13,5,3),(21,'Barnett','2022-11-06','scale transparent convergence',2.2,'.../property/picture_library',0,'640.1',9,1774.58,5,175,9,17,1,5,5),(22,'Eagan','2022-04-18','transform back-end markets',2.5,'.../property/picture_library',1,'454.4',9,4633.34,5,5,10,4,18,3,1),(23,'Crescent Oaks','2022-08-29','empower B2B e-markets',4.6,'.../property/picture_library',0,'547.4',11,957.32,5,49,13,1,6,5,2),(24,'Scofield','2021-03-12','empower scalable communities',4.3,'.../property/picture_library',1,'524.4',20,1205.05,4,135,8,1,10,2,1),(25,'Monterey','2020-07-05','generate back-end markets',4.2,'.../property/picture_library',0,'45.4',15,4872.24,1,76,1,2,16,2,5),(26,'Caliangt','2023-02-15','leverage front-end niches',4.3,'.../property/picture_library',1,'600.9',6,3426.83,5,44,2,6,2,2,2),(27,'Mcbride','2020-11-18','reintermediate integrated experiences',3.4,'.../property/picture_library',0,'802.1',16,2730.4,1,13,12,9,20,5,1),(28,'Summit','2020-07-20','reintermediate extensible channels',3,'.../property/picture_library',1,'894.9',14,3251.62,5,151,10,5,18,5,5),(29,'Kings','2021-09-18','cultivate scalable partnerships',3.4,'.../property/picture_library',0,'292.5',19,1548.71,2,79,16,5,12,2,3),(30,'Hanson','2020-05-31','evolve visionary functionalities',3.2,'.../property/picture_library',1,'654.7',9,919.65,2,74,4,8,15,4,2),(31,'Service','2021-09-07','target compelling metrics',3.5,'.../property/picture_library',0,'129.6',12,1225.74,1,114,2,10,20,5,5),(32,'Briar Crest','2020-12-21','morph front-end interfaces',3.1,'.../property/picture_library',1,'141.0',18,1518.39,2,192,20,17,1,2,5),(33,'Pankratz','2020-01-14','matrix 24/365 web-readiness',3.6,'.../property/picture_library',0,'947.7',12,3113.93,3,132,7,15,9,3,5),(34,'Bellgrove','2020-08-12','scale robust partnerships',3.6,'.../property/picture_library',1,'551.5',10,548.32,2,5,11,11,5,2,1),(35,'New Castle','2020-09-02','recontextualize ubiquitous e-tailers',3.9,'.../property/picture_library',0,'486.6',19,1749.02,1,108,17,15,12,3,4),(36,'Maple Wood','2021-12-04','cultivate virtual architectures',4.6,'.../property/picture_library',1,'937.8',16,3994.1,4,75,12,16,17,1,2),(37,'Harbort','2020-04-10','engineer impactful architectures',4.8,'.../property/picture_library',0,'351.2',5,4855.97,1,192,9,19,15,5,5),(38,'Golden Leaf','2021-04-17','repurpose vertical platforms',2.1,'.../property/picture_library',1,'622.3',12,4785.63,3,163,11,1,17,4,3),(39,'Hanover','2021-03-18','scale vertical schemas',2.4,'.../property/picture_library',0,'895.6',10,2911.68,1,180,1,4,19,3,5),(40,'Kim','2022-09-04','embrace next-generation architectures',4.5,'.../property/picture_library',1,'47.2',18,4289,5,16,6,14,16,1,3),(41,'Forest Run','2020-10-06','facilitate killer initiatives',3.4,'.../property/picture_library',0,'480.6',5,3897.54,3,149,6,20,1,3,1),(42,'Golf','2021-02-08','streamline magnetic e-commerce',4.2,'.../property/picture_library',1,'690.4',5,4635.8,3,3,2,6,18,3,2),(43,'Elmside','2021-04-30','harness holistic applications',4,'.../property/picture_library',0,'361.6',3,817.33,4,165,16,11,13,4,2),(44,'Continental','2020-06-24','empower seamless technologies',2.3,'.../property/picture_library',1,'549.4',6,3867.09,3,98,13,10,19,5,3),(45,'Birchwood','2021-09-22','whiteboard ubiquitous architectures',2.3,'.../property/picture_library',0,'797.4',9,2710.2,2,177,10,12,19,2,5),(46,'Donald','2022-12-15','expedite bricks-and-clicks relationships',3.2,'.../property/picture_library',1,'633.2',2,2047.56,2,200,14,11,14,3,1),(47,'Victoria','2022-08-15','transform world-class markets',4.3,'.../property/picture_library',0,'859.1',5,3777.42,1,97,8,11,1,4,4),(48,'Mccormick','2020-02-08','innovate interactive architectures',4.1,'.../property/picture_library',1,'255.2',19,820.16,1,89,13,11,17,3,4),(49,'Bobwhite','2021-07-08','monetize clicks-and-mortar e-commerce',3.5,'.../property/picture_library',0,'180.0',4,2675.88,1,92,2,18,7,3,2),(50,'Elka','2020-06-06','matrix world-class e-commerce',4.5,'.../property/picture_library',1,'899.9',10,4105.43,2,104,7,17,12,2,1),(51,'Carey','2021-01-20','repurpose proactive infrastructures',4.3,'.../property/picture_library',0,'424.5',4,123.28,4,160,19,4,11,5,3),(52,'Alpine','2021-12-10','deliver best-of-breed paradigms',3,'.../property/picture_library',1,'203.5',7,4732.63,2,68,3,12,13,3,3),(53,'Shopko','2021-02-09','brand distributed platforms',4.3,'.../property/picture_library',0,'108.7',4,4528.79,1,172,2,14,9,3,4),(54,'Maryland','2021-06-04','synthesize leading-edge bandwidth',4.1,'.../property/picture_library',1,'644.2',16,2374.17,2,103,19,2,2,2,1),(55,'Lotheville','2022-03-24','syndicate value-added synergies',3.1,'.../property/picture_library',0,'465.3',7,1503.36,4,194,2,17,11,1,4),(56,'Sugar','2022-10-25','reintermediate real-time web-readiness',3.9,'.../property/picture_library',1,'907.6',5,4698.09,4,194,18,5,14,4,2),(57,'Northwestern','2020-08-26','whiteboard bricks-and-clicks convergence',3.1,'.../property/picture_library',0,'922.7',5,1878.99,3,150,16,19,18,5,2),(58,'Gerald','2020-03-19','enhance cutting-edge users',4.5,'.../property/picture_library',1,'136.1',12,2079.61,1,51,8,9,20,1,4),(59,'Carpenter','2020-01-31','expedite open-source web-readiness',4.1,'.../property/picture_library',0,'212.7',5,3070.58,5,189,2,17,3,4,3),(60,'Cascade','2020-01-12','repurpose ubiquitous experiences',3.3,'.../property/picture_library',1,'546.9',5,1021.99,3,55,8,17,7,5,5),(61,'Schurz','2020-07-30','brand 24/7 metrics',4.1,'.../property/picture_library',0,'526.3',8,216.88,4,134,10,5,19,5,4),(62,'Killdeer','2022-03-30','embrace 24/7 e-business',3.3,'.../property/picture_library',1,'851.6',14,1897.87,3,50,1,6,4,2,4),(63,'Vernon','2022-10-01','enable ubiquitous markets',3.8,'.../property/picture_library',0,'391.0',8,813.26,1,143,3,15,8,2,2),(64,'Bowman','2021-06-01','cultivate cutting-edge portals',2.9,'.../property/picture_library',1,'32.6',2,2070.03,3,114,10,16,13,2,4),(65,'Summit','2020-07-19','seize leading-edge deliverables',3.2,'.../property/picture_library',0,'96.8',19,541.9,4,191,19,3,4,3,2),(66,'Debs','2020-05-19','deploy revolutionary applications',3.3,'.../property/picture_library',1,'91.9',17,1242.99,1,20,15,16,11,2,1),(67,'South','2020-03-23','implement one-to-one experiences',3.1,'.../property/picture_library',0,'221.2',16,996.26,2,64,7,19,6,1,4),(68,'6th','2020-12-25','expedite clicks-and-mortar vortals',4.9,'.../property/picture_library',1,'91.8',3,727.57,1,69,6,11,5,1,4),(69,'Clyde Gallagher','2020-01-25','deliver best-of-breed eyeballs',3.9,'.../property/picture_library',0,'432.2',10,4614.98,3,21,4,17,12,4,4),(70,'Becker','2021-12-15','evolve visionary interfaces',2.9,'.../property/picture_library',1,'42.8',9,1255.12,3,175,5,8,13,3,5),(71,'Kinsman','2021-06-25','utilize strategic e-commerce',2.5,'.../property/picture_library',0,'797.0',9,4001.12,4,143,8,18,10,2,4),(72,'Nelson','2022-06-21','seize rich metrics',4.2,'.../property/picture_library',1,'157.3',20,2709.86,1,153,17,2,9,2,2),(73,'Clemons','2022-12-24','syndicate value-added e-services',3.2,'.../property/picture_library',0,'51.2',15,1993.76,4,45,14,9,18,4,3),(74,'Nobel','2021-02-24','exploit customized vortals',2.8,'.../property/picture_library',1,'807.8',14,3993.13,1,45,10,15,7,1,3),(75,'Almo','2020-10-04','reintermediate user-centric infrastructures',3.5,'.../property/picture_library',0,'414.9',11,4733.95,5,15,4,6,18,4,1),(76,'High Crossing','2022-05-05','brand user-centric partnerships',4.2,'.../property/picture_library',1,'967.5',17,1252.56,5,134,3,7,17,2,3),(77,'Toban','2020-03-26','mesh intuitive e-commerce',2.5,'.../property/picture_library',0,'964.2',16,2861.56,2,131,13,18,20,3,1),(78,'Hanson','2022-04-22','whiteboard cutting-edge methodologies',2.8,'.../property/picture_library',1,'753.3',2,3018.31,2,115,17,15,12,4,1),(79,'David','2020-06-06','orchestrate transparent applications',2.8,'.../property/picture_library',0,'960.8',8,2451.34,3,47,11,10,12,5,4),(80,'Dunning','2020-11-07','embrace bleeding-edge markets',2.2,'.../property/picture_library',1,'228.1',3,835.63,2,136,18,18,12,5,3),(81,'Melody','2020-10-12','exploit cutting-edge e-services',2.8,'.../property/picture_library',0,'330.9',2,1388.2,4,123,13,1,18,5,3),(82,'Oxford','2020-09-17','repurpose B2B initiatives',2.6,'.../property/picture_library',1,'57.6',2,465.04,3,114,16,12,1,1,5),(83,'Spaight','2022-12-05','scale B2C infrastructures',3.1,'.../property/picture_library',0,'199.6',10,953.41,3,198,7,10,12,4,4),(84,'4th','2022-03-27','reinvent magnetic solutions',4.7,'.../property/picture_library',1,'315.6',8,3707.64,2,108,1,13,20,1,1),(85,'Westridge','2021-08-31','extend distributed users',3.2,'.../property/picture_library',0,'88.4',15,4843.81,3,190,13,14,13,1,2),(86,'Carberry','2023-01-06','drive virtual channels',2.6,'.../property/picture_library',1,'780.2',5,2054.26,5,126,5,15,13,4,4),(87,'Kipling','2020-06-16','whiteboard synergistic users',3.9,'.../property/picture_library',0,'626.8',16,4571.46,1,65,5,14,12,1,1),(88,'Fairfield','2020-06-06','revolutionize visionary bandwidth',2.4,'.../property/picture_library',1,'916.0',20,348.48,3,40,13,17,15,5,5),(89,'Morning','2021-02-21','synergize turn-key infrastructures',4,'.../property/picture_library',0,'328.9',14,4893.5,1,116,10,9,20,3,5),(90,'Mandrake','2022-07-09','enhance sticky e-commerce',2.7,'.../property/picture_library',1,'696.7',11,1297.74,4,28,4,2,15,4,3),(91,'Tennessee','2020-05-25','harness turn-key communities',2.5,'.../property/picture_library',0,'987.4',2,2509.89,1,94,5,18,2,1,3),(92,'Granby','2020-12-29','engage efficient web-readiness',3.6,'.../property/picture_library',1,'780.3',3,626.1,1,74,14,14,18,1,4),(93,'Drewry','2020-12-22','harness open-source schemas',4.4,'.../property/picture_library',0,'622.8',18,4441.49,3,22,12,10,13,3,5),(94,'Summer Ridge','2021-02-02','architect global e-business',4.3,'.../property/picture_library',1,'914.0',6,3759.77,3,59,8,15,8,1,2),(95,'Bobwhite','2023-02-17','engage compelling action-items',2.3,'.../property/picture_library',0,'644.7',9,197.28,3,198,2,20,17,4,1),(96,'Arapahoe','2021-07-17','exploit cross-media platforms',2.4,'.../property/picture_library',1,'931.9',7,1166.8,4,157,18,19,13,5,2),(97,'Center','2021-03-22','reintermediate user-centric communities',4.9,'.../property/picture_library',0,'193.1',7,4535.15,4,96,9,11,6,1,2),(98,'Shelley','2021-04-22','incubate one-to-one partnerships',4.1,'.../property/picture_library',1,'618.1',16,1486.86,5,49,19,15,2,1,4),(99,'Golden Leaf','2022-06-20','unleash collaborative platforms',4.1,'.../property/picture_library',0,'77.7',16,1366.23,4,142,1,12,11,3,4),(100,'Eastlawn','2020-09-26','disintermediate best-of-breed infrastructures',2.3,'.../property/picture_library',1,'795.1',10,2933.65,3,157,15,17,6,1,4),(101,'Messerschmidt','2022-01-19','evolve one-to-one networks',2.1,'.../property/picture_library',0,'817.6',13,1599.72,4,140,1,2,18,4,2),(102,'Clarendon','2021-04-13','unleash sticky content',4.2,'.../property/picture_library',1,'643.6',3,373.96,4,119,10,10,8,1,2),(103,'Calypso','2020-01-16','synergize real-time bandwidth',2.2,'.../property/picture_library',0,'478.4',20,370.73,4,198,15,14,20,5,5),(104,'Boyd','2022-02-01','monetize value-added web services',4.3,'.../property/picture_library',1,'188.8',13,150.4,3,5,13,7,7,1,2),(105,'Vidon','2020-02-20','exploit cross-platform channels',3.5,'.../property/picture_library',0,'966.0',16,611.93,1,150,14,15,1,4,3),(106,'Burning Wood','2020-10-20','expedite efficient vortals',3.1,'.../property/picture_library',1,'120.3',6,3424.79,2,167,12,19,12,1,4),(107,'Corben','2022-05-29','exploit killer users',4.4,'.../property/picture_library',0,'243.4',19,4986.81,3,65,15,7,4,4,2),(108,'Chinook','2022-12-02','deploy scalable mindshare',3.8,'.../property/picture_library',1,'51.8',13,4544.44,5,161,4,2,15,5,3),(109,'Evergreen','2020-03-26','embrace proactive content',4.5,'.../property/picture_library',0,'476.5',7,1113.87,3,190,12,9,17,1,2),(110,'Cottonwood','2020-02-27','streamline one-to-one niches',3.7,'.../property/picture_library',1,'785.4',18,2969.09,5,26,14,3,6,4,3),(111,'Carberry','2021-08-20','e-enable back-end markets',3.1,'.../property/picture_library',0,'55.8',12,2607.5,4,95,2,18,12,4,4),(112,'Eastlawn','2021-07-26','repurpose cross-platform e-services',2,'.../property/picture_library',1,'494.6',10,3369.65,5,127,3,13,10,5,1),(113,'Tennyson','2020-05-30','recontextualize best-of-breed initiatives',4.3,'.../property/picture_library',0,'733.2',11,1808.37,5,87,5,1,11,1,1),(114,'Porter','2021-09-16','mesh killer e-tailers',3.9,'.../property/picture_library',1,'86.6',6,335.6,1,66,15,5,20,2,1),(115,'Holy Cross','2020-10-24','synergize 24/7 networks',2,'.../property/picture_library',0,'573.0',18,3188.29,4,112,13,19,4,3,2),(116,'Miller','2021-05-19','deploy 24/7 deliverables',4.9,'.../property/picture_library',1,'718.9',14,3982.42,4,95,9,4,2,3,3),(117,'Moland','2022-07-02','exploit bleeding-edge channels',3.4,'.../property/picture_library',0,'939.8',20,4916.23,3,178,12,20,20,5,4),(118,'Hooker','2022-02-16','synergize cutting-edge functionalities',4.9,'.../property/picture_library',1,'559.7',13,2635.71,2,179,14,18,17,5,3),(119,'Fair Oaks','2022-09-05','integrate extensible bandwidth',2.4,'.../property/picture_library',0,'125.6',15,1708.25,4,144,5,10,9,5,2),(120,'Pawling','2022-11-18','target compelling methodologies',3.1,'.../property/picture_library',1,'194.1',19,2210.69,3,60,7,9,1,3,2),(121,'Hooker','2021-01-30','enhance value-added e-services',2.1,'.../property/picture_library',0,'52.3',6,2715.58,4,122,14,2,3,1,4),(122,'Corry','2022-03-29','drive web-enabled action-items',2.1,'.../property/picture_library',1,'697.4',17,196.11,3,158,2,18,5,5,5),(123,'Fairfield','2020-09-07','transition real-time ROI',4.6,'.../property/picture_library',0,'111.3',19,3295.12,3,69,14,13,15,3,1),(124,'Waxwing','2021-03-04','integrate B2B technologies',4.1,'.../property/picture_library',1,'209.2',14,4690.42,3,68,3,6,5,4,4),(125,'Sycamore','2022-02-22','architect strategic functionalities',2.7,'.../property/picture_library',0,'53.8',13,1515.84,1,160,16,20,12,3,4),(126,'Arizona','2022-03-13','strategize strategic interfaces',2.7,'.../property/picture_library',1,'457.9',20,2367.8,5,46,18,5,10,3,4),(127,'Mccormick','2022-07-12','target revolutionary mindshare',2.1,'.../property/picture_library',0,'778.5',4,1668.29,4,180,18,13,3,1,2),(128,'Del Sol','2020-07-02','benchmark intuitive functionalities',3.2,'.../property/picture_library',1,'500.5',13,3765.33,3,85,17,16,13,2,3),(129,'Crest Line','2022-01-22','deliver frictionless schemas',3.9,'.../property/picture_library',0,'772.1',12,349.03,4,122,9,9,3,2,4),(130,'Sugar','2022-11-07','scale wireless mindshare',3.7,'.../property/picture_library',1,'831.5',18,776.38,3,85,11,6,20,1,1),(131,'Melody','2021-07-12','iterate cross-platform eyeballs',3.3,'.../property/picture_library',0,'243.9',16,3776.46,5,141,11,8,18,1,1),(132,'Morrow','2021-08-26','embrace e-business applications',3.2,'.../property/picture_library',1,'461.0',18,2144.68,1,163,2,5,5,3,3),(133,'Prentice','2022-07-02','matrix ubiquitous experiences',2.4,'.../property/picture_library',0,'907.6',8,921.22,1,28,14,16,11,5,2),(134,'Corry','2021-11-30','monetize real-time web services',2.5,'.../property/picture_library',1,'953.5',5,661.24,3,35,9,17,3,5,4),(135,'Rutledge','2020-11-12','innovate killer partnerships',4.7,'.../property/picture_library',0,'963.8',7,3775.08,3,7,8,8,5,2,5),(136,'Fisk','2021-10-09','transform visionary web services',4.4,'.../property/picture_library',1,'753.7',9,3701.46,2,24,20,18,9,4,2),(137,'Welch','2020-02-25','scale back-end convergence',4.6,'.../property/picture_library',0,'955.2',8,4212.6,4,95,3,11,10,5,2),(138,'Canary','2021-01-25','strategize real-time infrastructures',4.6,'.../property/picture_library',1,'201.8',13,2717.82,3,160,1,15,19,3,5),(139,'Forest Dale','2020-09-12','empower turn-key methodologies',4.4,'.../property/picture_library',0,'328.3',20,3665.46,1,144,20,8,4,5,2),(140,'Chive','2021-12-07','extend ubiquitous platforms',2.1,'.../property/picture_library',1,'211.4',18,2425.4,4,177,20,2,20,2,2),(141,'Morrow','2023-01-27','enable open-source mindshare',4.9,'.../property/picture_library',0,'732.6',17,206.76,2,80,4,15,7,1,2),(142,'Linden','2021-09-16','whiteboard turn-key applications',2.7,'.../property/picture_library',1,'683.4',3,1903.23,1,61,14,8,3,5,5),(143,'Graceland','2022-10-22','syndicate dynamic e-business',4.7,'.../property/picture_library',0,'966.7',4,4921.94,1,200,6,18,11,2,4),(144,'Sunbrook','2022-09-24','brand value-added ROI',2.5,'.../property/picture_library',1,'971.5',9,479.22,1,14,19,5,5,5,2),(145,'Starling','2020-04-26','deploy turn-key e-services',3,'.../property/picture_library',0,'700.4',16,2145.79,1,93,15,6,18,1,5),(146,'Merchant','2022-05-07','evolve ubiquitous solutions',3.3,'.../property/picture_library',1,'530.0',7,3064.13,4,46,3,3,1,1,5),(147,'Hintze','2021-12-26','recontextualize web-enabled niches',4.9,'.../property/picture_library',0,'758.4',3,918.81,5,61,15,7,7,1,2),(148,'Lotheville','2023-01-31','disintermediate customized relationships',4.6,'.../property/picture_library',1,'801.6',14,2215.44,1,94,20,9,15,1,5),(149,'Goodland','2021-03-27','repurpose bleeding-edge mindshare',4.1,'.../property/picture_library',0,'61.9',15,788.37,4,136,19,16,13,2,5),(150,'Mcguire','2020-04-04','orchestrate intuitive communities',2.2,'.../property/picture_library',1,'148.3',5,1508.39,1,67,15,3,18,4,4),(151,'Declaration','2021-06-20','visualize visionary mindshare',4.5,'.../property/picture_library',0,'385.1',4,2932.03,2,39,3,19,20,4,4),(152,'Park Meadow','2020-11-23','implement real-time ROI',2.9,'.../property/picture_library',1,'827.9',20,3344.79,2,94,11,17,2,2,4),(153,'Stang','2021-03-15','architect e-business architectures',2.1,'.../property/picture_library',0,'626.0',17,3518.86,1,134,14,12,5,1,2),(154,'Browning','2020-10-15','synergize visionary bandwidth',5,'.../property/picture_library',1,'196.6',15,4403.1,1,182,8,9,6,3,1),(155,'Scofield','2020-05-24','orchestrate cutting-edge infomediaries',3,'.../property/picture_library',0,'687.8',19,2247.57,4,151,13,5,8,3,5),(156,'Armistice','2022-04-28','benchmark robust models',3.8,'.../property/picture_library',1,'692.8',15,2095.62,3,199,5,4,17,3,5),(157,'Hallows','2020-06-18','orchestrate B2B mindshare',2.2,'.../property/picture_library',0,'906.6',2,4080.45,4,48,2,2,16,2,4),(158,'Maryland','2022-10-10','implement best-of-breed mindshare',2.2,'.../property/picture_library',1,'975.0',6,2577.07,1,100,15,15,6,5,4),(159,'Veith','2020-02-14','disintermediate world-class technologies',3.2,'.../property/picture_library',0,'212.1',7,4405.79,4,109,3,11,5,2,4),(160,'Donald','2020-03-31','transition efficient bandwidth',3,'.../property/picture_library',1,'936.1',11,2641.22,4,20,13,16,2,2,4),(161,'1st','2020-10-09','scale innovative infrastructures',4.2,'.../property/picture_library',0,'665.4',3,2058.25,1,130,2,5,20,4,1),(162,'Laurel','2021-05-07','integrate cross-media systems',2.3,'.../property/picture_library',1,'362.1',17,2596.92,2,37,13,9,12,1,2),(163,'Golden Leaf','2021-05-12','envisioneer vertical convergence',4.3,'.../property/picture_library',0,'908.7',19,4578.74,2,67,5,6,4,4,1),(164,'Elgar','2021-05-23','visualize 24/365 content',4.3,'.../property/picture_library',1,'990.1',4,3882.43,2,62,16,16,16,3,4),(165,'Mosinee','2021-08-16','synthesize killer bandwidth',4.4,'.../property/picture_library',0,'528.8',17,98.01,1,148,11,4,13,4,3),(166,'Fuller','2020-04-22','evolve magnetic technologies',4.5,'.../property/picture_library',1,'395.8',16,4505.5,3,46,12,12,2,5,3),(167,'Fair Oaks','2022-12-21','benchmark transparent interfaces',4.9,'.../property/picture_library',0,'721.0',15,4181.93,5,61,19,16,10,2,1),(168,'Independence','2020-10-30','transition global interfaces',2.6,'.../property/picture_library',1,'747.8',8,1657.34,2,108,1,2,20,5,4),(169,'International','2020-11-07','visualize revolutionary technologies',2.1,'.../property/picture_library',0,'722.0',2,4357.8,5,161,15,12,8,2,5),(170,'Fordem','2022-05-25','implement bleeding-edge web services',2.6,'.../property/picture_library',1,'566.7',15,1046.62,3,154,19,16,15,1,5),(171,'Eggendart','2021-06-29','optimize real-time portals',4.3,'.../property/picture_library',0,'736.6',16,1461.84,5,139,16,12,13,1,1),(172,'Marquette','2022-08-13','productize B2C niches',3,'.../property/picture_library',1,'183.8',8,644.65,4,3,5,5,10,2,2),(173,'Darwin','2020-06-04','enable ubiquitous e-commerce',3,'.../property/picture_library',0,'366.4',11,736.2,1,25,2,14,13,2,2),(174,'Chinook','2020-08-08','disintermediate enterprise relationships',2.6,'.../property/picture_library',1,'772.0',5,1437.15,1,17,14,13,8,5,2),(175,'Raven','2021-04-27','expedite value-added users',4.9,'.../property/picture_library',0,'44.7',8,551.39,1,96,14,11,4,2,2),(176,'Jenifer','2021-06-14','morph collaborative synergies',4.9,'.../property/picture_library',1,'953.8',11,911.25,2,107,9,4,12,2,3),(177,'3rd','2020-10-07','syndicate rich platforms',3.2,'.../property/picture_library',0,'107.0',5,4851.98,2,133,20,9,12,2,5),(178,'Independence','2021-01-15','enable rich vortals',4.4,'.../property/picture_library',1,'473.4',14,2761,4,167,12,20,17,5,3),(179,'Leroy','2021-07-11','enhance virtual applications',4.2,'.../property/picture_library',0,'384.0',8,2016.74,1,47,2,19,13,4,4),(180,'Hansons','2022-08-01','monetize frictionless applications',2.7,'.../property/picture_library',1,'444.2',9,545.75,4,155,3,10,10,5,1),(181,'Delladonna','2022-07-20','implement bleeding-edge e-services',2.3,'.../property/picture_library',0,'418.6',14,2741.97,2,61,8,13,4,3,1),(182,'Algoma','2021-08-08','seize cutting-edge solutions',4.6,'.../property/picture_library',1,'933.9',5,1496.35,2,25,14,15,4,1,5),(183,'Grim','2021-07-13','mesh compelling convergence',2.7,'.../property/picture_library',0,'665.3',7,3661.26,4,81,7,6,18,2,4),(184,'Derek','2020-09-25','synergize extensible infrastructures',3.7,'.../property/picture_library',1,'966.2',13,1986.76,2,14,2,19,16,2,4),(185,'Evergreen','2021-05-10','orchestrate global mindshare',4,'.../property/picture_library',0,'922.7',9,2840.43,2,161,19,13,1,4,4),(186,'Linden','2023-01-08','optimize virtual networks',3.4,'.../property/picture_library',1,'802.5',2,3196.87,3,167,5,1,15,5,3),(187,'West','2022-09-13','leverage end-to-end supply-chains',2.2,'.../property/picture_library',0,'456.0',5,2360.35,1,45,5,6,2,3,4),(188,'Bluestem','2020-07-10','utilize end-to-end functionalities',3.5,'.../property/picture_library',1,'931.1',12,2891.28,2,136,2,17,8,3,2),(189,'Merrick','2022-09-11','evolve interactive convergence',4.4,'.../property/picture_library',0,'337.6',17,4054.97,5,111,13,10,6,2,5),(190,'Charing Cross','2020-07-28','reintermediate one-to-one convergence',3.6,'.../property/picture_library',1,'719.8',17,2061.92,5,128,4,3,14,2,5),(191,'Artisan','2021-11-03','mesh wireless action-items',3.5,'.../property/picture_library',0,'511.2',15,632.68,5,128,19,7,18,3,4),(192,'Vernon','2021-05-12','disintermediate seamless technologies',4.2,'.../property/picture_library',1,'374.0',2,3329.47,1,54,11,19,15,5,2),(193,'Fairview','2021-04-26','monetize holistic e-business',2.2,'.../property/picture_library',0,'813.2',15,1822.86,4,51,14,11,4,1,4),(194,'Loeprich','2021-04-27','cultivate revolutionary deliverables',3.7,'.../property/picture_library',1,'747.6',4,4322.65,5,161,9,13,16,2,2),(195,'Sachs','2021-04-16','redefine visionary solutions',4.5,'.../property/picture_library',0,'377.8',19,73.9,3,180,6,11,16,3,2),(196,'Arizona','2021-04-29','integrate transparent relationships',3.5,'.../property/picture_library',1,'724.7',10,183.78,4,62,7,16,10,4,5),(197,'Veith','2022-12-27','utilize granular paradigms',3,'.../property/picture_library',0,'387.2',13,1134.98,3,160,9,16,12,1,5),(198,'Oneill','2022-08-20','transition distributed action-items',3.5,'.../property/picture_library',1,'960.1',6,4708.05,5,136,6,16,9,5,1),(199,'Fuller','2021-09-17','expedite magnetic e-services',5,'.../property/picture_library',0,'762.5',17,1657.02,4,107,12,12,18,4,1),(200,'Manitowish','2021-02-11','expedite bricks-and-clicks e-markets',4.5,'.../property/picture_library',1,'486.1',2,834.59,3,56,20,16,18,4,2);
/*!40000 ALTER TABLE `property` ENABLE KEYS */;
UNLOCK TABLES;

--
-- Table structure for table `property_host`
--

DROP TABLE IF EXISTS `property_host`;
/*!40101 SET @saved_cs_client     = @@character_set_client */;
/*!50503 SET character_set_client = utf8mb4 */;
CREATE TABLE `property_host` (
  `host_ID` int NOT NULL,
  `property_count` int DEFAULT NULL,
  `dispute_history` int DEFAULT NULL,
  `host_rating` int DEFAULT NULL,
  `avg_response_time` time DEFAULT NULL,
  `bank_info` varchar(50) DEFAULT NULL,
  `user_ID` int NOT NULL,
  PRIMARY KEY (`host_ID`),
  KEY `user_ID` (`user_ID`),
  CONSTRAINT `property_host_ibfk_1` FOREIGN KEY (`user_ID`) REFERENCES `users` (`user_ID`)
) ENGINE=InnoDB DEFAULT CHARSET=utf8mb4 COLLATE=utf8mb4_0900_ai_ci;
/*!40101 SET character_set_client = @saved_cs_client */;

--
-- Dumping data for table `property_host`
--

LOCK TABLES `property_host` WRITE;
/*!40000 ALTER TABLE `property_host` DISABLE KEYS */;
INSERT INTO `property_host` VALUES (1,5,40,1,'16:59:35','RO89 HMUA OOIB DQKS 1UNP GNX0',74),(2,16,25,5,'03:20:08','AD19 1979 0973 JRNB NKV2 WLDD',63),(3,17,21,9,'00:30:31','FR26 2780 4349 41RH YMUB 07EA M66',54),(4,5,24,8,'12:52:09','SE62 8249 5910 5784 1789 8560',14),(5,20,5,5,'23:01:27','FR83 7456 4525 31SZ NMLS WCEW P52',30),(6,1,36,2,'00:21:21','EE37 3971 8837 7946 8791',72),(7,16,3,5,'04:41:10','FR35 4334 4432 22BM XSK6 LXYF X29',73),(8,19,49,6,'19:59:18','FR45 3742 8645 07WY CMCA EZV2 C30',71),(9,9,8,7,'13:54:39','MD66 6KBN S6CH JPAC DQ7N ZTWK',75),(10,14,44,6,'12:02:15','LU58 779F KGUF NO6X G1X3',6),(11,18,12,2,'18:55:41','SK46 7860 7567 0832 7360 6855',76),(12,1,33,8,'10:08:17','MT60 CFLY 0997 7FRT KK1N O5JX 2ZBJ CGN',84),(13,16,32,9,'02:53:04','PK65 WUHS KQ8K IRRH FQ6X 5PHM',8),(14,18,23,8,'08:19:11','FR41 8858 8286 14H2 MH5J FHEI 421',65),(15,15,8,2,'16:29:34','FR24 1893 5042 49LX H1DM AM8E V82',69),(16,15,26,1,'23:13:18','PS90 LREF F0NX PK8C F5DA HWXF NCDI K',13),(17,7,22,8,'06:42:40','HU90 2229 2514 7816 2443 9603 0496',4),(18,3,7,5,'05:51:00','EE43 1514 5505 9420 3457',2),(19,2,30,8,'02:23:21','LT51 2338 6999 7413 5434',5),(20,7,21,4,'10:07:09','IT98 C452 8653 5651 TONP HMRH PY8',44);
/*!40000 ALTER TABLE `property_host` ENABLE KEYS */;
UNLOCK TABLES;

--
-- Table structure for table `region`
--

DROP TABLE IF EXISTS `region`;
/*!40101 SET @saved_cs_client     = @@character_set_client */;
/*!50503 SET character_set_client = utf8mb4 */;
CREATE TABLE `region` (
  `region_ID` int NOT NULL,
  `region_name` varchar(20) DEFAULT NULL,
  PRIMARY KEY (`region_ID`)
) ENGINE=InnoDB DEFAULT CHARSET=utf8mb4 COLLATE=utf8mb4_0900_ai_ci;
/*!40101 SET character_set_client = @saved_cs_client */;

--
-- Dumping data for table `region`
--

LOCK TABLES `region` WRITE;
/*!40000 ALTER TABLE `region` DISABLE KEYS */;
INSERT INTO `region` VALUES (1,'North America'),(2,'South America'),(3,'Europe'),(4,'Middle East'),(5,'Africa'),(6,'Asia'),(7,'Australia');
/*!40000 ALTER TABLE `region` ENABLE KEYS */;
UNLOCK TABLES;

--
-- Table structure for table `review`
--

DROP TABLE IF EXISTS `review`;
/*!40101 SET @saved_cs_client     = @@character_set_client */;
/*!50503 SET character_set_client = utf8mb4 */;
CREATE TABLE `review` (
  `review_ID` int NOT NULL,
  `booking_ID` int DEFAULT NULL,
  `rating` float DEFAULT NULL,
  `review_description` varchar(255) DEFAULT NULL,
  PRIMARY KEY (`review_ID`),
  KEY `booking_ID` (`booking_ID`),
  CONSTRAINT `review_ibfk_1` FOREIGN KEY (`booking_ID`) REFERENCES `booking` (`booking_ID`)
) ENGINE=InnoDB DEFAULT CHARSET=utf8mb4 COLLATE=utf8mb4_0900_ai_ci;
/*!40101 SET character_set_client = @saved_cs_client */;

--
-- Dumping data for table `review`
--

LOCK TABLES `review` WRITE;
/*!40000 ALTER TABLE `review` DISABLE KEYS */;
INSERT INTO `review` VALUES (1,141,4,'Quality-focused system-worthy function'),(2,115,2.7,'Face to face exuding analyzer'),(3,824,3.9,'Streamlined 3rd generation open system'),(4,648,3,'Future-proofed contextually-based intranet'),(5,192,4.5,'Robust real-time data-warehouse'),(6,561,4.2,'Ameliorated human-resource focus group'),(7,65,3.2,'Automated systematic interface'),(8,398,2.4,'Cross-platform systematic protocol'),(9,16,1.4,'Optional logistical data-warehouse'),(10,915,2.1,'Progressive heuristic superstructure'),(11,362,1.1,'Exclusive maximized internet solution'),(12,280,3.9,'Reactive encompassing projection'),(13,898,1.2,'Centralized mobile interface'),(14,752,1,'Upgradable 5th generation capacity'),(15,834,3.3,'Inverse value-added middleware'),(16,398,1.5,'Centralized disintermediate strategy'),(17,671,1.5,'Adaptive multimedia collaboration'),(18,881,2.1,'Expanded human-resource definition'),(19,769,1.3,'Open-architected background groupware'),(20,511,2.6,'Assimilated 24 hour definition'),(21,40,2.7,'Business-focused incremental definition'),(22,58,4.7,'Multi-tiered interactive projection'),(23,208,4.6,'Mandatory stable matrix'),(24,297,4.1,'Implemented 6th generation capability'),(25,51,4.4,'Adaptive discrete adapter'),(26,58,3.3,'Streamlined well-modulated definition'),(27,544,3.2,'Realigned 24/7 encryption'),(28,146,3.9,'Grass-roots cohesive encryption'),(29,831,4.9,'Re-contextualized optimal methodology'),(30,664,1.1,'Managed multi-tasking circuit'),(31,469,4.4,'Robust multimedia customer loyalty'),(32,859,2.5,'Ergonomic human-resource core'),(33,727,3.3,'Ameliorated full-range internet solution'),(34,466,4.6,'Balanced 24/7 framework'),(35,97,2.9,'Grass-roots web-enabled intranet'),(36,759,2.8,'Proactive dedicated circuit'),(37,832,4.6,'Customer-focused tertiary flexibility'),(38,58,2.5,'Streamlined zero defect utilisation'),(39,112,3.8,'Stand-alone upward-trending matrix'),(40,16,2.7,'Open-source client-driven alliance'),(41,488,3.4,'Synergized global methodology'),(42,65,3.9,'Devolved human-resource matrix'),(43,364,2.7,'Reduced upward-trending access'),(44,898,1.2,'Function-based full-range moderator'),(45,247,2.2,'User-friendly eco-centric function'),(46,244,3.1,'Multi-lateral eco-centric success'),(47,120,1.5,'Switchable foreground capability'),(48,348,4.7,'Programmable multi-state toolset'),(49,484,3.4,'Vision-oriented 24 hour help-desk'),(50,763,3.7,'Multi-channelled incremental circuit'),(51,178,3.5,'Universal zero administration artificial intelligence'),(52,65,4.6,'Cross-platform real-time policy'),(53,247,4.7,'Multi-lateral clear-thinking ability'),(54,537,2.4,'Multi-lateral composite toolset'),(55,939,2.9,'Customer-focused multimedia standardization'),(56,313,4.5,'Object-based leading edge productivity'),(57,974,3.2,'Persevering real-time initiative'),(58,576,1.4,'Robust client-server groupware'),(59,42,1.5,'Innovative bifurcated emulation'),(60,494,3.1,'Implemented needs-based application'),(61,974,2,'User-centric human-resource policy'),(62,890,2.7,'Team-oriented local concept'),(63,567,1.6,'Implemented cohesive website'),(64,794,1.8,'Universal intangible database'),(65,95,1.4,'Assimilated web-enabled neural-net'),(66,993,2.1,'Cross-group high-level focus group'),(67,416,1.8,'Proactive scalable customer loyalty'),(68,533,3.5,'Polarised neutral groupware'),(69,38,1,'Enterprise-wide user-facing concept'),(70,371,2.1,'Innovative web-enabled hardware'),(71,789,2.1,'Enhanced neutral budgetary management'),(72,563,2.7,'Persevering disintermediate frame'),(73,853,2.3,'Secured asynchronous access'),(74,491,4.4,'Intuitive optimal secured line'),(75,619,1.3,'Persistent non-volatile website'),(76,15,3.6,'Profit-focused real-time structure'),(77,464,2.2,'Re-contextualized system-worthy artificial intelligence'),(78,519,2.9,'Enhanced client-driven framework'),(79,151,4.8,'Inverse high-level circuit'),(80,503,4,'Triple-buffered local orchestration'),(81,227,3.7,'Compatible logistical task-force'),(82,860,2.2,'Business-focused reciprocal help-desk'),(83,182,4.3,'Organic tertiary focus group'),(84,180,3.8,'Reactive motivating customer loyalty'),(85,170,1.8,'Proactive solution-oriented hub'),(86,870,4.1,'Re-engineered didactic infrastructure'),(87,837,4,'Innovative exuding project'),(88,789,1.1,'Progressive object-oriented intranet'),(89,11,2.3,'Versatile asynchronous open architecture'),(90,449,1.9,'Managed upward-trending infrastructure'),(91,257,3.9,'Multi-tiered 24/7 core'),(92,85,1.2,'Configurable secondary orchestration'),(93,563,3.2,'Advanced object-oriented capacity'),(94,347,3,'Monitored foreground synergy'),(95,939,1.8,'Organic directional archive'),(96,561,2.2,'Reduced directional paradigm'),(97,969,3.9,'Distributed national array'),(98,316,2.8,'Customer-focused dedicated open architecture'),(99,38,4,'Multi-lateral web-enabled algorithm'),(100,19,3.8,'Decentralized neutral info-mediaries'),(101,453,2.9,'Object-based grid-enabled challenge'),(102,825,4.9,'Future-proofed 24 hour data-warehouse'),(103,837,4.1,'Ameliorated full-range functionalities'),(104,85,4.7,'Profit-focused contextually-based archive'),(105,208,1.4,'Cross-platform composite task-force'),(106,651,2.9,'Managed cohesive system engine'),(107,116,2,'Universal dynamic alliance'),(108,390,1.6,'Cross-platform secondary open system'),(109,495,2.3,'Switchable heuristic adapter'),(110,654,4.7,'User-centric disintermediate capability'),(111,990,4.3,'Future-proofed 24 hour archive'),(112,820,2.2,'Synchronised directional open architecture'),(113,153,2.5,'Persistent hybrid challenge'),(114,544,3,'Optional zero tolerance function'),(115,333,2.1,'Progressive web-enabled data-warehouse'),(116,862,1.9,'Optimized attitude-oriented artificial intelligence'),(117,494,1.3,'Reactive motivating capacity'),(118,886,2.2,'Organic reciprocal archive'),(119,821,1.1,'Up-sized asynchronous algorithm'),(120,293,4,'Monitored well-modulated concept'),(121,115,2.9,'Reduced multimedia policy'),(122,44,3.6,'Phased intermediate throughput'),(123,973,1.3,'Public-key intermediate Graphical User Interface'),(124,639,5,'Cross-platform radical instruction set'),(125,415,4.2,'Quality-focused background success'),(126,4,1.3,'Devolved transitional functionalities'),(127,375,1.9,'Cross-platform tangible forecast'),(128,494,2.6,'Object-based zero tolerance conglomeration'),(129,401,5,'Optional zero defect process improvement'),(130,104,4,'Reverse-engineered bandwidth-monitored frame'),(131,836,2.1,'Persistent next generation challenge'),(132,796,4.1,'Ergonomic optimizing paradigm'),(133,444,4.3,'Mandatory 6th generation collaboration'),(134,973,1.7,'Team-oriented client-driven matrices'),(135,129,1.7,'Devolved grid-enabled approach'),(136,884,3.2,'Streamlined clear-thinking analyzer'),(137,821,4,'Cross-platform explicit migration'),(138,932,3.4,'Fundamental content-based forecast'),(139,494,3,'Virtual incremental moratorium'),(140,343,5,'Object-based system-worthy customer loyalty'),(141,348,1.9,'Re-contextualized 24/7 leverage'),(142,181,1.3,'Synchronised secondary middleware'),(143,584,3.5,'Mandatory reciprocal instruction set'),(144,396,1.3,'Organic human-resource benchmark'),(145,654,2.8,'Integrated tangible matrix'),(146,6,3.8,'Streamlined executive standardization'),(147,901,3.8,'Stand-alone fresh-thinking benchmark'),(148,664,4.2,'Robust uniform focus group'),(149,17,1.6,'Extended empowering structure'),(150,616,3.3,'Diverse mission-critical process improvement'),(151,822,3,'Exclusive methodical instruction set'),(152,469,4.8,'Operative user-facing focus group'),(153,958,4.9,'Stand-alone actuating Graphic Interface'),(154,853,1,'Cloned mobile migration'),(155,734,3.1,'Cloned cohesive hub'),(156,537,1.1,'Horizontal solution-oriented hub'),(157,482,2.5,'Switchable 4th generation pricing structure'),(158,123,1.8,'Operative human-resource database'),(159,474,1.7,'Managed multimedia service-desk'),(160,192,3.5,'Assimilated global definition'),(161,109,4.5,'Fully-configurable local hierarchy'),(162,592,1.9,'Managed optimizing success'),(163,807,2,'Seamless exuding application'),(164,360,2.8,'Sharable content-based synergy'),(165,166,3.3,'Realigned 3rd generation support'),(166,359,1.6,'Reduced cohesive circuit'),(167,664,1.4,'Monitored demand-driven system engine'),(168,244,3.6,'Multi-tiered secondary knowledge base'),(169,484,4.6,'Centralized grid-enabled customer loyalty'),(170,244,2.1,'Vision-oriented homogeneous time-frame'),(171,931,1,'Devolved stable knowledge user'),(172,545,1.8,'Configurable encompassing system engine'),(173,564,1.9,'Customer-focused modular data-warehouse'),(174,687,3.2,'Exclusive directional collaboration'),(175,788,1.5,'Customer-focused national internet solution'),(176,10,3.4,'Assimilated interactive migration'),(177,477,4.6,'Multi-layered non-volatile matrices'),(178,15,4.5,'Upgradable grid-enabled ability'),(179,694,2.8,'Centralized cohesive data-warehouse'),(180,557,5,'Polarised executive superstructure'),(181,787,4.7,'Up-sized mobile collaboration'),(182,717,3.8,'Cross-platform analyzing conglomeration'),(183,573,1.2,'Horizontal hybrid approach'),(184,398,2.8,'Right-sized zero defect groupware'),(185,941,3.6,'Exclusive scalable function'),(186,867,3.2,'Grass-roots transitional monitoring'),(187,279,3.5,'Monitored bifurcated framework'),(188,592,1.2,'Monitored bandwidth-monitored protocol'),(189,588,2.3,'Enterprise-wide incremental product'),(190,387,2.4,'Object-based incremental synergy'),(191,248,3,'Business-focused homogeneous hierarchy'),(192,866,2.5,'Multi-tiered exuding function'),(193,360,1.6,'Centralized zero administration emulation'),(194,897,1.4,'Centralized attitude-oriented middleware'),(195,620,4.9,'Assimilated 24/7 approach'),(196,645,3.1,'Digitized regional secured line'),(197,567,4.3,'Profit-focused uniform implementation'),(198,225,2.5,'Monitored homogeneous parallelism'),(199,670,4.1,'Public-key object-oriented solution'),(200,10,3.1,'Enterprise-wide transitional matrices'),(201,513,1.8,'Diverse foreground orchestration'),(202,238,4.4,'Self-enabling executive algorithm'),(203,993,1.3,'Robust systematic contingency'),(204,991,4,'Persevering zero defect extranet'),(205,290,1.7,'Integrated disintermediate definition'),(206,407,4.8,'Programmable needs-based monitoring'),(207,645,2.1,'Universal composite toolset'),(208,192,1.2,'Extended executive database'),(209,914,2.6,'Open-architected attitude-oriented flexibility'),(210,639,1.1,'Reactive homogeneous knowledge user'),(211,86,3.5,'Streamlined neutral protocol'),(212,737,4.6,'Triple-buffered logistical neural-net'),(213,348,1.3,'Horizontal radical service-desk'),(214,239,1.4,'Centralized even-keeled toolset'),(215,42,4.4,'Function-based non-volatile knowledge base'),(216,892,2.6,'Diverse encompassing portal'),(217,654,2,'Visionary zero tolerance encoding'),(218,291,1.3,'Proactive scalable model'),(219,481,3,'Horizontal fault-tolerant approach'),(220,313,4.9,'Ergonomic directional task-force'),(221,560,4.9,'Expanded dynamic time-frame'),(222,798,2.6,'Exclusive modular structure'),(223,40,3.7,'Multi-channelled actuating standardization'),(224,449,4.7,'Re-engineered grid-enabled orchestration'),(225,884,2.7,'Face to face asynchronous analyzer'),(226,16,2.5,'Down-sized web-enabled adapter'),(227,742,5,'Streamlined optimal monitoring'),(228,735,4.3,'Stand-alone radical alliance'),(229,508,3.6,'Multi-layered dedicated pricing structure'),(230,248,3.5,'Multi-lateral transitional ability'),(231,489,2.1,'Vision-oriented actuating solution'),(232,789,4.6,'Streamlined solution-oriented capacity'),(233,961,5,'Vision-oriented methodical algorithm'),(234,576,4.6,'Universal actuating initiative'),(235,576,1.9,'Balanced intangible strategy'),(236,167,2.3,'Down-sized homogeneous encryption'),(237,115,3.3,'Face to face explicit instruction set'),(238,194,1.3,'Managed client-server concept'),(239,247,3.9,'Versatile solution-oriented emulation'),(240,495,2.4,'Down-sized background challenge'),(241,544,4.4,'Expanded dedicated interface'),(242,377,2,'Automated directional protocol'),(243,743,3.8,'Total analyzing flexibility'),(244,10,2.5,'Pre-emptive asymmetric time-frame'),(245,731,2.6,'Cross-platform bi-directional open system'),(246,238,3.7,'Cloned incremental alliance'),(247,481,3.3,'Synergized responsive archive'),(248,502,4.2,'Persevering asynchronous Graphical User Interface'),(249,731,3.6,'Triple-buffered web-enabled collaboration'),(250,508,2.8,'Synchronised bandwidth-monitored model'),(251,723,3.1,'Reduced intermediate focus group'),(252,167,4.8,'Sharable global help-desk'),(253,254,3.5,'Business-focused holistic superstructure'),(254,293,2,'Horizontal optimizing paradigm'),(255,97,4.1,'Up-sized explicit matrices'),(256,71,3.7,'Organic mission-critical help-desk'),(257,364,1.4,'Robust client-server solution'),(258,912,4.3,'Phased human-resource software'),(259,560,4.6,'Phased next generation task-force'),(260,327,3.2,'User-centric system-worthy toolset'),(261,16,2.2,'Decentralized mobile leverage'),(262,301,3.9,'Configurable responsive structure'),(263,40,4.3,'Secured maximized circuit'),(264,99,2.4,'Enhanced maximized methodology'),(265,332,4.6,'Fully-configurable content-based knowledge user'),(266,90,3.2,'Multi-lateral disintermediate superstructure'),(267,513,3.1,'Realigned 24 hour infrastructure'),(268,35,3.9,'Balanced client-server middleware'),(269,293,4,'Reactive encompassing array'),(270,401,2.4,'Extended directional complexity'),(271,357,4.7,'Networked secondary archive'),(272,244,2.3,'Secured eco-centric benchmark'),(273,142,4.7,'De-engineered bandwidth-monitored definition'),(274,318,1.7,'Proactive 4th generation alliance'),(275,189,4.1,'Optimized object-oriented matrices'),(276,464,2.1,'Visionary multimedia encryption'),(277,474,1.3,'Automated asynchronous circuit'),(278,569,1.5,'Secured uniform architecture'),(279,40,4.7,'Organized global productivity'),(280,182,2.2,'Horizontal explicit hardware'),(281,978,4.6,'Profit-focused human-resource array'),(282,65,4.5,'Adaptive stable firmware'),(283,57,2.4,'Quality-focused multi-tasking policy'),(284,348,4.8,'Cloned impactful hierarchy'),(285,950,1.5,'Customer-focused discrete portal'),(286,474,3.2,'Universal homogeneous help-desk'),(287,649,1.7,'Right-sized fresh-thinking instruction set'),(288,537,3,'Versatile fault-tolerant open system'),(289,85,2.2,'Stand-alone eco-centric archive'),(290,400,2.7,'Reverse-engineered user-facing success'),(291,346,4.6,'Adaptive 4th generation hierarchy'),(292,532,4.5,'Virtual dedicated website'),(293,616,2,'Multi-layered composite emulation'),(294,561,2.9,'Configurable homogeneous groupware'),(295,590,1.7,'Cross-group context-sensitive open architecture'),(296,560,2.8,'Innovative foreground forecast'),(297,316,2.6,'Reverse-engineered needs-based projection'),(298,941,2.8,'Optimized methodical productivity'),(299,117,1.6,'Future-proofed 3rd generation success'),(300,400,1.5,'Streamlined bifurcated middleware'),(301,881,4.5,'Cross-group maximized website'),(302,600,2,'Configurable executive task-force'),(303,327,2,'Reverse-engineered optimizing conglomeration'),(304,204,1.5,'Upgradable coherent process improvement'),(305,26,3.4,'Business-focused static time-frame'),(306,203,3,'Focused well-modulated knowledge user'),(307,54,3.8,'Cross-platform eco-centric leverage'),(308,119,2.3,'Horizontal fresh-thinking pricing structure'),(309,498,1.2,'User-centric maximized model'),(310,592,1.4,'Profit-focused well-modulated matrices'),(311,318,2.3,'Face to face 24/7 adapter'),(312,162,2.4,'Quality-focused modular functionalities'),(313,378,3.9,'User-friendly system-worthy hub'),(314,112,3.2,'Reverse-engineered clear-thinking Graphical User Interface'),(315,178,3.1,'Enhanced multimedia approach'),(316,509,5,'Multi-channelled bifurcated time-frame'),(317,669,3.1,'Synchronised zero tolerance artificial intelligence'),(318,502,2.8,'Horizontal well-modulated frame'),(319,119,4.4,'Focused object-oriented project'),(320,4,3.4,'Compatible context-sensitive paradigm'),(321,474,2.3,'Multi-tiered context-sensitive open architecture'),(322,297,4.3,'Team-oriented clear-thinking challenge'),(323,203,2.4,'Monitored zero defect middleware'),(324,369,3.9,'Secured reciprocal definition'),(325,576,4.2,'Horizontal discrete throughput'),(326,825,4.1,'Progressive interactive utilisation'),(327,195,4,'Synergistic systematic intranet'),(328,280,3.4,'Visionary clear-thinking info-mediaries'),(329,519,4,'Customer-focused disintermediate intranet'),(330,359,1.5,'Up-sized didactic methodology'),(331,377,3.5,'Reverse-engineered even-keeled analyzer'),(332,884,4.9,'Total optimal matrix'),(333,293,3.7,'Ameliorated client-driven process improvement'),(334,356,1.9,'Multi-channelled static protocol'),(335,503,3.9,'Adaptive attitude-oriented access'),(336,203,2.9,'Cloned multi-tasking internet solution'),(337,116,2.7,'Centralized responsive middleware'),(338,412,1.8,'Phased web-enabled capability'),(339,129,3.8,'Pre-emptive uniform monitoring'),(340,854,3.4,'Triple-buffered solution-oriented database'),(341,146,3.7,'Phased systematic standardization'),(342,511,3.1,'Reactive asynchronous open architecture'),(343,974,2.3,'Multi-channelled system-worthy toolset'),(344,285,4.2,'Compatible foreground hub'),(345,194,2.1,'Cloned zero tolerance capability'),(346,794,2.8,'Reactive system-worthy neural-net'),(347,119,2.6,'Total client-server product'),(348,509,1,'Implemented heuristic software'),(349,939,2.7,'Multi-lateral global time-frame'),(350,508,4.5,'Enterprise-wide modular internet solution'),(351,167,1,'Horizontal bi-directional matrices'),(352,205,4.4,'Public-key national projection'),(353,498,4.9,'User-centric optimizing archive'),(354,545,2.9,'Up-sized human-resource workforce'),(355,326,4.6,'User-centric even-keeled local area network'),(356,418,3.3,'Decentralized human-resource approach'),(357,188,4.5,'Centralized intangible support'),(358,117,1.5,'Cloned human-resource emulation'),(359,494,4.6,'Seamless tertiary moratorium'),(360,681,2.2,'Intuitive multi-tasking system engine'),(361,511,1.9,'Expanded holistic access'),(362,88,2,'Progressive didactic benchmark'),(363,723,1.1,'Up-sized 24 hour contingency'),(364,939,1,'Profound mobile adapter'),(365,111,4.7,'Focused real-time strategy'),(366,116,3.6,'Decentralized reciprocal model'),(367,840,1.3,'Customer-focused multimedia support'),(368,278,4.7,'User-centric clear-thinking process improvement'),(369,746,2.1,'Organized encompassing access'),(370,384,4.3,'Multi-tiered regional process improvement'),(371,189,4.2,'Intuitive client-driven budgetary management'),(372,11,1.1,'Intuitive well-modulated service-desk'),(373,391,1.8,'Public-key discrete encoding'),(374,963,2.9,'Automated bandwidth-monitored access'),(375,892,3.4,'Centralized responsive local area network'),(376,193,4.1,'Profit-focused attitude-oriented workforce'),(377,17,1.6,'Self-enabling optimizing hub'),(378,519,1.5,'Synergized discrete solution'),(379,297,3.8,'Exclusive next generation collaboration'),(380,357,3.5,'Synchronised non-volatile process improvement'),(381,116,3.9,'Implemented full-range challenge'),(382,563,4.1,'Phased attitude-oriented orchestration'),(383,116,1.2,'Re-contextualized next generation portal'),(384,181,4.9,'Sharable context-sensitive knowledge base'),(385,415,4.4,'Networked regional core'),(386,38,2.3,'Vision-oriented bifurcated parallelism'),(387,193,4.3,'Open-architected interactive matrix'),(388,10,2.3,'Total modular workforce'),(389,115,3.4,'Virtual client-server knowledge base'),(390,348,1.3,'Open-architected discrete matrix'),(391,198,4.4,'Centralized uniform hub'),(392,71,5,'Extended tertiary approach'),(393,273,3.5,'Organic discrete contingency'),(394,273,1.4,'Programmable fault-tolerant conglomeration'),(395,51,3.9,'Customer-focused didactic Graphic Interface'),(396,573,2.4,'Seamless transitional protocol'),(397,326,1.1,'Function-based mission-critical utilisation'),(398,102,1.4,'Configurable encompassing utilisation'),(399,958,3.7,'Optimized full-range project'),(400,694,2.6,'Multi-tiered disintermediate project');
/*!40000 ALTER TABLE `review` ENABLE KEYS */;
UNLOCK TABLES;

--
-- Table structure for table `room`
--

DROP TABLE IF EXISTS `room`;
/*!40101 SET @saved_cs_client     = @@character_set_client */;
/*!50503 SET character_set_client = utf8mb4 */;
CREATE TABLE `room` (
  `room_ID` int NOT NULL,
  `room_name` varchar(50) DEFAULT NULL,
  `room_type` int DEFAULT NULL,
  `furniture` varchar(100) DEFAULT NULL,
  `size` varchar(50) DEFAULT NULL,
  `room_media` varchar(255) DEFAULT NULL,
  `property_ID` int DEFAULT NULL,
  PRIMARY KEY (`room_ID`),
  KEY `property_ID` (`property_ID`),
  CONSTRAINT `room_ibfk_1` FOREIGN KEY (`property_ID`) REFERENCES `property` (`property_ID`)
) ENGINE=InnoDB DEFAULT CHARSET=utf8mb4 COLLATE=utf8mb4_0900_ai_ci;
/*!40101 SET character_set_client = @saved_cs_client */;

--
-- Dumping data for table `room`
--

LOCK TABLES `room` WRITE;
/*!40000 ALTER TABLE `room` DISABLE KEYS */;
INSERT INTO `room` VALUES (1,'Master',5,'Couch and Coffee Table','11.7','.../property/room/picture_library',197),(2,'Large',2,'Couch and Coffee Table','37.7','.../property/room/picture_library',189),(3,'Medium',5,'Dining Table','31.4','.../property/room/picture_library',7),(4,'Guest',3,'Dining Table','19.8','.../property/room/picture_library',13),(5,'Small',4,'Entertainment System','13.7','.../property/room/picture_library',95),(6,'Large',5,'Bed & Sofa','31.8','.../property/room/picture_library',112),(7,'Master',1,'Kitchen Equipment','22.5','.../property/room/picture_library',81),(8,'Kids',5,'TV','34.2','.../property/room/picture_library',3),(9,'Small',4,'Dining Table','24.3','.../property/room/picture_library',65),(10,'Best View',5,'TV','23.9','.../property/room/picture_library',179),(11,'Medium',2,'Entertainment System','35.6','.../property/room/picture_library',68),(12,'Large',5,'Couch and Coffee Table','26.5','.../property/room/picture_library',91),(13,'Master',3,'Dining Table','38.0','.../property/room/picture_library',81),(14,'Best View',4,'Kitchen Equipment','38.1','.../property/room/picture_library',137),(15,'Large',2,'Kitchen Equipment','10.5','.../property/room/picture_library',47),(16,'Guest',5,'Bed & Sofa','45.9','.../property/room/picture_library',132),(17,'Guest',3,'Bed & Sofa','14.9','.../property/room/picture_library',40),(18,'Small',1,'Bed & Sofa','37.9','.../property/room/picture_library',29),(19,'Kids',5,'Kitchen Equipment','44.6','.../property/room/picture_library',97),(20,'Medium',4,'Bed & Sofa','46.2','.../property/room/picture_library',82),(21,'Medium',1,'Dining Table','43.3','.../property/room/picture_library',93),(22,'Small',3,'Bed & Sofa','49.2','.../property/room/picture_library',41),(23,'Master',4,'Bed & Sofa','40.1','.../property/room/picture_library',90),(24,'Small',5,'Couch and Coffee Table','28.6','.../property/room/picture_library',141),(25,'Guest',5,'Couch and Coffee Table','13.4','.../property/room/picture_library',137),(26,'Small',5,'Kitchen Equipment','37.6','.../property/room/picture_library',114),(27,'Guest',5,'Bed & Sofa','49.3','.../property/room/picture_library',33),(28,'Guest',4,'TV','24.5','.../property/room/picture_library',32),(29,'Best View',4,'Entertainment System','18.5','.../property/room/picture_library',56),(30,'Guest',2,'Kitchen Equipment','22.3','.../property/room/picture_library',20),(31,'Best View',1,'Entertainment System','49.3','.../property/room/picture_library',63),(32,'Master',5,'Kitchen Equipment','47.6','.../property/room/picture_library',47),(33,'Kids',5,'Kitchen Equipment','32.5','.../property/room/picture_library',176),(34,'Master',1,'TV','30.0','.../property/room/picture_library',20),(35,'Guest',3,'Kitchen Equipment','20.7','.../property/room/picture_library',133),(36,'Master',2,'Kitchen Equipment','40.0','.../property/room/picture_library',129),(37,'Medium',3,'Kitchen Equipment','25.5','.../property/room/picture_library',139),(38,'Medium',2,'Entertainment System','40.3','.../property/room/picture_library',59),(39,'Guest',2,'TV','27.7','.../property/room/picture_library',70),(40,'Master',3,'Kitchen Equipment','14.6','.../property/room/picture_library',41),(41,'Kids',1,'Entertainment System','42.2','.../property/room/picture_library',37),(42,'Best View',2,'Bed & Sofa','49.7','.../property/room/picture_library',104),(43,'Large',3,'TV','19.7','.../property/room/picture_library',136),(44,'Small',3,'Kitchen Equipment','49.7','.../property/room/picture_library',194),(45,'Small',1,'Bed & Sofa','46.6','.../property/room/picture_library',66),(46,'Best View',2,'Kitchen Equipment','40.7','.../property/room/picture_library',160),(47,'Guest',1,'Entertainment System','35.3','.../property/room/picture_library',29),(48,'Small',3,'Couch and Coffee Table','33.3','.../property/room/picture_library',139),(49,'Master',2,'Bed & Sofa','30.5','.../property/room/picture_library',150),(50,'Small',1,'TV','17.4','.../property/room/picture_library',78),(51,'Guest',4,'Bed & Sofa','20.2','.../property/room/picture_library',148),(52,'Medium',1,'Kitchen Equipment','42.7','.../property/room/picture_library',116),(53,'Small',3,'Bed & Sofa','37.0','.../property/room/picture_library',99),(54,'Kids',5,'Couch and Coffee Table','36.4','.../property/room/picture_library',190),(55,'Kids',5,'TV','32.9','.../property/room/picture_library',99),(56,'Large',2,'Kitchen Equipment','20.3','.../property/room/picture_library',165),(57,'Medium',4,'Dining Table','36.7','.../property/room/picture_library',63),(58,'Guest',4,'Kitchen Equipment','32.2','.../property/room/picture_library',85),(59,'Guest',3,'TV','18.9','.../property/room/picture_library',193),(60,'Medium',3,'Bed & Sofa','21.3','.../property/room/picture_library',135),(61,'Guest',1,'Kitchen Equipment','37.3','.../property/room/picture_library',174),(62,'Guest',2,'Couch and Coffee Table','41.8','.../property/room/picture_library',178),(63,'Master',5,'TV','22.4','.../property/room/picture_library',139),(64,'Master',3,'Entertainment System','13.6','.../property/room/picture_library',67),(65,'Master',1,'Kitchen Equipment','35.9','.../property/room/picture_library',17),(66,'Master',3,'Kitchen Equipment','30.7','.../property/room/picture_library',124),(67,'Guest',2,'Bed & Sofa','40.0','.../property/room/picture_library',63),(68,'Small',2,'Couch and Coffee Table','46.9','.../property/room/picture_library',142),(69,'Master',2,'Dining Table','43.3','.../property/room/picture_library',122),(70,'Large',4,'Bed & Sofa','15.4','.../property/room/picture_library',132),(71,'Small',5,'Dining Table','21.0','.../property/room/picture_library',182),(72,'Master',1,'TV','17.8','.../property/room/picture_library',100),(73,'Guest',3,'Bed & Sofa','35.5','.../property/room/picture_library',161),(74,'Best View',4,'Kitchen Equipment','36.9','.../property/room/picture_library',63),(75,'Small',1,'Kitchen Equipment','17.7','.../property/room/picture_library',135),(76,'Guest',3,'Dining Table','27.6','.../property/room/picture_library',118),(77,'Medium',2,'Couch and Coffee Table','46.4','.../property/room/picture_library',14),(78,'Master',1,'TV','49.5','.../property/room/picture_library',132),(79,'Kids',3,'Kitchen Equipment','14.1','.../property/room/picture_library',67),(80,'Medium',4,'Couch and Coffee Table','15.9','.../property/room/picture_library',182),(81,'Kids',2,'Dining Table','14.9','.../property/room/picture_library',192),(82,'Large',4,'Bed & Sofa','13.0','.../property/room/picture_library',16),(83,'Medium',3,'Entertainment System','42.3','.../property/room/picture_library',159),(84,'Large',4,'Kitchen Equipment','40.1','.../property/room/picture_library',1),(85,'Master',2,'Dining Table','10.4','.../property/room/picture_library',111),(86,'Large',2,'Dining Table','36.2','.../property/room/picture_library',28),(87,'Large',2,'Couch and Coffee Table','24.4','.../property/room/picture_library',63),(88,'Small',3,'TV','45.8','.../property/room/picture_library',96),(89,'Kids',4,'Kitchen Equipment','23.8','.../property/room/picture_library',156),(90,'Medium',2,'Kitchen Equipment','12.8','.../property/room/picture_library',174),(91,'Medium',3,'Bed & Sofa','41.7','.../property/room/picture_library',11),(92,'Kids',1,'Entertainment System','38.3','.../property/room/picture_library',157),(93,'Medium',1,'Bed & Sofa','46.8','.../property/room/picture_library',77),(94,'Large',3,'Entertainment System','49.1','.../property/room/picture_library',155),(95,'Kids',5,'Entertainment System','43.1','.../property/room/picture_library',84),(96,'Guest',3,'Dining Table','45.7','.../property/room/picture_library',54),(97,'Best View',4,'Bed & Sofa','10.8','.../property/room/picture_library',51),(98,'Small',4,'Bed & Sofa','28.9','.../property/room/picture_library',86),(99,'Kids',1,'Kitchen Equipment','37.7','.../property/room/picture_library',37),(100,'Guest',3,'Couch and Coffee Table','47.3','.../property/room/picture_library',16),(101,'Small',4,'Kitchen Equipment','33.8','.../property/room/picture_library',146),(102,'Small',2,'Dining Table','13.1','.../property/room/picture_library',157),(103,'Master',2,'Bed & Sofa','22.0','.../property/room/picture_library',70),(104,'Best View',4,'Entertainment System','44.8','.../property/room/picture_library',65),(105,'Master',2,'Entertainment System','17.5','.../property/room/picture_library',64),(106,'Master',3,'Dining Table','33.7','.../property/room/picture_library',29),(107,'Large',5,'Couch and Coffee Table','10.3','.../property/room/picture_library',44),(108,'Kids',3,'Couch and Coffee Table','36.9','.../property/room/picture_library',148),(109,'Guest',3,'Kitchen Equipment','47.1','.../property/room/picture_library',9),(110,'Small',1,'Kitchen Equipment','11.1','.../property/room/picture_library',112),(111,'Large',2,'TV','19.7','.../property/room/picture_library',151),(112,'Medium',5,'Couch and Coffee Table','14.5','.../property/room/picture_library',161),(113,'Guest',3,'Dining Table','18.0','.../property/room/picture_library',24),(114,'Best View',3,'Couch and Coffee Table','26.0','.../property/room/picture_library',28),(115,'Master',4,'Dining Table','42.6','.../property/room/picture_library',49),(116,'Master',4,'Dining Table','10.0','.../property/room/picture_library',163),(117,'Medium',2,'Kitchen Equipment','37.2','.../property/room/picture_library',143),(118,'Best View',5,'Dining Table','20.0','.../property/room/picture_library',164),(119,'Kids',3,'Kitchen Equipment','26.1','.../property/room/picture_library',119),(120,'Best View',3,'Dining Table','20.0','.../property/room/picture_library',9),(121,'Best View',1,'Entertainment System','47.3','.../property/room/picture_library',18),(122,'Medium',5,'Kitchen Equipment','24.5','.../property/room/picture_library',53),(123,'Large',5,'Bed & Sofa','23.1','.../property/room/picture_library',158),(124,'Small',3,'Couch and Coffee Table','37.0','.../property/room/picture_library',23),(125,'Best View',4,'Bed & Sofa','14.1','.../property/room/picture_library',39),(126,'Guest',4,'Kitchen Equipment','12.8','.../property/room/picture_library',65),(127,'Guest',3,'TV','19.2','.../property/room/picture_library',188),(128,'Small',4,'Bed & Sofa','21.3','.../property/room/picture_library',18),(129,'Kids',4,'Couch and Coffee Table','36.1','.../property/room/picture_library',110),(130,'Large',1,'Bed & Sofa','25.1','.../property/room/picture_library',147),(131,'Master',4,'Bed & Sofa','19.6','.../property/room/picture_library',119),(132,'Small',1,'TV','19.1','.../property/room/picture_library',6),(133,'Best View',2,'TV','47.0','.../property/room/picture_library',196),(134,'Medium',5,'Dining Table','38.3','.../property/room/picture_library',24),(135,'Master',3,'Entertainment System','31.2','.../property/room/picture_library',41),(136,'Guest',3,'TV','28.6','.../property/room/picture_library',178),(137,'Guest',3,'Kitchen Equipment','41.2','.../property/room/picture_library',78),(138,'Small',5,'Bed & Sofa','39.8','.../property/room/picture_library',14),(139,'Guest',5,'Entertainment System','35.8','.../property/room/picture_library',172),(140,'Master',2,'Kitchen Equipment','15.8','.../property/room/picture_library',57),(141,'Best View',1,'Couch and Coffee Table','14.9','.../property/room/picture_library',131),(142,'Small',3,'Bed & Sofa','21.6','.../property/room/picture_library',62),(143,'Kids',4,'Bed & Sofa','49.7','.../property/room/picture_library',3),(144,'Guest',2,'Dining Table','42.7','.../property/room/picture_library',43),(145,'Kids',5,'TV','13.6','.../property/room/picture_library',103),(146,'Best View',5,'Bed & Sofa','27.4','.../property/room/picture_library',173),(147,'Guest',3,'Entertainment System','28.9','.../property/room/picture_library',116),(148,'Best View',1,'Bed & Sofa','12.7','.../property/room/picture_library',113),(149,'Best View',4,'TV','34.1','.../property/room/picture_library',194),(150,'Master',2,'Couch and Coffee Table','17.1','.../property/room/picture_library',151),(151,'Master',5,'Entertainment System','26.9','.../property/room/picture_library',72),(152,'Kids',4,'Kitchen Equipment','17.9','.../property/room/picture_library',49),(153,'Kids',1,'Entertainment System','39.8','.../property/room/picture_library',39),(154,'Large',5,'Couch and Coffee Table','36.8','.../property/room/picture_library',44),(155,'Best View',4,'Dining Table','48.2','.../property/room/picture_library',189),(156,'Best View',5,'Kitchen Equipment','46.7','.../property/room/picture_library',57),(157,'Master',4,'Kitchen Equipment','27.7','.../property/room/picture_library',152),(158,'Master',2,'Kitchen Equipment','38.0','.../property/room/picture_library',121),(159,'Large',2,'TV','38.5','.../property/room/picture_library',35),(160,'Small',5,'Couch and Coffee Table','46.6','.../property/room/picture_library',97),(161,'Master',2,'Entertainment System','36.4','.../property/room/picture_library',155),(162,'Guest',5,'Kitchen Equipment','14.9','.../property/room/picture_library',130),(163,'Master',5,'Entertainment System','35.8','.../property/room/picture_library',19),(164,'Kids',4,'Kitchen Equipment','11.7','.../property/room/picture_library',38),(165,'Guest',2,'Entertainment System','20.9','.../property/room/picture_library',157),(166,'Guest',5,'TV','38.1','.../property/room/picture_library',67),(167,'Guest',5,'Bed & Sofa','15.5','.../property/room/picture_library',96),(168,'Small',5,'Entertainment System','33.8','.../property/room/picture_library',7),(169,'Small',1,'Couch and Coffee Table','43.9','.../property/room/picture_library',2),(170,'Best View',4,'Dining Table','38.4','.../property/room/picture_library',84),(171,'Guest',2,'Kitchen Equipment','15.5','.../property/room/picture_library',34),(172,'Best View',2,'Kitchen Equipment','42.4','.../property/room/picture_library',130),(173,'Master',5,'Bed & Sofa','33.8','.../property/room/picture_library',179),(174,'Medium',3,'Entertainment System','38.0','.../property/room/picture_library',65),(175,'Kids',4,'Entertainment System','48.4','.../property/room/picture_library',26),(176,'Kids',5,'Bed & Sofa','31.5','.../property/room/picture_library',15),(177,'Kids',1,'Dining Table','42.4','.../property/room/picture_library',64),(178,'Master',5,'Kitchen Equipment','38.8','.../property/room/picture_library',157),(179,'Small',3,'Kitchen Equipment','44.0','.../property/room/picture_library',96),(180,'Large',3,'Entertainment System','23.0','.../property/room/picture_library',128),(181,'Medium',3,'Couch and Coffee Table','34.7','.../property/room/picture_library',103),(182,'Guest',4,'TV','44.5','.../property/room/picture_library',176),(183,'Large',4,'Bed & Sofa','15.1','.../property/room/picture_library',176),(184,'Medium',4,'Bed & Sofa','22.3','.../property/room/picture_library',155),(185,'Small',1,'Bed & Sofa','36.8','.../property/room/picture_library',175),(186,'Kids',5,'Dining Table','31.2','.../property/room/picture_library',28),(187,'Small',5,'Entertainment System','45.5','.../property/room/picture_library',188),(188,'Large',4,'Entertainment System','36.0','.../property/room/picture_library',162),(189,'Master',3,'TV','32.9','.../property/room/picture_library',40),(190,'Best View',2,'TV','16.6','.../property/room/picture_library',183),(191,'Master',2,'Bed & Sofa','32.1','.../property/room/picture_library',110),(192,'Master',1,'TV','45.7','.../property/room/picture_library',5),(193,'Guest',2,'Kitchen Equipment','49.4','.../property/room/picture_library',47),(194,'Medium',4,'Entertainment System','25.6','.../property/room/picture_library',94),(195,'Best View',5,'Couch and Coffee Table','39.2','.../property/room/picture_library',124),(196,'Large',4,'TV','18.9','.../property/room/picture_library',113),(197,'Small',4,'Kitchen Equipment','28.2','.../property/room/picture_library',162),(198,'Kids',5,'Kitchen Equipment','20.4','.../property/room/picture_library',179),(199,'Large',2,'Bed & Sofa','24.9','.../property/room/picture_library',176),(200,'Medium',5,'Dining Table','26.7','.../property/room/picture_library',125),(201,'Medium',2,'Bed & Sofa','30.3','.../property/room/picture_library',111),(202,'Medium',4,'Kitchen Equipment','17.4','.../property/room/picture_library',62),(203,'Small',1,'Entertainment System','33.0','.../property/room/picture_library',74),(204,'Guest',2,'Kitchen Equipment','25.3','.../property/room/picture_library',69),(205,'Medium',4,'Couch and Coffee Table','21.9','.../property/room/picture_library',12),(206,'Master',3,'Dining Table','35.4','.../property/room/picture_library',126),(207,'Guest',3,'Kitchen Equipment','38.2','.../property/room/picture_library',102),(208,'Guest',4,'TV','32.3','.../property/room/picture_library',37),(209,'Medium',2,'Dining Table','48.0','.../property/room/picture_library',19),(210,'Master',2,'Bed & Sofa','20.6','.../property/room/picture_library',141),(211,'Guest',4,'Couch and Coffee Table','23.0','.../property/room/picture_library',192),(212,'Guest',3,'Couch and Coffee Table','12.4','.../property/room/picture_library',199),(213,'Large',2,'Entertainment System','15.6','.../property/room/picture_library',171),(214,'Best View',5,'Dining Table','49.7','.../property/room/picture_library',139),(215,'Master',2,'TV','20.3','.../property/room/picture_library',46),(216,'Guest',3,'Entertainment System','45.4','.../property/room/picture_library',101),(217,'Best View',4,'TV','37.7','.../property/room/picture_library',88),(218,'Large',1,'Dining Table','33.8','.../property/room/picture_library',28),(219,'Medium',4,'Couch and Coffee Table','17.0','.../property/room/picture_library',132),(220,'Master',2,'Dining Table','43.2','.../property/room/picture_library',195),(221,'Best View',3,'TV','17.9','.../property/room/picture_library',166),(222,'Master',3,'Bed & Sofa','40.5','.../property/room/picture_library',13),(223,'Master',3,'Dining Table','30.4','.../property/room/picture_library',88),(224,'Kids',2,'Couch and Coffee Table','33.6','.../property/room/picture_library',124),(225,'Master',1,'Couch and Coffee Table','41.8','.../property/room/picture_library',66),(226,'Best View',1,'Couch and Coffee Table','41.1','.../property/room/picture_library',172),(227,'Small',4,'Couch and Coffee Table','10.9','.../property/room/picture_library',97),(228,'Large',2,'Dining Table','11.7','.../property/room/picture_library',126),(229,'Medium',5,'Dining Table','50.0','.../property/room/picture_library',186),(230,'Best View',4,'Dining Table','11.8','.../property/room/picture_library',1),(231,'Large',1,'Dining Table','21.5','.../property/room/picture_library',141),(232,'Best View',2,'Couch and Coffee Table','21.3','.../property/room/picture_library',165),(233,'Kids',5,'Couch and Coffee Table','32.2','.../property/room/picture_library',92),(234,'Medium',3,'Bed & Sofa','10.8','.../property/room/picture_library',53),(235,'Master',5,'Couch and Coffee Table','15.0','.../property/room/picture_library',41),(236,'Master',1,'Kitchen Equipment','34.5','.../property/room/picture_library',65),(237,'Best View',3,'Entertainment System','34.1','.../property/room/picture_library',29),(238,'Medium',3,'Kitchen Equipment','10.8','.../property/room/picture_library',98),(239,'Master',1,'Kitchen Equipment','37.2','.../property/room/picture_library',155),(240,'Best View',1,'Entertainment System','11.3','.../property/room/picture_library',104),(241,'Large',5,'TV','27.9','.../property/room/picture_library',71),(242,'Medium',3,'Dining Table','31.8','.../property/room/picture_library',179),(243,'Master',2,'Kitchen Equipment','42.6','.../property/room/picture_library',69),(244,'Best View',5,'Dining Table','17.6','.../property/room/picture_library',184),(245,'Master',2,'Dining Table','25.8','.../property/room/picture_library',155),(246,'Master',1,'TV','42.6','.../property/room/picture_library',169),(247,'Best View',4,'Bed & Sofa','47.1','.../property/room/picture_library',137),(248,'Large',5,'Kitchen Equipment','13.7','.../property/room/picture_library',32),(249,'Kids',4,'Dining Table','14.0','.../property/room/picture_library',83),(250,'Large',4,'Bed & Sofa','49.5','.../property/room/picture_library',167),(251,'Master',5,'Bed & Sofa','35.3','.../property/room/picture_library',49),(252,'Best View',2,'Couch and Coffee Table','40.3','.../property/room/picture_library',194),(253,'Guest',1,'Bed & Sofa','10.1','.../property/room/picture_library',82),(254,'Large',4,'Entertainment System','10.8','.../property/room/picture_library',115),(255,'Medium',3,'Dining Table','13.6','.../property/room/picture_library',194),(256,'Kids',2,'Bed & Sofa','38.9','.../property/room/picture_library',6),(257,'Kids',3,'TV','29.8','.../property/room/picture_library',195),(258,'Large',3,'Bed & Sofa','21.0','.../property/room/picture_library',163),(259,'Master',1,'Dining Table','35.8','.../property/room/picture_library',157),(260,'Master',3,'Dining Table','14.5','.../property/room/picture_library',137),(261,'Medium',3,'TV','42.2','.../property/room/picture_library',103),(262,'Master',4,'TV','47.3','.../property/room/picture_library',117),(263,'Guest',2,'Dining Table','41.0','.../property/room/picture_library',143),(264,'Medium',5,'Kitchen Equipment','44.7','.../property/room/picture_library',198),(265,'Guest',3,'TV','25.3','.../property/room/picture_library',60),(266,'Master',5,'TV','49.6','.../property/room/picture_library',124),(267,'Kids',5,'Entertainment System','33.3','.../property/room/picture_library',91),(268,'Master',4,'Entertainment System','15.1','.../property/room/picture_library',185),(269,'Best View',4,'Kitchen Equipment','18.9','.../property/room/picture_library',87),(270,'Guest',3,'Couch and Coffee Table','40.6','.../property/room/picture_library',101),(271,'Best View',5,'Dining Table','14.7','.../property/room/picture_library',10),(272,'Medium',3,'Kitchen Equipment','10.4','.../property/room/picture_library',111),(273,'Medium',1,'Entertainment System','31.0','.../property/room/picture_library',174),(274,'Small',3,'TV','23.9','.../property/room/picture_library',70),(275,'Best View',4,'Bed & Sofa','35.6','.../property/room/picture_library',6),(276,'Best View',1,'Bed & Sofa','28.8','.../property/room/picture_library',2),(277,'Master',5,'Entertainment System','44.3','.../property/room/picture_library',16),(278,'Guest',1,'Bed & Sofa','20.6','.../property/room/picture_library',190),(279,'Small',5,'Couch and Coffee Table','30.6','.../property/room/picture_library',123),(280,'Medium',3,'Dining Table','25.7','.../property/room/picture_library',101),(281,'Best View',3,'Couch and Coffee Table','33.7','.../property/room/picture_library',132),(282,'Small',3,'Bed & Sofa','26.3','.../property/room/picture_library',11),(283,'Small',5,'Entertainment System','26.2','.../property/room/picture_library',36),(284,'Master',5,'Dining Table','39.0','.../property/room/picture_library',167),(285,'Small',4,'Dining Table','34.2','.../property/room/picture_library',156),(286,'Large',2,'Entertainment System','45.4','.../property/room/picture_library',53),(287,'Small',2,'Couch and Coffee Table','32.5','.../property/room/picture_library',115),(288,'Kids',2,'Couch and Coffee Table','45.5','.../property/room/picture_library',182),(289,'Large',5,'Dining Table','20.7','.../property/room/picture_library',91),(290,'Kids',4,'TV','12.3','.../property/room/picture_library',88),(291,'Best View',5,'TV','34.0','.../property/room/picture_library',46),(292,'Kids',2,'Dining Table','47.7','.../property/room/picture_library',106),(293,'Medium',3,'Dining Table','38.9','.../property/room/picture_library',46),(294,'Kids',2,'Couch and Coffee Table','44.2','.../property/room/picture_library',176),(295,'Small',2,'Entertainment System','32.9','.../property/room/picture_library',68),(296,'Medium',4,'Bed & Sofa','45.6','.../property/room/picture_library',104),(297,'Guest',5,'Dining Table','40.7','.../property/room/picture_library',64),(298,'Guest',1,'Couch and Coffee Table','39.1','.../property/room/picture_library',116),(299,'Medium',4,'Couch and Coffee Table','35.0','.../property/room/picture_library',140),(300,'Large',3,'Entertainment System','33.5','.../property/room/picture_library',28),(301,'Large',5,'Kitchen Equipment','29.4','.../property/room/picture_library',54),(302,'Medium',2,'Kitchen Equipment','11.8','.../property/room/picture_library',96),(303,'Medium',1,'Entertainment System','41.8','.../property/room/picture_library',139),(304,'Medium',4,'TV','11.8','.../property/room/picture_library',67),(305,'Medium',1,'TV','16.1','.../property/room/picture_library',195),(306,'Kids',5,'Entertainment System','15.1','.../property/room/picture_library',171),(307,'Large',4,'Couch and Coffee Table','37.6','.../property/room/picture_library',138),(308,'Guest',2,'Dining Table','48.3','.../property/room/picture_library',58),(309,'Small',2,'TV','27.3','.../property/room/picture_library',153),(310,'Kids',4,'Kitchen Equipment','10.5','.../property/room/picture_library',32),(311,'Kids',4,'TV','35.1','.../property/room/picture_library',173),(312,'Kids',5,'TV','37.1','.../property/room/picture_library',39),(313,'Small',3,'Kitchen Equipment','17.5','.../property/room/picture_library',56),(314,'Kids',2,'TV','14.0','.../property/room/picture_library',10),(315,'Small',4,'Couch and Coffee Table','20.1','.../property/room/picture_library',17),(316,'Best View',4,'Dining Table','23.3','.../property/room/picture_library',188),(317,'Master',3,'Kitchen Equipment','10.8','.../property/room/picture_library',28),(318,'Kids',4,'TV','18.6','.../property/room/picture_library',179),(319,'Large',3,'Dining Table','45.6','.../property/room/picture_library',16),(320,'Small',3,'Dining Table','17.2','.../property/room/picture_library',174),(321,'Master',1,'Entertainment System','39.1','.../property/room/picture_library',46),(322,'Master',4,'Entertainment System','24.7','.../property/room/picture_library',135),(323,'Master',1,'Kitchen Equipment','19.5','.../property/room/picture_library',103),(324,'Small',3,'Kitchen Equipment','23.4','.../property/room/picture_library',189),(325,'Small',5,'Dining Table','15.3','.../property/room/picture_library',104),(326,'Guest',2,'Entertainment System','17.2','.../property/room/picture_library',182),(327,'Small',5,'TV','43.5','.../property/room/picture_library',145),(328,'Small',2,'Dining Table','13.4','.../property/room/picture_library',127),(329,'Small',3,'Entertainment System','37.6','.../property/room/picture_library',51),(330,'Kids',4,'TV','36.3','.../property/room/picture_library',41),(331,'Large',3,'Kitchen Equipment','39.5','.../property/room/picture_library',121),(332,'Best View',2,'Kitchen Equipment','27.7','.../property/room/picture_library',162),(333,'Guest',4,'TV','23.7','.../property/room/picture_library',137),(334,'Best View',5,'Dining Table','20.3','.../property/room/picture_library',110),(335,'Kids',4,'Couch and Coffee Table','29.0','.../property/room/picture_library',184),(336,'Small',4,'Bed & Sofa','18.3','.../property/room/picture_library',43),(337,'Master',5,'Bed & Sofa','11.5','.../property/room/picture_library',162),(338,'Large',3,'Couch and Coffee Table','13.1','.../property/room/picture_library',191),(339,'Medium',3,'Bed & Sofa','24.3','.../property/room/picture_library',144),(340,'Kids',2,'Entertainment System','32.1','.../property/room/picture_library',59),(341,'Kids',1,'Entertainment System','42.8','.../property/room/picture_library',103),(342,'Kids',4,'Kitchen Equipment','41.3','.../property/room/picture_library',41),(343,'Medium',4,'Bed & Sofa','13.4','.../property/room/picture_library',69),(344,'Medium',2,'Bed & Sofa','37.2','.../property/room/picture_library',102),(345,'Master',2,'Couch and Coffee Table','34.8','.../property/room/picture_library',91),(346,'Large',3,'Dining Table','23.0','.../property/room/picture_library',109),(347,'Master',2,'Couch and Coffee Table','38.7','.../property/room/picture_library',32),(348,'Master',2,'TV','18.6','.../property/room/picture_library',44),(349,'Best View',1,'Couch and Coffee Table','43.5','.../property/room/picture_library',37),(350,'Kids',2,'Entertainment System','34.4','.../property/room/picture_library',9),(351,'Kids',1,'Bed & Sofa','32.5','.../property/room/picture_library',48),(352,'Small',2,'Bed & Sofa','42.8','.../property/room/picture_library',200),(353,'Medium',3,'Bed & Sofa','21.4','.../property/room/picture_library',48),(354,'Large',1,'Couch and Coffee Table','37.6','.../property/room/picture_library',89),(355,'Medium',2,'Bed & Sofa','12.6','.../property/room/picture_library',125),(356,'Master',3,'Entertainment System','19.8','.../property/room/picture_library',136),(357,'Guest',2,'Couch and Coffee Table','27.2','.../property/room/picture_library',147),(358,'Best View',1,'Bed & Sofa','48.6','.../property/room/picture_library',25),(359,'Medium',2,'Entertainment System','13.6','.../property/room/picture_library',120),(360,'Kids',3,'Dining Table','43.7','.../property/room/picture_library',154),(361,'Guest',4,'Couch and Coffee Table','29.8','.../property/room/picture_library',69),(362,'Master',2,'Couch and Coffee Table','13.3','.../property/room/picture_library',39),(363,'Kids',5,'Kitchen Equipment','37.8','.../property/room/picture_library',147),(364,'Medium',5,'Dining Table','43.2','.../property/room/picture_library',64),(365,'Kids',5,'Dining Table','33.7','.../property/room/picture_library',165),(366,'Large',1,'Bed & Sofa','13.7','.../property/room/picture_library',26),(367,'Kids',4,'Bed & Sofa','31.6','.../property/room/picture_library',71),(368,'Small',1,'Bed & Sofa','27.1','.../property/room/picture_library',46),(369,'Best View',3,'Kitchen Equipment','25.5','.../property/room/picture_library',22),(370,'Guest',2,'Dining Table','42.0','.../property/room/picture_library',33),(371,'Small',5,'Kitchen Equipment','28.1','.../property/room/picture_library',36),(372,'Master',2,'Couch and Coffee Table','33.7','.../property/room/picture_library',55),(373,'Master',3,'Bed & Sofa','14.6','.../property/room/picture_library',161),(374,'Kids',3,'Bed & Sofa','12.4','.../property/room/picture_library',21),(375,'Kids',1,'Kitchen Equipment','13.4','.../property/room/picture_library',187),(376,'Large',1,'Bed & Sofa','45.3','.../property/room/picture_library',74),(377,'Kids',5,'Kitchen Equipment','18.6','.../property/room/picture_library',120),(378,'Small',4,'Kitchen Equipment','21.4','.../property/room/picture_library',99),(379,'Medium',1,'Kitchen Equipment','17.0','.../property/room/picture_library',102),(380,'Master',4,'TV','41.5','.../property/room/picture_library',147),(381,'Best View',2,'Entertainment System','48.4','.../property/room/picture_library',152),(382,'Master',3,'Kitchen Equipment','49.6','.../property/room/picture_library',182),(383,'Master',2,'Couch and Coffee Table','24.2','.../property/room/picture_library',145),(384,'Kids',1,'Bed & Sofa','48.7','.../property/room/picture_library',73),(385,'Large',1,'Bed & Sofa','20.4','.../property/room/picture_library',10),(386,'Kids',4,'Kitchen Equipment','44.7','.../property/room/picture_library',169),(387,'Kids',5,'TV','49.9','.../property/room/picture_library',32),(388,'Kids',4,'Kitchen Equipment','34.5','.../property/room/picture_library',156),(389,'Medium',1,'TV','38.3','.../property/room/picture_library',126),(390,'Medium',5,'TV','16.7','.../property/room/picture_library',95),(391,'Kids',1,'Entertainment System','11.9','.../property/room/picture_library',151),(392,'Best View',4,'Bed & Sofa','43.4','.../property/room/picture_library',181),(393,'Large',4,'TV','40.1','.../property/room/picture_library',36),(394,'Large',1,'TV','50.0','.../property/room/picture_library',125),(395,'Small',5,'Kitchen Equipment','20.3','.../property/room/picture_library',138),(396,'Guest',4,'TV','34.2','.../property/room/picture_library',190),(397,'Medium',4,'TV','39.9','.../property/room/picture_library',191),(398,'Best View',2,'Kitchen Equipment','40.5','.../property/room/picture_library',105),(399,'Small',1,'Dining Table','47.3','.../property/room/picture_library',143),(400,'Best View',5,'Couch and Coffee Table','18.4','.../property/room/picture_library',121),(401,'Large',5,'Couch and Coffee Table','24.3','.../property/room/picture_library',191),(402,'Medium',1,'Bed & Sofa','31.1','.../property/room/picture_library',192),(403,'Small',4,'Couch and Coffee Table','46.7','.../property/room/picture_library',109),(404,'Medium',5,'Couch and Coffee Table','25.1','.../property/room/picture_library',79),(405,'Master',1,'TV','33.6','.../property/room/picture_library',162),(406,'Guest',3,'Dining Table','20.8','.../property/room/picture_library',193),(407,'Kids',2,'Dining Table','12.9','.../property/room/picture_library',172),(408,'Best View',5,'Couch and Coffee Table','14.6','.../property/room/picture_library',198),(409,'Master',2,'Couch and Coffee Table','42.1','.../property/room/picture_library',4),(410,'Small',3,'TV','15.4','.../property/room/picture_library',93),(411,'Kids',3,'Entertainment System','29.8','.../property/room/picture_library',50),(412,'Kids',5,'TV','48.4','.../property/room/picture_library',8),(413,'Master',5,'TV','39.5','.../property/room/picture_library',139),(414,'Large',5,'Kitchen Equipment','20.2','.../property/room/picture_library',103),(415,'Kids',4,'Kitchen Equipment','47.8','.../property/room/picture_library',195),(416,'Large',2,'TV','46.8','.../property/room/picture_library',85),(417,'Guest',4,'Bed & Sofa','45.9','.../property/room/picture_library',175),(418,'Kids',5,'Couch and Coffee Table','42.7','.../property/room/picture_library',37),(419,'Guest',3,'TV','39.4','.../property/room/picture_library',95),(420,'Kids',3,'Bed & Sofa','44.9','.../property/room/picture_library',67),(421,'Best View',3,'Couch and Coffee Table','40.5','.../property/room/picture_library',92),(422,'Small',3,'Bed & Sofa','34.8','.../property/room/picture_library',166),(423,'Large',5,'Bed & Sofa','43.7','.../property/room/picture_library',95),(424,'Guest',4,'Kitchen Equipment','24.0','.../property/room/picture_library',130),(425,'Small',2,'Bed & Sofa','14.8','.../property/room/picture_library',102),(426,'Small',2,'Entertainment System','37.5','.../property/room/picture_library',77),(427,'Best View',4,'Entertainment System','26.0','.../property/room/picture_library',180),(428,'Guest',3,'Dining Table','26.2','.../property/room/picture_library',121),(429,'Master',5,'Kitchen Equipment','16.3','.../property/room/picture_library',113),(430,'Master',5,'Couch and Coffee Table','11.8','.../property/room/picture_library',21),(431,'Best View',4,'TV','49.9','.../property/room/picture_library',126),(432,'Medium',1,'Kitchen Equipment','14.3','.../property/room/picture_library',127),(433,'Kids',4,'Entertainment System','25.8','.../property/room/picture_library',32),(434,'Guest',3,'Entertainment System','10.3','.../property/room/picture_library',188),(435,'Medium',5,'Dining Table','22.9','.../property/room/picture_library',154),(436,'Master',3,'Entertainment System','35.9','.../property/room/picture_library',48),(437,'Master',2,'Entertainment System','31.6','.../property/room/picture_library',131),(438,'Best View',4,'Entertainment System','27.5','.../property/room/picture_library',187),(439,'Kids',1,'TV','10.1','.../property/room/picture_library',192),(440,'Medium',3,'Couch and Coffee Table','48.6','.../property/room/picture_library',146),(441,'Guest',4,'Dining Table','24.4','.../property/room/picture_library',114),(442,'Best View',5,'Couch and Coffee Table','13.2','.../property/room/picture_library',33),(443,'Large',2,'Dining Table','46.2','.../property/room/picture_library',15),(444,'Medium',2,'TV','31.3','.../property/room/picture_library',76),(445,'Guest',1,'Kitchen Equipment','44.0','.../property/room/picture_library',142),(446,'Best View',3,'Bed & Sofa','47.9','.../property/room/picture_library',14),(447,'Kids',5,'Bed & Sofa','44.5','.../property/room/picture_library',72),(448,'Small',3,'Bed & Sofa','43.7','.../property/room/picture_library',196),(449,'Kids',2,'Couch and Coffee Table','33.5','.../property/room/picture_library',79),(450,'Master',4,'Entertainment System','38.0','.../property/room/picture_library',69),(451,'Large',3,'Couch and Coffee Table','23.7','.../property/room/picture_library',36),(452,'Large',3,'Entertainment System','47.4','.../property/room/picture_library',66),(453,'Small',1,'TV','35.8','.../property/room/picture_library',181),(454,'Medium',5,'TV','34.0','.../property/room/picture_library',168),(455,'Master',3,'TV','11.7','.../property/room/picture_library',194),(456,'Small',4,'Kitchen Equipment','24.6','.../property/room/picture_library',132),(457,'Small',5,'Kitchen Equipment','25.7','.../property/room/picture_library',91),(458,'Medium',5,'Entertainment System','33.6','.../property/room/picture_library',40),(459,'Kids',5,'Entertainment System','23.3','.../property/room/picture_library',48),(460,'Best View',1,'Bed & Sofa','12.1','.../property/room/picture_library',98),(461,'Large',5,'TV','31.0','.../property/room/picture_library',27),(462,'Best View',2,'Bed & Sofa','32.0','.../property/room/picture_library',35),(463,'Best View',1,'Entertainment System','42.5','.../property/room/picture_library',57),(464,'Large',1,'Kitchen Equipment','19.9','.../property/room/picture_library',77),(465,'Small',5,'TV','14.0','.../property/room/picture_library',179),(466,'Kids',5,'Kitchen Equipment','33.6','.../property/room/picture_library',130),(467,'Master',4,'Bed & Sofa','42.4','.../property/room/picture_library',104),(468,'Master',2,'Entertainment System','12.4','.../property/room/picture_library',166),(469,'Medium',1,'Dining Table','15.3','.../property/room/picture_library',176),(470,'Master',4,'TV','16.8','.../property/room/picture_library',113),(471,'Large',3,'Couch and Coffee Table','49.5','.../property/room/picture_library',75),(472,'Small',3,'Dining Table','38.6','.../property/room/picture_library',176),(473,'Kids',4,'Kitchen Equipment','42.6','.../property/room/picture_library',82),(474,'Medium',4,'Couch and Coffee Table','41.4','.../property/room/picture_library',168),(475,'Small',4,'TV','43.3','.../property/room/picture_library',9),(476,'Small',1,'Couch and Coffee Table','46.8','.../property/room/picture_library',100),(477,'Guest',1,'Dining Table','29.7','.../property/room/picture_library',19),(478,'Guest',2,'Dining Table','11.1','.../property/room/picture_library',70),(479,'Master',2,'Couch and Coffee Table','25.8','.../property/room/picture_library',152),(480,'Guest',5,'Bed & Sofa','47.8','.../property/room/picture_library',118),(481,'Best View',1,'Dining Table','19.3','.../property/room/picture_library',88),(482,'Best View',2,'Kitchen Equipment','29.3','.../property/room/picture_library',43),(483,'Medium',1,'TV','21.9','.../property/room/picture_library',84),(484,'Master',1,'Dining Table','35.3','.../property/room/picture_library',86),(485,'Master',1,'Bed & Sofa','46.0','.../property/room/picture_library',22),(486,'Master',4,'TV','39.2','.../property/room/picture_library',64),(487,'Master',5,'Dining Table','49.0','.../property/room/picture_library',8),(488,'Small',3,'Couch and Coffee Table','47.4','.../property/room/picture_library',19),(489,'Guest',3,'Kitchen Equipment','47.2','.../property/room/picture_library',91),(490,'Medium',4,'TV','41.3','.../property/room/picture_library',178),(491,'Small',2,'Couch and Coffee Table','36.3','.../property/room/picture_library',29),(492,'Guest',2,'Couch and Coffee Table','43.8','.../property/room/picture_library',70),(493,'Small',3,'TV','42.2','.../property/room/picture_library',95),(494,'Kids',3,'Dining Table','49.1','.../property/room/picture_library',42),(495,'Master',2,'Entertainment System','25.5','.../property/room/picture_library',90),(496,'Small',4,'TV','16.1','.../property/room/picture_library',2),(497,'Large',5,'Kitchen Equipment','19.1','.../property/room/picture_library',88),(498,'Medium',1,'Couch and Coffee Table','20.4','.../property/room/picture_library',73),(499,'Kids',2,'Kitchen Equipment','32.9','.../property/room/picture_library',85),(500,'Master',2,'TV','24.1','.../property/room/picture_library',39);
/*!40000 ALTER TABLE `room` ENABLE KEYS */;
UNLOCK TABLES;

--
-- Table structure for table `users`
--

DROP TABLE IF EXISTS `users`;
/*!40101 SET @saved_cs_client     = @@character_set_client */;
/*!50503 SET character_set_client = utf8mb4 */;
CREATE TABLE `users` (
  `user_ID` int NOT NULL,
  `email` varchar(60) DEFAULT NULL,
  `pass` varchar(255) DEFAULT NULL,
  `last_name` varchar(50) DEFAULT NULL,
  `first_name` varchar(50) DEFAULT NULL,
  `date_registered` date DEFAULT NULL,
  `user_type` varchar(10) DEFAULT NULL,
  `DoB` date DEFAULT NULL,
  `phone_number` varchar(15) DEFAULT NULL,
  `user_status` int DEFAULT NULL,
  PRIMARY KEY (`user_ID`)
) ENGINE=InnoDB DEFAULT CHARSET=utf8mb4 COLLATE=utf8mb4_0900_ai_ci;
/*!40101 SET character_set_client = @saved_cs_client */;

--
-- Dumping data for table `users`
--

LOCK TABLES `users` WRITE;
/*!40000 ALTER TABLE `users` DISABLE KEYS */;
INSERT INTO `users` VALUES (1,'wmarkey0@hatena.ne.jp','AsWbpXcBuVn','Markey','Wait','2020-01-01','VIP','1990-08-01','479-541-9740',2),(2,'gdurbridge1@google.fr','H4AZRPv','Durbridge','Grissel','2021-05-12','Normal','1934-03-14','419-103-6251',2),(3,'bproschke2@jugem.jp','g9H4bR55p55','Proschke','Blanca','2023-01-03','VIP','1939-08-15','864-760-3526',1),(4,'qkirwan3@dion.ne.jp','Qr1UDsC','Kirwan','Quentin','2019-05-01','VIP','1937-06-21','216-855-1310',3),(5,'mbaldery4@examiner.com','veVpdda8','Baldery','Mariana','2021-09-02','Employee','1952-08-20','307-767-3391',2),(6,'dsentinella5@adobe.com','sucGuyYd','Sentinella','Denver','2022-03-05','VIP','1999-04-27','400-605-1554',4),(7,'adenziloe6@flickr.com','PG7mbL0T','Denziloe','Arline','2021-10-11','Normal','1947-12-20','845-222-7779',4),(8,'haucock7@seesaa.net','AelNLlI9r9','Aucock','Horst','2019-06-05','VIP','1946-10-11','294-923-6646',1),(9,'cmulvagh8@moonfruit.com','kNSNd0WuH','Mulvagh','Case','2019-05-24','Employee','1933-04-18','270-784-8261',2),(10,'dglendza9@wikipedia.org','NDvDs0E2nS','Glendza','Donnie','2020-09-20','Normal','1970-08-18','802-398-7092',2),(11,'hmanharea@goo.gl','meR1yuA0qp','Manhare','Horten','2020-12-24','Employee','1944-03-21','393-399-1569',1),(12,'mpottingerb@usnews.com','TXc2vZt','Pottinger','Madella','2020-10-07','Normal','1937-02-08','626-917-1636',4),(13,'rsalvadoric@fotki.com','QseM0P','Salvadori','Rosalie','2021-08-15','Employee','1978-07-04','972-575-0947',3),(14,'hheinled@163.com','XJPehr6f2UxK','Heinle','Hetty','2022-09-13','Normal','1910-01-31','838-725-0608',1),(15,'rrogere@cnn.com','EqwajKoTio','Roger','Rosalinde','2021-05-14','Normal','1956-04-18','742-586-1981',3),(16,'agillionf@indiegogo.com','dboRuDCiuR','Gillion','Arlen','2022-10-23','VIP','1928-10-10','355-792-1786',3),(17,'jdeackesg@stumbleupon.com','Ycpcmpo','Deackes','Jilly','2021-05-23','Normal','1973-11-17','951-651-1286',2),(18,'tpahlh@webmd.com','s5iOPW','Pahl','Tommy','2022-09-08','Normal','1950-09-14','975-212-5315',4),(19,'rwillfordi@spotify.com','RIkQH3Dc','Willford','Russell','2020-06-08','Employee','2006-01-22','326-777-7389',3),(20,'jtorrancej@tinypic.com','K8AKFXPoD2kl','Torrance','Janaya','2021-09-18','VIP','1968-07-21','763-387-7512',3),(21,'nscallyk@prweb.com','vT4GSPUn','Scally','Nathanil','2019-10-28','Normal','1942-12-23','232-238-0938',3),(22,'mgransdenl@pen.io','kYTnP80fkows','Gransden','Micheline','2020-12-10','Normal','1969-12-24','819-362-2544',2),(23,'phalledem@arstechnica.com','6CeNX8XHX1','Hallede','Patten','2023-01-11','Normal','1939-10-17','227-497-7226',3),(24,'cshildraken@csmonitor.com','4nViEFFH','Shildrake','Caddric','2022-12-24','Normal','1954-10-25','868-846-9159',3),(25,'dkiesselo@twitpic.com','R2rUXbuBkPF','Kiessel','Dara','2021-09-11','Employee','1964-05-15','739-716-5934',3),(26,'vbreesep@tiny.cc','Iugrxi','Breese','Verine','2020-08-04','Employee','1944-11-23','565-760-0209',1),(27,'ashailerq@shinystat.com','HMtXreiWyj','Shailer','Allegra','2021-04-18','Normal','1923-12-15','183-843-9468',2),(28,'vedgerlyr@engadget.com','QVNlB5SXC','Edgerly','Vincent','2021-06-23','Normal','1997-10-17','219-321-1265',3),(29,'hmuglestones@amazon.co.jp','md0ywl','Muglestone','Hersch','2023-01-11','Employee','1982-07-23','721-147-1494',2),(30,'begaltont@eventbrite.com','MF1yZEpj7t','Egalton','Brinna','2022-03-10','VIP','1903-06-12','374-208-5553',4),(31,'eschusterlu@istockphoto.com','v0lnoVFT','Schusterl','Elfrieda','2020-10-25','Employee','1957-07-29','274-241-9718',4),(32,'ebarribalv@diigo.com','PcqPUGcJuwjq','Barribal','Edmon','2021-11-25','Normal','1924-12-30','209-678-7928',3),(33,'nsilversw@wordpress.com','0EYhQy9X','Silvers','Norene','2022-03-05','Employee','1937-12-26','960-127-8003',2),(34,'cbarmbyx@unc.edu','d6ARs1vc','Barmby','Caroljean','2020-07-30','Normal','2001-01-05','725-255-9088',4),(35,'dalbissery@blogs.com','6XYZcR68','Albisser','Drusi','2021-12-23','Normal','1927-12-03','778-793-7357',4),(36,'nbloyz@de.vu','DZiJvs866','Bloy','Nil','2020-07-19','Employee','1995-04-02','359-718-4496',3),(37,'gbesemer10@netlog.com','HoinROn7Bz','Besemer','Galven','2021-07-23','VIP','1971-04-18','481-363-2072',4),(38,'mbartlomiej11@foxnews.com','NyUDOdy','Bartlomiej','Moyra','2019-12-22','VIP','1922-09-24','582-125-4197',1),(39,'lathridge12@skyrock.com','sj6uPsImML','Athridge','Lucky','2021-04-01','Normal','1985-07-18','835-883-7990',3),(40,'jlarham13@spotify.com','Sku3DUP3D','Larham','Jacobo','2019-12-22','Normal','1977-08-11','280-152-5157',3),(41,'ltowll14@imdb.com','g6BqewxwXB','Towll','Loralie','2022-05-05','Employee','1959-01-21','987-911-6711',2),(42,'bsollime15@howstuffworks.com','EdIN3lkVuv','Sollime','Berrie','2022-08-13','Normal','1981-08-15','275-899-1685',1),(43,'mroughley16@surveymonkey.com','6I8QCynq','Roughley','Mano','2019-09-10','Employee','1984-08-14','253-319-1990',4),(44,'npischoff17@creativecommons.org','Ft0ijK3z','Pischoff','Noby','2023-01-04','VIP','1990-04-30','259-783-8363',4),(45,'nbisatt18@opensource.org','cL9Ohvwl','Bisatt','Noelyn','2020-02-26','Normal','1979-02-26','756-592-1298',1),(46,'ldommersen19@amazon.co.uk','kHLuhC3i6','Dommersen','Loy','2021-09-13','VIP','1997-04-30','624-361-2953',4),(47,'ssupple1a@zimbio.com','B5wzGf12FOa','Supple','Shelley','2022-03-30','VIP','1923-08-28','341-706-5425',1),(48,'gmacane1b@ucoz.com','9PIilt4','MacAne','Gaylord','2021-04-17','Employee','1952-07-17','649-180-5763',4),(49,'ltimbrell1c@mozilla.com','DqTfOS','Timbrell','Lorne','2021-03-23','Normal','1929-05-20','866-719-9522',2),(50,'vcoburn1d@skype.com','jLlbk4h1DBL','Coburn','Verene','2021-03-03','Employee','1940-02-23','870-776-6376',4),(51,'hbleackly1e@apache.org','FPjhVzROk07','Bleackly','Haleigh','2022-12-11','Normal','1908-11-01','329-562-6392',4),(52,'gabbate1f@rambler.ru','tF4pgIQ1','Abbate','Griselda','2021-12-10','VIP','1991-08-17','333-384-0585',3),(53,'pgonnard1g@mtv.com','s7OOXAC','Gonnard','Paul','2021-07-18','Employee','1995-08-09','579-585-0062',3),(54,'mstokoe1h@networkadvertising.org','SJ5v45Gcm2T','Stokoe','Misty','2019-12-02','Normal','1908-10-26','232-593-6366',4),(55,'jcabrara1i@quantcast.com','mtZJmt3Uv','Cabrara','Johnathon','2022-12-16','Normal','1928-11-12','202-547-2924',4),(56,'kmowbury1j@altervista.org','lSwFxu8Fu','Mowbury','Kelcey','2020-10-26','Employee','1905-01-21','762-509-6334',4),(57,'kspelman1k@foxnews.com','0OywiC','Spelman','Kerry','2019-10-27','Employee','1982-01-23','639-694-4533',2),(58,'smickleborough1l@auda.org.au','KG8k8q','Mickleborough','Sibby','2020-01-25','Employee','1997-03-22','273-166-0969',1),(59,'vlilburn1m@about.me','pZxq6dY','Lilburn','Vonni','2020-04-25','Employee','1988-10-07','375-107-9198',2),(60,'dpashbee1n@list-manage.com','FlriVwBcQz9','Pashbee','Donalt','2021-03-26','VIP','1927-09-04','264-244-9242',4),(61,'losborne1o@mysql.com','UXwOrc','Osborne','Layla','2019-09-03','Normal','1953-10-17','502-725-2363',4),(62,'loveral1p@latimes.com','zRYsGY7vzU','Overal','Lorrin','2020-04-03','Employee','1901-09-26','990-348-8077',4),(63,'omould1q@instagram.com','oxveqi8Ef','Mould','Ollie','2022-09-07','Normal','1933-11-26','466-552-9345',4),(64,'morsman1r@studiopress.com','Z445NkF','Orsman','Mar','2021-09-01','Normal','1913-06-04','834-274-9092',2),(65,'wbriiginshaw1s@lulu.com','7o7V4y','Briiginshaw','Windy','2020-10-13','Normal','1943-02-27','638-968-5272',3),(66,'cattkins1t@hc360.com','EibItysd','Attkins','Cobbie','2020-06-09','Normal','1938-02-02','937-812-9150',4),(67,'rmithon1u@economist.com','PDstDfTE','Mithon','Ranice','2022-10-16','Employee','1968-06-03','816-188-6968',2),(68,'fwillgrass1v@blinklist.com','X0v5I0h1WN','Willgrass','Felisha','2019-09-07','VIP','1902-08-30','745-905-3417',3),(69,'beaster1w@engadget.com','uOVm3rj7ek','Easter','Bradly','2020-12-16','VIP','1918-02-09','936-299-9580',1),(70,'mnetherclift1x@biblegateway.com','wRk7Kq','Netherclift','Meredith','2021-02-16','VIP','2003-04-01','726-711-1056',4),(71,'hrottery1y@census.gov','e52VTHgmXOnZ','Rottery','Henrie','2019-10-11','Normal','1905-06-06','418-370-6735',2),(72,'ddevonald1z@csmonitor.com','63SIbViJlY','Devonald','Dotti','2021-05-31','Employee','2001-08-06','634-187-6120',2),(73,'njoannidi20@bandcamp.com','rHyl959','Joannidi','Natale','2019-06-02','Employee','1939-06-13','518-557-5892',3),(74,'poscannill21@wikispaces.com','WQAdtFu','O\'Scannill','Pablo','2022-04-28','VIP','1954-07-10','790-919-9919',3),(75,'smerrgan22@dagondesign.com','Dj19KQOcWO','Merrgan','Sawyer','2021-06-28','VIP','1959-03-18','953-214-2621',3),(76,'sorman23@virginia.edu','NeKBeUzFV','Orman','Selene','2022-02-13','VIP','2002-03-07','566-357-3243',4),(77,'vsharer24@mozilla.org','sc7KBic8','Sharer','Valentine','2019-05-13','Employee','2002-02-14','158-671-2941',1),(78,'cpavlitschek25@g.co','BaOMB0wn','Pavlitschek','Crin','2020-11-29','Employee','1937-01-21','764-531-2820',4),(79,'skiezler26@loc.gov','CONU84iYsqqH','Kiezler','Shela','2023-02-06','Normal','2003-05-27','518-111-7282',1),(80,'eobradain27@washington.edu','bxqyNny9','O\'Bradain','Ekaterina','2022-10-03','Normal','1959-06-21','430-211-0733',2),(81,'bgunningham28@state.gov','lzlj99jo','Gunningham','Bartholomeus','2021-04-28','Normal','1977-09-02','544-610-6675',1),(82,'itoth29@fotki.com','JqmWy96g','Toth','Ira','2019-10-11','Employee','1986-11-21','569-992-1493',4),(83,'gjosse2a@miitbeian.gov.cn','BimeYEFh','Josse','Gael','2023-02-05','VIP','1920-11-24','848-364-2356',4),(84,'sroloff2b@cornell.edu','8sHJJv05','Roloff','Stefanie','2022-01-23','Normal','1917-02-20','250-360-5770',4),(85,'gfayerbrother2c@dropbox.com','fahFJRzmdbd','Fayerbrother','Gerald','2020-04-01','Normal','1953-11-25','533-249-0384',4),(86,'mbareford2d@twitter.com','0qJcx6mq','Bareford','Melvin','2021-08-31','VIP','1993-06-04','645-123-3972',1),(87,'hkaret2e@ocn.ne.jp','I69LO0WNd19','Karet','Halley','2022-10-06','Normal','1991-04-15','588-571-0388',1),(88,'aohickee2f@feedburner.com','rAPat4QAyVV','O\'Hickee','Amandie','2019-08-26','Normal','1979-07-09','316-431-8866',3),(89,'alaborde2g@whitehouse.gov','nwJuuiJw','Laborde','Ava','2021-01-24','Normal','1922-02-23','335-346-5716',4),(90,'lsimants2h@weather.com','AvH9nO3ceESF','Simants','Lyndsie','2022-09-08','Normal','1964-12-28','419-531-2477',2),(91,'ktimbs2i@ning.com','Wl6UqN','Timbs','Kirsti','2022-12-27','Normal','1987-01-08','937-955-3365',2),(92,'mdikelin2j@usa.gov','Aj8rPtOmjUka','Dikelin','Micaela','2023-02-07','Normal','1923-09-03','320-552-9691',2),(93,'mlufkin2k@hc360.com','YKsJ776tT','Lufkin','Myrilla','2022-07-20','Employee','1970-02-05','314-837-7693',3),(94,'dshoosmith2l@prlog.org','VjO3Rl','Shoosmith','Derward','2023-02-04','Normal','1923-09-09','254-532-3810',4),(95,'othiem2m@bing.com','LzWFLiL','Thiem','Obediah','2020-08-10','Employee','1942-01-16','913-608-2150',4),(96,'tamaya2n@tumblr.com','bZ9DgIxt1SJ','Amaya','Tammie','2022-01-01','Employee','1960-09-22','132-337-7466',4),(97,'ojakubovitch2o@jiathis.com','I3KQWr9','Jakubovitch','Opal','2021-01-09','Normal','1974-02-06','682-195-2313',2),(98,'jlinck2p@pen.io','TYCzijt','Linck','Jade','2021-08-05','VIP','1945-05-28','746-412-6416',4),(99,'gygou2q@blogger.com','MJi1DmgCMrrC','Ygou','Gilli','2021-04-22','Normal','1969-01-07','502-597-3990',1),(100,'cklamp2r@themeforest.net','2bzoNFqLq','Klamp','Clo','2022-09-27','Employee','1967-02-13','391-120-8609',2),(1001,'asd','asdzxc','456','moazzam',NULL,NULL,NULL,NULL,NULL),(1002,'moazzam@email.no','123456','Ali','Muhammad',NULL,NULL,NULL,NULL,NULL),(1003,'ali@email.no','123456','Ali','Moazzam',NULL,NULL,NULL,NULL,NULL),(1004,'qwfeb','qwfedvgb','wqefdb','qwefdb',NULL,NULL,NULL,NULL,NULL);
/*!40000 ALTER TABLE `users` ENABLE KEYS */;
UNLOCK TABLES;
/*!40103 SET TIME_ZONE=@OLD_TIME_ZONE */;

/*!40101 SET SQL_MODE=@OLD_SQL_MODE */;
/*!40014 SET FOREIGN_KEY_CHECKS=@OLD_FOREIGN_KEY_CHECKS */;
/*!40014 SET UNIQUE_CHECKS=@OLD_UNIQUE_CHECKS */;
/*!40101 SET CHARACTER_SET_CLIENT=@OLD_CHARACTER_SET_CLIENT */;
/*!40101 SET CHARACTER_SET_RESULTS=@OLD_CHARACTER_SET_RESULTS */;
/*!40101 SET COLLATION_CONNECTION=@OLD_COLLATION_CONNECTION */;
/*!40111 SET SQL_NOTES=@OLD_SQL_NOTES */;

-- Dump completed on 2023-05-11 21:51:10
